PG.Pvalue	PG.PEP	PG.ProteinGroups	PG.ProteinAccessions	PG.Genes	PG.Organisms	PG.ProteinDescriptions	PG.NrOfStrippedSequencesIdentified (Experiment-wide)	PG.NrOfPrecursorsIdentified (Experiment-wide)	PG.CellularComponent	PG.BiologicalProcess	PG.MolecularFunction	PG.Completeness	PG.CV	PG.AvgLog2Quantity	[1] Horse_urine_U10_160924_STRAP_250ng_21min_85vw_121225_1.wiff.PG.Quantity	[2] Horse_urine_U9_130625-2_STRAP_250ng_21min_85vw_121225_1.wiff.PG.Quantity	[3] Horse_urine_U8_160525_STRAP_250ng_21min_85vw_121225_1.wiff.PG.Quantity	[4] Horse_urine_U7_080824_STRAP_250ng_21min_85vw_121225_1.wiff.PG.Quantity	[5] Horse_urine_U6_170724-2_STRAP_250ng_21min_85vw_121225_1.wiff.PG.Quantity	[6] Horse_urine_U5_STRAP_250ng_21min_85vw_121225_1.wiff.PG.Quantity	[7] Horse_urine_U4_STRAP_250ng_21min_85vw_121225_1.wiff.PG.Quantity	[8] Horse_urine_U3_STRAP_250ng_21min_85vw_121225_1.wiff.PG.Quantity	[9] Horse_urine_U2_STRAP_250ng_21min_85vw_121225_1.wiff.PG.Quantity	[10] Horse_urine_U1_STRAP_250ng_21min_85vw_121225_1.wiff.PG.Quantity	[1] Horse_urine_U10_160924_STRAP_250ng_21min_85vw_121225_1.wiff.PG.MS2Quantity	[2] Horse_urine_U9_130625-2_STRAP_250ng_21min_85vw_121225_1.wiff.PG.MS2Quantity	[3] Horse_urine_U8_160525_STRAP_250ng_21min_85vw_121225_1.wiff.PG.MS2Quantity	[4] Horse_urine_U7_080824_STRAP_250ng_21min_85vw_121225_1.wiff.PG.MS2Quantity	[5] Horse_urine_U6_170724-2_STRAP_250ng_21min_85vw_121225_1.wiff.PG.MS2Quantity	[6] Horse_urine_U5_STRAP_250ng_21min_85vw_121225_1.wiff.PG.MS2Quantity	[7] Horse_urine_U4_STRAP_250ng_21min_85vw_121225_1.wiff.PG.MS2Quantity	[8] Horse_urine_U3_STRAP_250ng_21min_85vw_121225_1.wiff.PG.MS2Quantity	[9] Horse_urine_U2_STRAP_250ng_21min_85vw_121225_1.wiff.PG.MS2Quantity	[10] Horse_urine_U1_STRAP_250ng_21min_85vw_121225_1.wiff.PG.MS2Quantity	[1] Horse_urine_U10_160924_STRAP_250ng_21min_85vw_121225_1.wiff.PG.IBAQ	[2] Horse_urine_U9_130625-2_STRAP_250ng_21min_85vw_121225_1.wiff.PG.IBAQ	[3] Horse_urine_U8_160525_STRAP_250ng_21min_85vw_121225_1.wiff.PG.IBAQ	[4] Horse_urine_U7_080824_STRAP_250ng_21min_85vw_121225_1.wiff.PG.IBAQ	[5] Horse_urine_U6_170724-2_STRAP_250ng_21min_85vw_121225_1.wiff.PG.IBAQ	[6] Horse_urine_U5_STRAP_250ng_21min_85vw_121225_1.wiff.PG.IBAQ	[7] Horse_urine_U4_STRAP_250ng_21min_85vw_121225_1.wiff.PG.IBAQ	[8] Horse_urine_U3_STRAP_250ng_21min_85vw_121225_1.wiff.PG.IBAQ	[9] Horse_urine_U2_STRAP_250ng_21min_85vw_121225_1.wiff.PG.IBAQ	[10] Horse_urine_U1_STRAP_250ng_21min_85vw_121225_1.wiff.PG.IBAQ	pct_absence_egs	pct_absence_ctrl	keep_absence
1.6799054982086028e-181	0	A0A061DBP6	A0A061DBP6	VWF	Equus caballus	von Willebrand factor	8	8	extracellular space,extracellular matrix,extracellular region,Weibel-Palade body	cell adhesion,blood coagulation,hemostasis,platelet activation,cell-substrate adhesion	extracellular matrix structural constituent,collagen binding,identical protein binding	80	0.6006726085172394	5.602132988782222	NA	NA	39.4511985778809	16.1145477294922	47.8357925415039	32.1566581726074	52.1637001037598	63.477897644043	74.611930847168	128.28596496582	NA	NA	39.45119857788086	16.114547729492188	47.835792541503906	32.15665817260742	52.163700103759766	63.47789764404297	74.61193084716797	128.2859649658203	NaN	NaN	0.5	0.6	1.6	0.8	1.2	1.3	1.7	3	40	0	TRUE
2.8984125508924545e-178	0	A0A0U5J7L1	A0A0U5J7L1	TNFSF15	Equus caballus	TNF superfamily member 15	2	2	extracellular space,plasma membrane,membrane	immune response,cell surface receptor signaling pathway,positive regulation of I-kappaB kinase/NF-kappaB signaling,positive regulation of extrinsic apoptotic signaling pathway	cytokine activity,tumor necrosis factor receptor binding	80	0.6486885798429364	4.8641051089691905	NA	NA	30.7337856292725	8.07282829284668	24.0129985809326	24.7617607116699	17.1820182800293	56.0353546142578	46.3216018676758	78.6579742431641	NA	NA	30.73378562927246	8.07282829284668	24.012998580932617	24.76176071166992	17.182018280029297	56.03535461425781	46.32160186767578	78.65797424316406	NaN	NaN	3.1	0.4	3.8	1.1	2.5	2.5	4.8	9.5	40	0	TRUE
9.331065272075516e-288	0	A0A2L0PQU5	A0A2L0PQU5	LOC100065387	Equus caballus	Carcinoembryonic antigen-related cell adhesion molecule 1 isoform 4L	4	5	plasma membrane,cell surface	regulation of immune system process,signal transduction	protein tyrosine kinase binding	80	0.5221268138047475	6.316981809443057	NA	NA	65.4314956665039	26.879919052124	45.8398513793945	57.2688751220703	140.790100097656	140.169479370117	137.518325805664	130.270248413086	NA	NA	65.4314956665039	26.879919052124023	45.83985137939453	57.26887512207031	140.79010009765625	140.1694793701172	137.51832580566406	130.27024841308594	NaN	NaN	9.9	2.4	5.3	8.5	20.1	21.2	20.4	18.8	40	0	TRUE
1.9176953498619318e-195	0	A0A3Q2GRV5	A0A3Q2GRV5	PVRIG	Equus caballus	PVR related immunoglobulin domain containing	2	2	plasma membrane	negative regulation of T cell receptor signaling pathway	signaling receptor activity	80	0.6183859115637803	4.271069300771077	NA	NA	12.6954469680786	18.0601997375488	30.9506397247314	5.89258623123169	49.6375694274902	10.4080724716187	26.751091003418	33.4111442565918	NA	NA	12.695446968078612	18.060199737548828	30.950639724731445	5.8925862312316895	49.637569427490234	10.408072471618652	26.75109100341797	33.4111442565918	NaN	NaN	1.2	0.6	2.7	0.3	4.5	1	2.3	3.1	40	0	TRUE
0	0	A0A3Q2GSE1	A0A3Q2GSE1	LTBP4	Equus caballus	Latent transforming growth factor beta binding protein 4	16	22	extracellular region,extracellular matrix,microfibril	NA	extracellular matrix structural constituent,calcium ion binding,growth factor binding,transforming growth factor beta binding	90	0.5103778004051546	7.590958644433602	63.5586395263672	NA	218.28450012207	81.4990386962891	207.067626953125	147.587127685547	278.767913818359	397.531158447266	269.342529296875	356.883666992188	63.55863952636719	NA	218.2845001220703	81.49903869628906	207.067626953125	147.58712768554688	278.7679138183594	397.5311584472656	269.342529296875	356.8836669921875	3.8	NaN	14.8	4.9	14.9	10.4	19.1	28.6	16.5	27.1	20	0	TRUE
8.06110015366073e-293	0	A0A3Q2GTN6	A0A3Q2GTN6	HSPB1	Equus caballus	Heat shock protein beta-1	5	5	cornified envelope,nucleus,cytoplasm,spindle,cytosol,plasma membrane,Z disc,contractile fiber,axon cytoplasm	protein folding,response to heat,response to virus,positive regulation of interleukin-1 beta production,positive regulation of tumor necrosis factor production,intracellular signal transduction,cellular response to vascular endothelial growth factor stimulus,protein refolding,negative regulation of apoptotic process,regulation of I-kappaB kinase/NF-kappaB signaling,positive regulation of blood vessel endothelial cell migration,positive regulation of angiogenesis,vascular endothelial growth factor receptor signaling pathway,intestinal epithelial structure maintenance,negative regulation of protein kinase C signaling,anterograde axonal protein transport,negative regulation of oxidative stress-induced intrinsic apoptotic signaling pathway,positive regulation of endothelial cell chemotaxis	protein kinase C binding,protein kinase C inhibitor activity,protein kinase binding,identical protein binding,protein homodimerization activity,protein binding involved in protein folding,unfolded protein binding,RNA polymerase II sequence-specific DNA binding transcription factor binding	90	0.7544898037859203	5.014258935206014	NA	26.4553108215332	23.1950130462646	92.985221862793	89.6658706665039	57.3060836791992	14.4401035308838	43.6817970275879	12.9251003265381	16.0889263153076	NA	26.455310821533203	23.19501304626465	92.98522186279295	89.6658706665039	57.30608367919922	14.440103530883787	43.68179702758789	12.925100326538086	16.088926315307617	NaN	1.9	4.7	26.7	20.2	17.8	2.7	14.2	1.6	1.9	20	0	TRUE
0	0	A0A3Q2GTT0	A0A3Q2GTT0	NA	Equus caballus	Ig-like domain-containing protein	4	5	extracellular region,plasma membrane,immunoglobulin complex	immune system process,immune response	NA	90	1.4536038063271228	6.698222436128071	NA	52.4286689758301	33.9931869506836	61.5692825317383	107.73957824707	304.154235839844	34.5896263122559	212.762725830078	56.7930679321289	934.032836914062	NA	52.42866897583008	33.993186950683594	61.56928253173828	107.73957824707033	304.15423583984375	34.58962631225586	212.76272583007812	56.793067932128906	934.0328369140624	NaN	3.2	11.5	23.9	40.4	77.8	7.7	83.2	22.8	376.7	20	0	TRUE
5.578868202677342e-224	0	A0A3Q2GVR9	A0A3Q2GVR9	BSG	Equus caballus	Basigin	4	4	endoplasmic reticulum membrane,basolateral plasma membrane	NA	mannose binding,carbohydrate binding	80	0.313394195689013	5.17376141936211	NA	NA	24.1511878967285	40.8285026550293	44.4982490539551	29.3312740325928	20.7786026000977	46.9903793334961	54.6529960632324	41.9608192443848	NA	NA	24.151187896728516	40.8285026550293	44.49824905395508	29.331274032592773	20.778602600097656	46.990379333496094	54.65299606323242	41.960819244384766	NaN	NaN	4.4	8.1	11	7.4	7.6	11.6	13.5	12.1	40	0	TRUE
0	0	A0A3Q2GVY8	A0A3Q2GVY8	SELL	Equus caballus	L-selectin	12	17	plasma membrane,membrane	cell adhesion,calcium-dependent cell-cell adhesion via plasma membrane cell adhesion molecules,leukocyte migration	carbohydrate binding,metal ion binding	90	0.7899549153366553	9.972756099258858	463.990051269531	NA	970.083435058594	192.838317871094	952.070068359375	539.850341796875	1817.42468261719	3658.53662109375	1556.94348144531	2261.509765625	463.9900512695313	NA	970.08343505859375	192.83831787109375	952.070068359375	539.850341796875	1817.4246826171875	3658.53662109375	1556.9434814453125	2261.509765625	163.4	NaN	301.8	54.4	301.8	169	584.8	1210.7	520.6	742.5	20	0	TRUE
0	0	A0A3Q2GWT4	A0A3Q2GWT4	CDSN	Equus caballus	Corneodesmosin	2	4	cornified envelope,extracellular region,desmosome	corneocyte desquamation,skin morphogenesis,cell-cell adhesion,Requires Ontology,amyloid fibril formation	protein homodimerization activity	90	0.7141709133754189	7.203006130227164	86.0380935668945	NA	82.0003509521484	40.6054534912109	195.070541381836	127.013343811035	215.804962158203	371.790924072266	134.164916992188	428.308868408203	86.03809356689453	NA	82.00035095214844	40.60545349121094	195.0705413818359	127.01334381103516	215.80496215820312	371.7909240722656	134.1649169921875	428.3088684082031	12.7	NaN	12.6	8.5	26.6	18.7	29.8	56.3	19.2	61.8	20	0	TRUE
0	0	A0A3Q2GX00	A0A3Q2GX00	LOC100061707	Equus caballus	Ig-like domain-containing protein	10	20	external side of plasma membrane,membrane	regulation of cytokine production,T cell receptor signaling pathway	receptor binding	90	0.7471836741715079	7.869026463683552	NA	39.3622932434082	209.532272338867	53.0997009277344	356.015106201172	240.474349975586	351.851806640625	301.765747070312	711.56494140625	736.397277832031	NA	39.3622932434082	209.5322723388672	53.099700927734375	356.0151062011719	240.4743499755859	351.851806640625	301.7657470703125	711.56494140625	736.39727783203125	NaN	11	158.9	41.2	282.5	199.7	271.3	282.3	587.2	599.6	20	0	TRUE
0.00550739162342604	0.03684971109032631	A0A3Q2GXB3	A0A3Q2GXB3	TFPI	Equus caballus	Tissue factor pathway inhibitor	4	5	extracellular region,extracellular space	blood coagulation,hemostasis,cellular response to lipid	serine-type endopeptidase inhibitor activity,peptidase inhibitor activity	60	0.5012660192849944	4.93658943242917	NA	NA	NA	7.68671226501465	21.3784046173096	NA	49.7570915222168	55.7282257080078	40.7855949401855	44.3829383850098	NA	NA	NA	7.686712265014648	21.37840461730957	NA	49.7570915222168	55.72822570800781	40.78559494018555	44.382938385009766	NaN	NaN	NaN	1.2	9	NaN	6.8	7.9	1	10.2	60	20	TRUE
0	0	A0A3Q2GXQ7	A0A3Q2GXQ7	LGALS3	Equus caballus	Galectin	6	8	immunological synapse,extracellular space,nucleus,cytoplasm,extracellular matrix,extracellular region,spliceosomal complex	immune system process,monocyte chemotaxis,mRNA processing,RNA splicing,cell differentiation,neutrophil chemotaxis,innate immune response,negative regulation of endocytosis,eosinophil chemotaxis,macrophage chemotaxis,positive chemotaxis,positive regulation of calcium ion import,negative regulation of extrinsic apoptotic signaling pathway	IgE binding,carbohydrate binding,laminin binding,disaccharide binding	80	0.4507231029634238	6.274223633777888	NA	NA	58.153003692627	153.030471801758	122.398460388184	95.2353744506836	31.3670673370361	78.1702423095703	82.5941772460938	61.298095703125	NA	NA	58.15300369262695	153.0304718017578	122.3984603881836	95.2353744506836	31.367067337036133	78.17024230957031	82.59417724609375	61.298095703125	NaN	NaN	11.6	37.7	32.6	22.8	5.4	17.7	20.1	11.7	40	0	TRUE
0	0	A0A3Q2GXX5	A0A3Q2GXX5	FBLN1	Equus caballus	Fibulin-1	18	28	extracellular region,basement membrane,extracellular space,extracellular matrix,elastic fiber	negative regulation of cell adhesion,extracellular matrix organization,negative regulation of ERK1 and ERK2 cascade,blood coagulation, fibrin clot formation,negative regulation of substrate adhesion-dependent cell spreading,negative regulation of cell motility,negative regulation of stem cell proliferation	fibronectin binding,integrin binding,extracellular matrix structural constituent,calcium ion binding,peptidase activator activity,identical protein binding,macromolecular complex binding,fibrinogen binding	90	0.3459563763737753	8.182528425841323	130.194137573242	NA	267.187377929688	447.549713134766	361.001770019531	284.063537597656	313.603637695312	475.052001953125	240.233154296875	258.077301025391	130.1941375732422	NA	267.1873779296875	447.5497131347656	361.0017700195313	284.06353759765625	313.6036376953125	475.052001953125	240.233154296875	258.0773010253906	10.9	NaN	42.4	101.7	74.1	45.7	41.7	112.8	38.7	47.1	20	0	TRUE
0	0	A0A3Q2GY34;A0A3Q2H2G7	A0A3Q2GY34;A0A3Q2H2G7	LOC100059308;	Equus caballus	Pepsin A	3	4	;	proteolysis,digestion;proteolysis,digestion	aspartic-type endopeptidase activity,peptidase activity,hydrolase activity;aspartic-type endopeptidase activity,peptidase activity,hydrolase activity	80	1.2524597519160143	7.860363420596614	138.334426879883	115.005187988281	1614.80590820312	504.080047607422	114.398124694824	1195.53430175781	NA	97.9908752441406	49.0012550354004	NA	138.3344268798828	115.00518798828124	1614.805908203125	504.0800476074219	114.39812469482422	1195.5343017578125	NA	97.990875244140625	49.00125503540039	NA	55.8;55.8	45.5;45.5	671.4;671.4	211.1;211.1	47.3;47.3	564.3;564.3	NaN	41.3;41.3	19.5;19.5	NaN	0	40	TRUE
6.484240711765997e-137	0	A0A3Q2GYC1	A0A3Q2GYC1	PTPRM	Equus caballus	protein-tyrosine-phosphatase	3	3	cytoplasm,plasma membrane,cell-cell junction,adherens junction,membrane,lamellipodium,perinuclear region of cytoplasm	negative regulation of endothelial cell proliferation,homophilic cell adhesion via plasma membrane adhesion molecules,signal transduction,response to xenobiotic stimulus,negative regulation of endothelial cell migration,positive regulation of glucose transport,retina layer formation,negative regulation of angiogenesis,neuron projection development,retinal ganglion cell axon guidance	phosphoprotein phosphatase activity,protein tyrosine phosphatase activity,transmembrane receptor protein tyrosine phosphatase activity,hydrolase activity,phosphatase activity,identical protein binding,cadherin binding	60	0.22770392495519667	4.393280071432687	NA	NA	27.1125507354736	NA	NA	20.2496814727783	19.9885349273682	14.4988975524902	27.2235221862793	19.879508972168	NA	NA	27.112550735473633	NA	NA	20.24968147277832	19.988534927368164	14.498897552490234	27.223522186279297	19.87950897216797	NaN	NaN	0.8	NaN	NaN	0.8	0.6	0.4	0.8	0.5	80	0	TRUE
0	0	A0A3Q2GZB6	A0A3Q2GZB6	CTSZ	Equus caballus	cathepsin X	12	17	NA	proteolysis	peptidase activity,cysteine-type peptidase activity,hydrolase activity,cysteine-type carboxypeptidase activity	80	0.549197576905331	6.453903947569831	NA	NA	85.8802490234375	214.686492919922	76.8298645019531	131.894088745117	88.0943298339844	50.883472442627	75.4233932495117	55.2160377502441	NA	NA	85.8802490234375	214.68649291992188	76.829864501953125	131.8940887451172	88.094329833984375	50.88347244262695	75.42339324951172	55.21603775024414	NaN	NaN	33.6	94.5	23.4	56.7	33.5	20.1	31	22.4	40	0	TRUE
0	0	A0A3Q2H0R5	A0A3Q2H0R5	HAMP	Equus caballus	Hepcidin antimicrobial peptide	2	4	extracellular space,extracellular region	cellular iron ion homeostasis,signal transduction,negative regulation of iron ion transmembrane transport,defense response to bacterium,cation homeostasis,inorganic ion homeostasis	hormone activity	100	1.294132715015502	9.218758107632825	86.7774200439453	46.1518402099609	658.032470703125	795.050354003906	2214.50659179688	346.92236328125	1503.16369628906	343.248107910156	1219.708984375	5566.849609375	86.77742004394531	46.15184020996094	658.032470703125	795.05035400390625	2214.506591796875	346.92236328125	1503.1636962890625	343.24810791015625	1219.708984375	5566.849609375	70.8	24.3	284.8	455.6	1140.2	183.9	1046.3	253.4	649.1	3754.1	0	0	TRUE
1.3340240282730317e-219	0	A0A3Q2H196	A0A3Q2H196	PTGFRN	Equus caballus	Prostaglandin F2 receptor inhibitor	3	3	endoplasmic reticulum membrane,Golgi apparatus	NA	NA	70	0.39680165949669777	5.180374872862437	NA	NA	25.7263031005859	NA	39.694694519043	15.6236295700073	42.2815628051758	51.269229888916	37.8131256103516	63.036979675293	NA	NA	25.726303100585938	NA	39.69469451904297	15.623629570007324	42.28156280517578	51.269229888916016	37.81312561035156	63.03697967529297	NaN	NaN	1.3	NaN	1.3	0.4	1.5	1.6	0.8	2.1	60	0	TRUE
0	0	A0A3Q2H1N1	A0A3Q2H1N1	LOC100056462	Equus caballus	glutathione transferase	8	12	cytosol	glutathione metabolic process,xenobiotic metabolic process	glutathione transferase activity,transferase activity	70	1.4804357704423214	6.5624387456749105	NA	106.812171936035	292.575653076172	51.4765853881836	62.6128807067871	868.636291503906	NA	48.9039268493652	NA	15.7442617416382	NA	106.81217193603516	292.5756530761719	51.476585388183594	62.61288070678711	868.63629150390625	NA	48.903926849365234	NA	15.744261741638184	NaN	28.6	95.8	14.9	18.9	265.3	NaN	14.4	NaN	3.1	20	40	TRUE
0	0	A0A3Q2H2B2	A0A3Q2H2B2	MYLK	Equus caballus	Myosin light chain kinase, smooth muscle	6	7	stress fiber,cytoplasm,lamellipodium,cleavage furrow,plasma membrane,actin cytoskeleton	tonic smooth muscle contraction,positive regulation of cell migration,bleb assembly,positive regulation of calcium ion transport,aorta smooth muscle tissue morphogenesis,cellular hypotonic response,positive regulation of wound healing	nucleotide binding,actin binding,protein kinase activity,protein serine/threonine kinase activity,myosin light chain kinase activity,calmodulin binding,ATP binding,kinase activity,transferase activity,metal ion binding,scaffold protein binding	80	1.6592846681183588	6.332232329911104	86.6849212646484	NA	199.425659179688	48.5342559814453	902.238464355469	115.61646270752	29.5588874816895	34.933048248291	NA	19.6560573577881	86.68492126464844	NA	199.4256591796875	48.53425598144531	902.23846435546875	115.61646270751952	29.558887481689453	34.933048248291016	NA	19.65605735778809	4.6	NaN	8.7	1.2	38.2	2.9	0.5	0.8	NaN	0.4	20	20	TRUE
0	0	A0A3Q2H2E8	A0A3Q2H2E8	SPINT1	Equus caballus	Serine peptidase inhibitor, Kunitz type 1	11	11	plasma membrane,extracellular region,cytoplasm,membrane	epidermis development,extracellular matrix organization,epithelium development	serine-type endopeptidase inhibitor activity,peptidase inhibitor activity	80	0.34218341673661035	5.451665023267496	NA	NA	49.4617881774902	66.5092391967773	31.1053142547607	35.5413360595703	60.0912818908691	55.8327903747559	20.3281669616699	54.2498359680176	NA	NA	49.461788177490234	66.50923919677734	31.105314254760746	35.54133605957031	60.09128189086914	55.83279037475586	20.32816696166992	54.24983596801758	NaN	NaN	5.8	9.3	4	4.6	10	8.8	1.5	6.8	40	0	TRUE
6.093391400659088e-199	0	A0A3Q2H2F5;A0A3Q2H905;A0A3Q2HT77;A0A3Q2IDV7	A0A3Q2H2F5;A0A3Q2H905;A0A3Q2HT77;A0A3Q2IDV7	NA	Equus caballus	protein-tyrosine-phosphatase	4	4	immunological synapse,plasma membrane,ruffle membrane,anchoring junction;immunological synapse,plasma membrane,ruffle membrane,anchoring junction,receptor complex;immunological synapse,plasma membrane,ruffle membrane,anchoring junction;extracellular space,perisynaptic extracellular matrix	positive regulation of cell-matrix adhesion,immune system process,signal transduction,axon guidance,negative regulation of cell proliferation,anatomical structure morphogenesis,negative regulation of platelet-derived growth factor receptor signaling pathway,hemopoiesis,negative regulation of cell migration,positive regulation of immune response,negative regulation of T cell receptor signaling pathway,positive regulation of cellular component organization,positive regulation of intracellular signal transduction;positive regulation of cell-matrix adhesion,immune system process,negative regulation of cell proliferation,anatomical structure morphogenesis,negative regulation of platelet-derived growth factor receptor signaling pathway,hemopoiesis,negative regulation of cell migration,positive regulation of immune response,negative regulation of T cell receptor signaling pathway,positive regulation of cellular component organization,positive regulation of intracellular signal transduction;positive regulation of cell-matrix adhesion,immune system process,signal transduction,axon guidance,negative regulation of cell proliferation,anatomical structure morphogenesis,negative regulation of platelet-derived growth factor receptor signaling pathway,hemopoiesis,negative regulation of cell migration,positive regulation of immune response,negative regulation of T cell receptor signaling pathway,positive regulation of cellular component organization,positive regulation of intracellular signal transduction;regulation of cell adhesion,developmental process	phosphoprotein phosphatase activity,protein tyrosine phosphatase activity,hydrolase activity;phosphoprotein phosphatase activity,protein tyrosine phosphatase activity,hydrolase activity;phosphoprotein phosphatase activity,protein tyrosine phosphatase activity,hydrolase activity;protein tyrosine phosphatase activity	70	0.4997148358339972	4.760111430593524	NA	NA	18.5554790496826	NA	9.06513404846191	23.7531204223633	52.2927856445312	27.6736907958984	42.1925163269043	43.9787521362305	NA	NA	18.555479049682617	NA	9.065134048461914	23.75312042236328	52.29278564453125	27.67369079589844	42.1925163269043	43.97875213623047	NaN	NaN	0.5;0.4;0.5;0.6	NaN	0.5;0.4;0.5;0.7	4.1;3.2;4.1;5.4	6;4.8;6;7.9	4.1;3.3;4.1;5.5	5.6;4.5;5.6;7.4	3.9;3.1;3.9;5.2	60	0	TRUE
0.00555365942768905	0.03684971109032631	A0A3Q2H2S7	A0A3Q2H2S7	IGDCC4	Equus caballus	Immunoglobulin superfamily DCC subclass member 4	5	5	plasma membrane	negative regulation of neurogenesis,cell-cell adhesion	NA	70	0.5495424524403172	3.5565295163443653	NA	NA	14.3543672561646	5.18363809585571	14.2679452896118	4.37248563766479	NA	27.0140247344971	15.9472379684448	15.6088581085205	NA	NA	14.35436725616455	5.183638095855713	14.267945289611816	4.372485637664795	NA	27.01402473449707	15.947237968444824	15.608858108520508	NaN	NaN	0.7	0.1	0.6	0.1	NaN	2.1	0.5	0.4	40	20	TRUE
0	0	A0A3Q2H319	A0A3Q2H319	C7	Equus caballus	Complement C7	11	13	extracellular space,extracellular region,other organism cell membrane,membrane attack complex	immune system process,immune response,complement activation,complement activation, alternative pathway,complement activation, classical pathway,killing of cells of other organism,innate immune response	NA	80	0.824237266530691	5.537745281707834	76.7606201171875	NA	60.0774154663086	31.3287315368652	72.3184661865234	16.7613925933838	20.7661304473877	169.756637573242	NA	35.1305809020996	76.7606201171875	NA	60.077415466308594	31.32873153686523	72.31846618652344	16.76139259338379	20.766130447387695	169.7566375732422	NA	35.13058090209961	8.2	NaN	6	10.1	14.4	1.6	2.2	16.7	NaN	2.8	20	20	TRUE
1.1762388893052882e-230	0	A0A3Q2H485	A0A3Q2H485	NA	Equus caballus	Double-headed protease inhibitor, submandibular gland	6	7	extracellular region	NA	serine-type endopeptidase inhibitor activity,peptidase inhibitor activity	80	0.4990143191581273	5.113024372959707	NA	NA	19.0373458862305	21.3643341064453	24.3518104553223	76.0157241821289	47.8137817382812	34.6103324890137	32.7616310119629	50.4121017456055	NA	NA	19.03734588623047	21.364334106445312	24.351810455322266	76.0157241821289	47.81378173828125	34.61033248901367	32.76163101196289	50.41210174560547	NaN	NaN	12.8	16.4	16.4	51.1	36.5	24.7	16.2	34.8	40	0	TRUE
6.632169631236386e-32	5.413103134463527e-26	A0A3Q2H4D7	A0A3Q2H4D7	NECTIN4	Equus caballus	Nectin cell adhesion molecule 4	6	6	plasma membrane,adherens junction	cell adhesion,viral entry into host cell	NA	70	0.3300625659945685	4.898367414320098	NA	NA	23.7678928375244	NA	20.4788036346436	38.5885887145996	25.4375076293945	49.2055320739746	35.3250122070312	25.2675819396973	NA	NA	23.767892837524418	NA	20.478803634643555	38.58858871459961	25.43750762939453	49.20553207397461	35.32501220703125	25.267581939697266	NaN	NaN	1.2	NaN	0.8	1.5	0.8	8.6	1.1	1.8	60	0	TRUE
0	0	A0A3Q2H4T0	A0A3Q2H4T0	NEGR1	Equus caballus	Neuronal growth regulator 1	9	12	plasma membrane,postsynaptic density,side of membrane	cell adhesion,heterophilic cell-cell adhesion via plasma membrane cell adhesion molecules,regulation of synapse assembly	NA	80	0.44432878705054574	5.804241272840055	NA	NA	35.931640625	62.041072845459	117.207229614258	32.4834823608398	62.3497123718262	69.6417007446289	41.9190521240234	61.5342903137207	NA	NA	35.931640625	62.041072845458984	117.2072296142578	32.483482360839844	62.34971237182617	69.6417007446289	41.91905212402344	61.5342903137207	NaN	NaN	12.6	11.8	40.9	7.9	22.4	25.8	14.8	19.7	40	0	TRUE
0	0	A0A3Q2H5U7	A0A3Q2H5U7	IGSF8	Equus caballus	Immunoglobulin superfamily member 8	6	6	membrane,plasma membrane	positive regulation of cell migration,regulation of cell motility	signaling receptor activity	80	0.3511073525406154	6.141458034197974	NA	NA	63.010326385498	34.8449363708496	84.5688552856445	47.436351776123	115.753021240234	97.3738708496094	84.9514465332031	73.1283874511719	NA	NA	63.01032638549805	34.84493637084961	84.56885528564453	47.43635177612305	115.75302124023438	97.373870849609375	84.951446533203125	73.128387451171875	NaN	NaN	8.1	3.9	9.6	4.9	12.9	12	10.1	8.7	40	0	TRUE
1.2128602395628367e-291	0	A0A3Q2H613	A0A3Q2H613	LOC100051754	Equus caballus	Prothymosin alpha	2	2	nucleus	negative regulation of apoptotic process,positive regulation of transcription from RNA polymerase II promoter	histone binding	100	1.7335707894334411	5.62761862343167	21.3722991943359	11.0356607437134	710.922790527344	155.358978271484	38.9846649169922	87.8604202270508	140.993209838867	33.6259803771973	19.914400100708	10.3581991195679	21.372299194335938	11.03566074371338	710.92279052734375	155.35897827148438	38.98466491699219	87.86042022705078	140.9932098388672	33.625980377197266	19.914400100708008	10.358199119567873	5.3	2.8	184.3	38.8	9.7	22	35.2	8.4	5	2.6	0	0	TRUE
0	0	A0A3Q2H6B9	A0A3Q2H6B9	LCN1	Equus caballus	Lipocalin 1	10	15	extracellular space,extracellular region	NA	receptor binding,zinc ion binding,chloride ion binding,small molecule binding	90	1.3877395643192432	5.015546634284913	29.4884433746338	NA	8.67381572723389	68.6953201293945	251.748413085938	27.9528388977051	17.1237449645996	53.0005798339844	22.1305866241455	15.6104593276978	29.48844337463379	NA	8.673815727233887	68.69532012939453	251.7484130859375	27.95283889770508	17.12374496459961	53.000579833984375	22.130586624145508	15.610459327697754	17.8	NaN	8	113	402.7	24.3	38.1	62.1	17.9	7.2	20	0	TRUE
0	0	A0A3Q2H6U9	A0A3Q2H6U9	LOC100053579	Equus caballus	Ig-like domain-containing protein	7	9	plasma membrane	immune response-inhibiting cell surface receptor signaling pathway	transmembrane signaling receptor activity,Requires Ontology	80	0.5720867203602819	6.592050344746268	NA	NA	54.5243263244629	45.867603302002	68.1628036499023	132.042602539062	99.8772430419922	198.680023193359	79.9562377929688	210.091323852539	NA	NA	54.52432632446289	45.86760330200195	68.16280364990234	132.0426025390625	99.8772430419922	198.68002319335935	79.95623779296875	210.09132385253903	NaN	NaN	11.9	12.9	17.3	37.1	28.7	64	24.5	59.1	40	0	TRUE
1.253527750021203e-226	0	A0A3Q2H825	A0A3Q2H825	PRRT4	Equus caballus	Proline rich transmembrane protein 4	3	3	membrane	NA	NA	50	1.0714369644461956	2.88466035719288	NA	NA	NA	NA	11.3814430236816	1.66407835483551	35.1188545227051	NA	11.8903665542603	2.77804827690125	NA	NA	NA	NA	11.38144302368164	1.6640783548355105	35.11885452270508	NA	11.890366554260254	2.778048276901245	NaN	NaN	NaN	NaN	0.3	0.2	8.1	NaN	1.4	0.3	80	20	TRUE
5.766891294688539e-254	0	A0A3Q2H839	A0A3Q2H839	NA	Equus caballus	Ig-like domain-containing protein	3	3	extracellular region,plasma membrane,immunoglobulin complex	immune system process,immune response	NA	70	0.6501257639487468	5.693579085424553	12.9322195053101	NA	NA	75.4672088623047	123.315605163574	34.9458847045898	34.1681709289551	59.1751594543457	NA	116.939170837402	12.93221950531006	NA	NA	75.46720886230469	123.31560516357422	34.945884704589844	34.16817092895508	59.1751594543457	NA	116.93917083740234	1.8	NaN	NaN	10.8	35.4	5	4.9	8.5	NaN	16.7	40	20	TRUE
0	0	A0A3Q2H8U6	A0A3Q2H8U6	LAMP2	Equus caballus	Lysosomal associated membrane protein 2	7	7	autophagosome membrane,lysosomal membrane,plasma membrane,late endosome membrane,lysosome,endosome,autophagosome,endosome membrane,membrane,cytoplasmic vesicle membrane,cytoplasmic vesicle	autophagy,cellular response to starvation,protein targeting to lysosome involved in chaperone-mediated autophagy,autophagosome maturation	NA	90	0.7258138740565738	8.050490365882608	66.9021530151367	NA	244.053192138672	125.822547912598	257.298706054688	180.300415039062	388.754913330078	319.115264892578	705.35595703125	775.894226074219	66.90215301513672	NA	244.05319213867188	125.82254791259766	257.2987060546875	180.3004150390625	388.7549133300781	319.1152648925781	705.35595703125	775.89422607421875	8.3	NaN	43.2	23.9	46.3	38.8	93.6	53.4	152	174.5	20	0	TRUE
0	0	A0A3Q2H8V7	A0A3Q2H8V7	NA	Equus caballus	Ig-like domain-containing protein	3	3	membrane	immune response	NA	60	0.6077868359327419	4.361491801072908	NA	NA	NA	NA	22.2527770996094	13.4464836120605	31.3991775512695	8.79165554046631	18.6170139312744	49.0622253417969	NA	NA	NA	NA	22.252777099609375	13.446483612060549	31.39917755126953	8.791655540466309	18.617013931274418	49.062225341796875	NaN	NaN	NaN	NaN	2.2	1.3	3	0.3	2.1	5.2	80	0	TRUE
0	0	A0A3Q2H908	A0A3Q2H908	IGHM	Equus caballus	Immunoglobulin heavy constant mu	17	27	extracellular space,cell surface,immunoglobulin complex,immunoglobulin complex, circulating,pentameric IgM immunoglobulin complex,hexameric IgM immunoglobulin complex	adaptive immune response,immune system process,complement activation, classical pathway,antibacterial humoral response,innate immune response,defense response to Gram-negative bacterium	single-stranded DNA binding,phosphatidylcholine binding,immunoglobulin receptor binding,peptidoglycan binding,antigen binding	80	0.4007233190379263	10.278946170831704	NA	NA	944.534851074219	1576.25891113281	2264.87866210938	1017.25830078125	1095.36499023438	567.632446289062	1529.69262695312	1740.271484375	NA	NA	944.53485107421875	1576.2589111328125	2264.878662109375	1017.25830078125	1095.364990234375	567.6324462890625	1529.692626953125	1740.271484375	NaN	NaN	112.5	221.8	440.2	178.8	178.9	159	462.3	480.7	40	0	TRUE
0	0	A0A3Q2HA78	A0A3Q2HA78	CD248	Equus caballus	CD248 molecule	10	12	external side of plasma membrane,cytoplasm,membrane	cell migration	calcium ion binding,carbohydrate binding,extracellular matrix binding,extracellular matrix protein binding	80	0.4656791196959046	7.283663500694356	NA	NA	139.766189575195	205.715270996094	19.515926361084	201.646759033203	232.890411376953	337.212646484375	190.208862304688	205.529541015625	NA	NA	139.7661895751953	205.71527099609375	19.515926361083984	201.64675903320312	232.89041137695312	337.212646484375	190.2088623046875	205.529541015625	NaN	NaN	18.2	28.1	1.6	26	27.8	40.9	21.5	25.9	40	0	TRUE
1.8375478650225414e-116	0	A0A3Q2HAN3	A0A3Q2HAN3	PROS1	Equus caballus	Vitamin K-dependent protein S	7	7	extracellular space,extracellular region	blood coagulation,hemostasis,fibrinolysis,negative regulation of coagulation	calcium ion binding	60	0.9132813816304264	5.243152682939053	NA	NA	45.9462432861328	NA	NA	42.1782379150391	23.4535617828369	137.207748413086	26.8773460388184	17.6102333068848	NA	NA	45.94624328613281	NA	NA	42.17823791503906	23.45356178283691	137.20774841308594	26.87734603881836	17.610233306884766	NaN	NaN	1.5	NaN	NaN	3	0.6	8.4	1.3	0.6	80	0	TRUE
0	0	A0A3Q2HAV0	A0A3Q2HAV0	CD200	Equus caballus	CD200 molecule	4	5	membrane	negative regulation of macrophage activation,regulation of immune response,cell-cell adhesion	protein binding involved in cell-cell adhesion	90	0.8696679089165013	6.756956595991789	24.4262027740479	NA	97.3827133178711	12.0003805160522	69.7273712158203	66.1470031738281	346.658203125	425.366180419922	326.541046142578	319.426544189453	24.42620277404785	NA	97.3827133178711	12.000380516052246	69.72737121582031	66.147003173828125	346.658203125	425.3661804199219	326.5410461425781	319.4265441894531	3.7	NaN	16.2	1.8	13.9	14.5	79.7	80.8	67.2	62.9	20	0	TRUE
0	0	A0A3Q2HBS4	A0A3Q2HBS4	PRNP	Equus caballus	Major prion protein	4	7	plasma membrane,dendrite,membrane raft,endoplasmic reticulum,Golgi apparatus,cell surface,membrane,inclusion body,side of membrane,terminal bouton	negative regulation of transcription from RNA polymerase II promoter,learning or memory,protein destabilization,negative regulation of interferon-gamma production,negative regulation of interleukin-17 production,negative regulation of interleukin-2 production,intracellular signal transduction,positive regulation of neuron apoptotic process,negative regulation of activated T cell proliferation,positive regulation of calcium-mediated signaling,negative regulation of T cell receptor signaling pathway,protein homooligomerization,negative regulation of calcineurin-NFAT signaling cascade,cellular response to copper ion,positive regulation of protein targeting to membrane,regulation of glutamate receptor signaling pathway,positive regulation of glutamate receptor signaling pathway,negative regulation of beta-amyloid formation,negative regulation of dendritic spine maintenance,negative regulation of amyloid precursor protein catabolic process,positive regulation of protein localization to plasma membrane,response to beta-amyloid,cellular response to beta-amyloid,Requires Ontology,neuron projection maintenance	beta-amyloid binding,protease binding,copper ion binding,glycosaminoglycan binding,microtubule binding,tubulin binding,aspartic-type endopeptidase inhibitor activity,type 5 metabotropic glutamate receptor binding,signaling receptor activity,identical protein binding,macromolecular complex binding,metal ion binding,binding, bridging,Requires Ontology,cupric ion binding,cuprous ion binding	80	0.5322562109367764	6.56413181769861	NA	NA	45.714973449707	55.2201957702637	169.431503295898	34.0424346923828	179.104049682617	110.949066162109	164.161666870117	135.310836791992	NA	NA	45.71497344970703	55.22019577026367	169.43150329589844	34.04243469238281	179.1040496826172	110.94906616210938	164.1616668701172	135.3108367919922	NaN	NaN	12.7	16.6	52.8	10	52.3	36.5	52	38	40	0	TRUE
2.798252859739032e-205	0	A0A3Q2HC40	A0A3Q2HC40	CPQ	Equus caballus	Carboxypeptidase Q	3	3	extracellular space,extracellular region,cytoplasm,lysosome,endoplasmic reticulum,Golgi apparatus	proteolysis,thyroid hormone generation,peptide catabolic process	carboxypeptidase activity,peptidase activity,metallopeptidase activity,hydrolase activity,metal ion binding,metallodipeptidase activity	70	0.3900104351802551	4.276815299950234	NA	NA	23.3938484191895	21.9552402496338	28.2963199615479	31.4541244506836	12.052698135376	NA	21.8952102661133	8.52446269989014	NA	NA	23.393848419189453	21.95524024963379	28.29631996154785	31.454124450683594	12.052698135375977	NA	21.89521026611328	8.524462699890137	NaN	NaN	3.5	3.1	4.1	4.3	2	NaN	3.1	0.4	40	20	TRUE
0	0	A0A3Q2HCN8	A0A3Q2HCN8	VSTM1	Equus caballus	V-set and transmembrane domain containing 1	6	11	NA	NA	NA	80	0.8656208687446825	6.143785290147864	NA	NA	39.4997901916504	12.209267616272	62.6330337524414	60.7342987060547	51.5420799255371	140.600982666016	170.146270751953	276.194274902344	NA	NA	39.49979019165039	12.209267616271973	62.633033752441406	60.73429870605469	51.54207992553711	140.60098266601562	170.14627075195312	276.19427490234375	NaN	NaN	5.9	0.8	13	18.9	18.3	47.6	50.8	88.1	40	0	TRUE
6.900419799524023e-50	1.379712022001279e-38	A0A3Q2HDY3	A0A3Q2HDY3	LOC100063509	Equus caballus	VWFA domain-containing protein	2	2	plasma membrane	proteolysis,chloride transport,chloride transmembrane transport	intracellular calcium activated chloride channel activity,peptidase activity,metallopeptidase activity,hydrolase activity,metal ion binding	90	1.757565303960404	5.270780178340609	9.55897045135498	NA	28.8179779052734	51.5104904174805	6.40446853637695	41.8283767700195	492.949676513672	27.5026435852051	42.461971282959	87.0692520141602	9.55897045135498	NA	28.81797790527344	51.51049041748047	6.404468536376953	41.82837677001953	492.9496765136719	27.50264358520508	42.461971282958984	87.06925201416016	0.5	NaN	1.9	0.9	0.1	0.8	25.2	1.4	3	4.5	20	0	TRUE
0	0	A0A3Q2HEJ5	A0A3Q2HEJ5	CD44	Equus caballus	CD44 antigen	5	7	plasma membrane,basolateral plasma membrane,membrane raft,extracellular region,microvillus,cell surface,membrane,apical plasma membrane,lamellipodium membrane,cell projection,macromolecular complex,macrophage migration inhibitory factor receptor complex	inflammatory response,cell adhesion,anatomical structure morphogenesis,vesicle-mediated transport,cell migration,cytokine-mediated signaling pathway,hyaluronan catabolic process,positive regulation of heterotypic cell-cell adhesion,T cell activation,regulation of apoptotic process,negative regulation of apoptotic process,negative regulation of DNA damage response, signal transduction by p53 class mediator,wound healing, spreading of cells,cellular response to fibroblast growth factor stimulus,system development,NK T cell activation,cartilage development,positive regulation of ERK1 and ERK2 cascade,monocyte aggregation,positive regulation of monocyte aggregation,negative regulation of intrinsic apoptotic signaling pathway in response to DNA damage by p53 class mediator,regulation of lamellipodium morphogenesis	cytokine receptor activity,transmembrane signaling receptor activity,hyaluronic acid binding,signaling receptor activity,cargo receptor activity	100	0.790081090470514	11.09259282914907	892.95458984375	168.836273193359	2683.49584960938	1152.40393066406	2153.10668945312	1903.60180664062	6244.96923828125	8260.806640625	4959.3212890625	5044.455078125	892.95458984375	168.83627319335938	2683.495849609375	1152.4039306640625	2153.106689453125	1903.601806640625	6244.96923828125	8260.806640625	4959.3212890625	5044.455078125	96.4	16.8	256.9	102.8	206.9	173	588	732	481.6	485.4	0	0	TRUE
0	0	A0A3Q2HF40	A0A3Q2HF40	NA	Equus caballus	VWFD domain-containing protein	28	42	extracellular space,extracellular matrix,extracellular region	NA	extracellular matrix structural constituent	90	0.9847258940619434	7.513928161498318	139.393814086914	NA	221.490417480469	145.498611450195	202.059371948242	842.051513671875	110.286247253418	64.2122650146484	426.379608154297	98.6391067504883	139.39381408691406	NA	221.49041748046875	145.4986114501953	202.0593719482422	842.051513671875	110.28624725341795	64.21226501464844	426.3796081542969	98.63910675048828	25.6	NaN	39.8	27.4	36.9	149.3	13.4	7	74.1	13.9	20	0	TRUE
1.0198558877833846e-120	0	A0A3Q2HF85	A0A3Q2HF85	EZR	Equus caballus	Ezrin	14	15	cytoskeleton,plasma membrane,microvillus	NA	actin binding,cytoskeletal protein binding	60	0.906715801981377	4.143866290039467	NA	NA	30.584056854248	32.7566680908203	NA	65.893684387207	NA	6.97815752029419	8.480544090271	7.81205368041992	NA	NA	30.584056854248047	32.75666809082031	NA	65.89368438720703	NA	6.9781575202941895	8.480544090270996	7.812053680419922	NaN	NaN	17.7	3.6	NaN	15.8	NaN	0.3	0.8	0.5	60	20	TRUE
0	0	A0A3Q2HFE4	A0A3Q2HFE4	NHLRC3	Equus caballus	NHL repeat containing 3	10	15	NA	NA	NA	90	0.514707090867023	7.160034804939024	88.8932189941406	NA	171.530807495117	82.6478424072266	85.2544555664062	85.1860504150391	221.061630249023	246.098785400391	163.719741821289	307.054504394531	88.893218994140625	NA	171.5308074951172	82.64784240722656	85.25445556640625	85.18605041503906	221.06163024902344	246.09878540039065	163.71974182128906	307.05450439453125	20.6	NaN	62.8	33.8	32.7	32.7	80.6	89.6	59.2	113	20	0	TRUE
8.178002385237524e-256	0	A0A3Q2HFH0	A0A3Q2HFH0	ENPP5	Equus caballus	Ectonucleotide pyrophosphatase/phosphodiesterase family member 5	8	8	membrane	NA	NAD+ diphosphatase activity,zinc ion binding,hydrolase activity,metal ion binding	80	0.4103916567119049	5.290232653103131	NA	NA	59.507869720459	67.0952529907227	43.8348350524902	46.6536521911621	42.6779136657715	19.1097068786621	16.3809299468994	50.3944511413574	NA	NA	59.507869720458984	67.09525299072266	43.834835052490234	46.65365219116211	42.67791366577149	19.10970687866211	16.380929946899414	50.39445114135742	NaN	NaN	9.3	14.2	8.2	10.3	4.1	2.2	1.8	10.7	40	0	TRUE
1.0347686750773383e-126	0	A0A3Q2HFV7	A0A3Q2HFV7	PLXNB2	Equus caballus	Plexin B2	3	3	plasma membrane,semaphorin receptor complex	neural tube closure,receptor-mediated endocytosis,homophilic cell adhesion via plasma membrane adhesion molecules,negative regulation of cell adhesion,neuroblast proliferation,synapse assembly,brain development,regulation of cell shape,regulation of neuron projection development,positive regulation of neuron projection development,regulation of cell migration,positive regulation of cell projection organization,positive regulation of translation,positive regulation of axonogenesis,regulation of protein metabolic process,semaphorin-plexin signaling pathway,excitatory synapse assembly,regulation of neuron migration	transmembrane signaling receptor activity,semaphorin receptor activity,signaling receptor activity	70	0.3824774364342736	4.9873756552887745	NA	NA	26.0916614532471	NA	13.5070352554321	28.1132869720459	41.9439659118652	33.840648651123	53.1011695861816	43.2774887084961	NA	NA	26.09166145324707	NA	13.507035255432127	28.1132869720459	41.943965911865234	33.84064865112305	53.10116958618164	43.277488708496094	NaN	NaN	0.5	NaN	0.3	0.5	0.7	0.9	0.8	0.7	60	0	TRUE
0	0	A0A3Q2HHY7;A0A5F5PN23	A0A3Q2HHY7;A0A5F5PN23	NA	Equus caballus	SRCR domain-containing protein	4	6	plasma membrane,extracellular region,membrane;plasma membrane,extracellular region,membrane	;	;	90	0.6175059219086677	7.026319770945016	35.1275787353516	NA	241.637115478516	77.9262619018555	250.310348510742	190.514984130859	53.2317771911621	172.00163269043	330.800476074219	113.76895904541	35.12757873535156	NA	241.6371154785156	77.92626190185547	250.3103485107422	190.51498413085935	53.23177719116211	172.0016326904297	330.80047607421875	113.76895904541016	8.6;7.5	NaN	64.4;55.8	20.7;18	68.3;59.2	50.6;43.8	13.4;11.7	48.2;41.8	93.2;80.8	36.7;31.8	20	0	TRUE
0	0	A0A3Q2HHZ5	A0A3Q2HHZ5	ADAM12	Equus caballus	ADAM metallopeptidase domain 12	4	5	plasma membrane,membrane	proteolysis	metalloendopeptidase activity,metallopeptidase activity,metal ion binding	80	0.6580949025284849	5.323899220908506	NA	NA	22.074426651001	50.9097290039062	43.1067848205566	5.31440687179565	105.668930053711	102.008560180664	40.4384231567383	59.0415954589844	NA	NA	22.074426651000977	50.90972900390625	43.10678482055664	5.314406871795654	105.66893005371094	102.00856018066406	40.43842315673828	59.041595458984375	NaN	NaN	1.1	4.3	2.6	0.1	5.9	5.5	1.7	3.1	40	0	TRUE
0	0	A0A3Q2HIA5	A0A3Q2HIA5	DNER	Equus caballus	Delta/notch like EGF repeat containing	4	5	early endosome,plasma membrane,dendrite,neuronal cell body	Notch signaling pathway,nervous system development,central nervous system development	Notch binding,calcium ion binding	90	0.63061317952591045	5.809664532806819	31.3588695526123	NA	53.3134422302246	16.3049163818359	45.8951072692871	46.6064987182617	130.041488647461	81.8995971679688	141.001678466797	62.7527923583984	31.358869552612305	NA	53.31344223022461	16.304916381835938	45.89510726928711	46.60649871826172	130.04148864746094	81.89959716796875	141.00167846679688	62.75279235839844	1.8	NaN	5	12.4	4.6	4.6	47.7	68.4	12.9	6.6	20	0	TRUE
0	0	A0A3Q2HIF9	A0A3Q2HIF9	APP	Equus caballus	Amyloid-beta A4 protein	8	9	extracellular region,nucleus,early endosome,endoplasmic reticulum,Golgi apparatus,Golgi-associated vesicle,plasma membrane,clathrin-coated pit,cell surface,endomembrane system,membrane,growth cone,cytoplasmic vesicle,neuron projection,perikaryon,secretory vesicle	endocytosis,apoptotic process,cell adhesion,Notch signaling pathway,positive regulation of macromolecule metabolic process,regulation of protein metabolic process	serine-type endopeptidase inhibitor activity,heparin binding,peptidase inhibitor activity,metal ion binding,transition metal ion binding,Requires Ontology	90	0.5240789857134784	6.3994824556367655	90.5538940429688	NA	83.2703018188477	31.6376628875732	50.8820991516113	38.5552062988281	164.691131591797	161.494049072266	129.239059448242	135.349090576172	90.55389404296876	NA	83.27030181884766	31.63766288757324	50.88209915161133	38.555206298828125	164.69113159179688	161.49404907226562	129.2390594482422	135.34909057617188	7.4	NaN	6.7	3	6	4.3	13.3	11.2	8.5	13.6	20	0	TRUE
0	0	A0A3Q2HJE7;A0A9L0S5K9	A0A3Q2HJE7;A0A9L0S5K9	NA	Equus caballus	Cystatin domain-containing protein	6	10	cytoplasm;cytosol,cytoplasm	;	endopeptidase inhibitor activity,cysteine-type endopeptidase inhibitor activity,peptidase inhibitor activity;endopeptidase inhibitor activity,cysteine-type endopeptidase inhibitor activity,peptidase inhibitor activity	80	1.52942257460883	9.008817992640932	NA	NA	634.544311523438	1064.26049804688	4905.54736328125	250.204986572266	862.410339355469	125.475936889648	155.957641601562	354.503997802734	NA	NA	634.5443115234375	1064.260498046875	4905.54736328125	250.2049865722656	862.41033935546875	125.47593688964844	155.9576416015625	354.5039978027344	NaN	NaN	371.2;185.6	628.6;314.3	2956.5;1478.3	133.5;66.8	482.1;241	65.7;32.9	82;41	182;91	40	0	TRUE
0	0	A0A3Q2HKG3;O77811	A0A3Q2HKG3;O77811	LTF	Equus caballus	Lactotransferrin;Lactotransferrin (Fragment)	24	27	extracellular region,extracellular space,cytoplasm,cell surface,secretory granule,specific granule,macromolecular complex;extracellular space,early endosome,plasma membrane,recycling endosome,extracellular region,specific granule	ossification,regulation of cytokine production,innate immune response in mucosa,immune system process,proteolysis,ion transport,iron ion transport,antibacterial humoral response,antifungal humoral response,killing of cells of other organism,negative regulation of lipopolysaccharide-mediated signaling pathway,regulation of tumor necrosis factor production,positive regulation of osteoblast proliferation,positive regulation of toll-like receptor 4 signaling pathway,positive regulation of I-kappaB kinase/NF-kappaB signaling,negative regulation by host of viral process,negative regulation by host of viral genome replication,positive regulation of osteoblast differentiation,defense response to Gram-negative bacterium,negative regulation of multicellular organismal process,bone morphogenesis,Requires Ontology,negative regulation of single-species biofilm formation in or on host organism,positive regulation of chondrocyte proliferation;ossification,regulation of cytokine production,innate immune response in mucosa,immune system process,proteolysis,ion transport,iron ion transport,antibacterial humoral response,antifungal humoral response,negative regulation of lipopolysaccharide-mediated signaling pathway,regulation of tumor necrosis factor production,positive regulation of osteoblast proliferation,negative regulation of apoptotic process,positive regulation of osteoblast differentiation,negative regulation of multicellular organismal process,bone morphogenesis,positive regulation of bone mineralization involved in bone maturation,negative regulation of single-species biofilm formation in or on host organism,positive regulation of chondrocyte proliferation,negative regulation of tumor necrosis factor (ligand) superfamily member 11 production,negative regulation of osteoclast development	lipopolysaccharide binding,cysteine-type endopeptidase inhibitor activity,iron ion binding,heparin binding,peptidase activity,serine-type peptidase activity,hydrolase activity,protein serine/threonine kinase activator activity,metal ion binding,Requires Ontology;peptidase activity,serine-type peptidase activity,hydrolase activity,metal ion binding	50	0.851467359037523	4.835836723523154	NA	32.5945091247559	16.1996192932129	93.890495300293	66.9998931884766	NA	NA	5.71892690658569	NA	NA	NA	32.59450912475586	16.19961929321289	93.89049530029295	66.99989318847656	NA	NA	5.718926906585693	NA	NA	NaN	3.8;3.8	2.5;2.5	26.9;26.9	20.1;20.1	NaN	NaN	0.7;0.7	NaN	NaN	20	80	TRUE
2.5323738999329006e-259	0	A0A3Q2HLF7	A0A3Q2HLF7	PTPRF	Equus caballus	Receptor-type tyrosine-protein phosphatase F	4	4	membrane	cell adhesion	phosphoprotein phosphatase activity,protein tyrosine phosphatase activity,heparin binding,hydrolase activity	80	0.6489347559715725	4.584330826963108	NA	NA	34.4584121704102	8.79491806030273	22.8699760437012	6.82486391067505	39.7059173583984	46.6294555664062	19.4428768157959	64.4177932739258	NA	NA	34.458412170410156	8.794918060302734	22.869976043701172	6.824863910675049	39.70591735839844	46.62945556640625	19.4428768157959	64.41779327392578	NaN	NaN	0.6	0.2	0.4	0.1	1	0.8	0.3	1.5	40	0	TRUE
0	0	A0A3Q2HM99	A0A3Q2HM99	LOC102148710	Equus caballus	WAP domain-containing protein	3	4	extracellular space,extracellular region	antibacterial humoral response,innate immune response	serine-type endopeptidase inhibitor activity,peptidase inhibitor activity	80	0.9284518703920482	4.5262465599569595	NA	NA	7.62341928482056	52.464038848877	101.194770812988	15.8231925964355	19.537239074707	48.846981048584	4.97659778594971	26.1330852508545	NA	NA	7.623419284820557	52.46403884887695	101.19477081298828	15.823192596435549	19.53723907470703	48.846981048583984	4.976597785949707	26.133085250854492	NaN	NaN	6.8	21	58.4	2.1	5.3	6.4	0.7	7.8	40	0	TRUE
3.7948409252389806e-187	0	A0A3Q2HMH0	A0A3Q2HMH0	LSAMP	Equus caballus	Limbic system associated membrane protein	6	6	cytosol,plasma membrane,side of membrane	cell adhesion	NA	80	0.7409098731864981	3.6225846300412297	NA	NA	16.618314743042	8.58581256866455	40.0300827026367	5.09993410110474	16.1510486602783	12.1702871322632	10.6161088943481	8.71498680114746	NA	NA	16.618314743041992	8.58581256866455	40.03008270263672	5.099934101104736	16.15104866027832	12.170287132263184	10.616108894348145	8.714986801147461	NaN	NaN	1.3	1	5.3	0.4	1.6	1.1	1.1	0.8	40	0	TRUE
2.0737234087970155e-64	0	A0A3Q2HNH0	A0A3Q2HNH0	MFAP4	Equus caballus	Microfibril associated protein 4	2	2	microfibril,extracellular region,extracellular matrix,elastic fiber	cell adhesion,UV protection,regulation of collagen metabolic process,elastic fiber assembly,cellular response to UV-B,fibril organization	NA	50	0.3604831283116814	5.138280646108248	NA	NA	21.5104522705078	NA	NA	30.0873279571533	56.3292083740234	33.9432144165039	NA	43.788818359375	NA	NA	21.510452270507812	NA	NA	30.08732795715332	56.32920837402344	33.943214416503906	NA	43.788818359375	NaN	NaN	5.2	NaN	NaN	6	8.1	6.8	NaN	8.8	80	20	TRUE
2.383633395526e-295	0	A0A3Q2HNH8	A0A3Q2HNH8	FBLN5	Equus caballus	Fibulin 5	11	16	extracellular space,extracellular matrix	cell adhesion,secretion,elastic fiber assembly	calcium ion binding,protein homodimerization activity	80	0.7110747625725271	6.713182490929182	NA	NA	70.9149475097656	327.196929931641	77.0970993041992	88.8002777099609	124.567520141602	138.291519165039	103.902305603027	51.6570320129395	NA	NA	70.914947509765625	327.1969299316406	77.09709930419922	88.80027770996094	124.56752014160156	138.29151916503906	103.90230560302734	51.65703201293945	NaN	NaN	20.8	127.5	28.2	29.3	36.2	38	27.5	19.4	40	0	TRUE
0	0	A0A3Q2HPX3	A0A3Q2HPX3	COL12A1	Equus caballus	Collagen type XII alpha 1 chain	43	77	interstitial matrix	cell adhesion,tissue development,endodermal cell differentiation	NA	90	1.4480249104906302	8.270318314995277	746.832153320312	NA	303.021148681641	37.8549346923828	120.532203674316	87.367431640625	1042.51831054688	3112.31640625	329.354278564453	264.498443603516	746.8321533203125	NA	303.0211486816406	37.85493469238281	120.5322036743164	87.367431640625	1042.518310546875	3112.31640625	329.3542785644531	264.4984436035156	54.5	NaN	21.2	1.4	10	3.8	80	258.6	20.1	17.9	20	0	TRUE
0	0	A0A3Q2HSI9	A0A3Q2HSI9	LAMC1	Equus caballus	Laminin subunit gamma 1	6	8	basement membrane,extracellular region,laminin-10 complex	cell adhesion,axon guidance,animal organ morphogenesis,tissue development	NA	80	0.5013563361165975	5.436433452623532	NA	NA	40.6713180541992	12.7660140991211	41.9239959716797	31.8698253631592	59.9308929443359	97.1322937011719	50.4669456481934	60.6776809692383	NA	NA	40.67131805419922	12.766014099121094	41.92399597167969	31.86982536315918	59.93089294433594	97.132293701171875	50.46694564819336	60.67768096923828	NaN	NaN	1.6	0.4	2.3	3.2	2.2	7.6	2.8	3.1	40	0	TRUE
2.2729654926641627e-80	0	A0A3Q2HW72	A0A3Q2HW72	LOC100057298	Equus caballus	Sushi domain-containing protein	2	2	NA	immune system process,complement activation, classical pathway,innate immune response,regulation of immune response	NA	60	0.5444813016493933	5.91387166496956	NA	NA	30.8226356506348	NA	33.4779357910156	NA	80.2778778076172	130.761184692383	55.8199996948242	79.4371337890625	NA	NA	30.82263565063477	NA	33.477935791015625	NA	80.27787780761719	130.7611846923828	55.81999969482422	79.4371337890625	NaN	NaN	0.5	NaN	1	NaN	1.4	2.2	0.9	1.3	60	20	TRUE
0	0	A0A3Q2HWZ7	A0A3Q2HWZ7	LOC111769970	Equus caballus	Ig-like domain-containing protein	2	3	plasma membrane	positive regulation of phagocytosis,positive regulation of T cell activation	NA	70	0.7171191802621427	4.323105876472339	NA	NA	3.57821106910706	16.2737827301025	23.4924983978271	NA	15.4004354476929	62.5925064086914	28.0206928253174	34.8396606445312	NA	NA	3.5782110691070557	16.27378273010254	23.49249839782715	NA	15.400435447692873	62.592506408691406	28.020692825317383	34.83966064453125	NaN	NaN	0.2	1.4	3.4	NaN	2.1	9.3	2.4	5	40	20	TRUE
0.00518114463971304	0.03684971109032631	A0A3Q2HX18	A0A3Q2HX18	LOC100057500	Equus caballus	Membrane cofactor protein	3	3	extracellular space,plasma membrane,inner acrosomal membrane,cell surface,membrane	T cell mediated immunity,single fertilization,negative regulation of complement activation, classical pathway	NA	60	0.6829777575857798	4.6045328276422195	NA	NA	NA	15.1341581344604	NA	6.26207208633423	22.5933589935303	34.0627479553223	43.7515296936035	64.9658203125	NA	NA	NA	15.13415813446045	NA	6.2620720863342285	22.593358993530273	34.062747955322266	43.75152969360352	64.9658203125	NaN	NaN	NaN	1	NaN	0.4	1.5	4.7	3.7	9.1	80	0	TRUE
0	0	A0A3Q2HX90	A0A3Q2HX90	LOC111770574	Equus caballus	Lipocalin/cytosolic fatty-acid binding domain-containing protein	12	21	extracellular space,extracellular region	NA	odorant binding,small molecule binding	70	0.8924630164373236	9.279734322230992	NA	NA	1158.73669433594	2466.947265625	1423.31762695312	159.513687133789	320.637939453125	767.234252929688	224.471588134766	NA	NA	NA	1158.7366943359375	2466.947265625	1423.317626953125	159.51368713378906	320.637939453125	767.2342529296875	224.4715881347656	NA	NaN	NaN	401.2	883.7	549.8	46.4	104.7	260.2	67.7	NaN	40	20	TRUE
0	0	A0A3Q2HXE2	A0A3Q2HXE2	NA	Equus caballus	Ig-like domain-containing protein	6	8	membrane	immune response	NA	80	0.781535363857993	5.542933117575748	NA	NA	40.2937240600586	16.5749225616455	61.220703125	17.6606845855713	55.8078842163086	30.4652137756348	136.741195678711	132.959426879883	NA	NA	40.293724060058594	16.574922561645508	61.220703125	17.66068458557129	55.807884216308594	30.46521377563477	136.74119567871094	132.9594268798828	NaN	NaN	9.4	3.4	14.2	3.6	12.5	4.4	33.6	33.7	40	0	TRUE
0	0	A0A3Q2HZL6	A0A3Q2HZL6	PLET1	Equus caballus	Placenta-expressed transcript 1 protein	3	4	external side of plasma membrane,apical plasma membrane	negative regulation of cell-matrix adhesion,cell differentiation,positive regulation of cell migration,wound healing, spreading of epidermal cells	NA	70	0.8144822319999563	5.636676620697737	NA	NA	37.4232521057129	17.5810718536377	NA	19.5840301513672	87.9546966552734	32.4384536743164	140.13313293457	146.457702636719	NA	NA	37.42325210571289	17.581071853637695	NA	19.584030151367188	87.95469665527344	32.438453674316406	140.1331329345703	146.45770263671875	NaN	NaN	10.4	2.8	NaN	3.1	19	5.2	37.9	38.7	60	0	TRUE
3.4432581078083834e-209	0	A0A3Q2I0N1	A0A3Q2I0N1	NA	Equus caballus	Ig-like domain-containing protein	2	3	membrane	immune response	NA	80	0.9581709564645998	5.79579906612563	NA	NA	53.7870101928711	31.3164844512939	16.5445461273193	245.291015625	61.2676887512207	108.479415893555	26.6768493652344	74.8470458984375	NA	NA	53.787010192871094	31.316484451293945	16.544546127319336	245.291015625	61.2676887512207	108.47941589355467	26.676849365234375	74.8470458984375	NaN	NaN	9.3	8	3.8	6.7	15.6	18.6	7.7	2	40	0	TRUE
1.2078238593305492e-230	0	A0A3Q2I1Q0;Q28369	A0A3Q2I1Q0;Q28369	LOC111773844;RBP4	Equus caballus	Retinol-binding protein;Retinol-binding protein 4	9	11	extracellular region,extracellular space;extracellular space,extracellular region	retinol transport;retinol transport	retinoid binding,retinal binding,retinol binding,retinol transporter activity;retinoid binding,retinal binding,retinol binding,retinol transporter activity	80	0.8455109464321057	5.454902125546463	NA	NA	25.4802837371826	161.425552368164	31.8098163604736	32.1123352050781	40.6736907958984	37.2720146179199	51.8252067565918	41.5017318725586	NA	NA	25.480283737182617	161.42555236816406	31.809816360473633	32.112335205078125	40.67369079589844	37.27201461791992	51.8252067565918	41.501731872558594	NaN	NaN	8.5;8.5	94;94	7.5;7.5	16.9;16.9	6;6	11.1;11.1	10.9;10.9	10.2;10.2	40	0	TRUE
0	0	A0A3Q2I2E9	A0A3Q2I2E9	ALB	Equus caballus	Albumin	109	254	extracellular region,extracellular space,cytoplasm,extracellular exosome,macromolecular complex	cellular response to starvation,bilirubin transport,response to nutrient levels,negative regulation of mitochondrial depolarization,cellular response to calcium ion starvation	oxygen binding,DNA binding,fatty acid binding,lipid binding,toxic substance binding,pyridoxal phosphate binding,identical protein binding,metal ion binding,chaperone binding,Requires Ontology,enterobactin binding	100	1.352678502688483	13.10334922671412	3081.09814453125	3423.8359375	123159.1015625	53088.14453125	99234.171875	45572.32421875	872.710510253906	4898.75830078125	2160.13623046875	967.228942871094	3081.09814453125	3423.8359375	123159.1015625	53088.14453125	99234.171875	45572.32421875	872.71051025390625	4898.75830078125	2160.13623046875	967.22894287109375	922.4	1246.5	29527.5	14792.8	25647.301	14860.3	319.4	1600	681.4	286.1	0	0	TRUE
0	0	A0A3Q2I2V3	A0A3Q2I2V3	CTSD	Equus caballus	Cathepsin D	21	36	cytoplasm,lysosome	proteolysis	aspartic-type endopeptidase activity,peptidase activity,hydrolase activity	70	0.6472883447013594	7.143436454919543	NA	NA	263.960998535156	256.542449951172	350.066101074219	224.777969360352	33.6210098266602	68.3669052124023	92.1851654052734	NA	NA	NA	263.96099853515625	256.5424499511719	350.06610107421875	224.77796936035156	33.621009826660156	68.36690521240234	92.18516540527344	NA	NaN	NaN	137.2	123.4	193.4	98.5	5.8	18.5	41.9	NaN	40	20	TRUE
0	0	A0A3Q2I311	A0A3Q2I311	AGRN	Equus caballus	Agrin	14	23	basement membrane,plasma membrane,synapse,extracellular region,extracellular matrix	cytoskeleton organization,signal transduction,chemical synaptic transmission,nervous system development,neuromuscular junction development,cell differentiation,receptor clustering,synapse organization,membrane organization,synaptic signaling	calcium ion binding,transmembrane receptor protein tyrosine kinase activator activity,acetylcholine receptor regulator activity,laminin binding,metal ion binding	80	1.3014914537916644	5.8177028218796325	NA	NA	29.7631015777588	174.071411132812	421.6220703125	32.7755279541016	46.5110931396484	38.8525009155273	8.26169776916504	95.8298797607422	NA	NA	29.76310157775879	174.0714111328125	421.6220703125	32.77552795410156	46.51109313964844	38.852500915527344	8.261697769165039	95.8298797607422	NaN	NaN	2.2	17.8	40.8	1.5	3.9	2.7	0.2	10	40	0	TRUE
0	0	A0A3Q2I3G5	A0A3Q2I3G5	CDH13	Equus caballus	Cadherin-13	15	28	adherens junction,cytoplasm,plasma membrane,membrane,side of membrane,catenin complex	cell morphogenesis,cell-cell junction assembly,cell adhesion,homophilic cell adhesion via plasma membrane adhesion molecules,calcium-dependent cell-cell adhesion via plasma membrane cell adhesion molecules,cell migration,adherens junction organization,cell-cell adhesion mediated by cadherin,cell-cell adhesion	calcium ion binding,beta-catenin binding,cadherin binding,metal ion binding	90	0.9199248330511136	7.106554330478526	42.6108360290527	NA	74.8808441162109	258.520660400391	594.487060546875	58.5363655090332	139.103637695312	106.670082092285	135.734283447266	310.133941650391	42.610836029052734	NA	74.88084411621094	258.5206604003906	594.487060546875	58.5363655090332	139.1036376953125	106.67008209228516	135.73428344726562	310.1339416503906	2.9	NaN	10.3	72.4	153.6	13.8	28.5	20.4	28.5	67.4	20	0	TRUE
1.126894643130737e-210	0	A0A3Q2I3I7	A0A3Q2I3I7	DPP4	Equus caballus	Dipeptidyl peptidase 4	17	17	plasma membrane,extracellular region,cell surface,apical plasma membrane,lamellipodium,endocytic vesicle,lamellipodium membrane,cell projection,membrane raft,intercellular canaliculus	response to hypoxia,proteolysis,cell adhesion,positive regulation of cell proliferation,negative regulation of extracellular matrix disassembly,T cell costimulation,regulation of cell-cell adhesion mediated by integrin,T cell activation,endothelial cell migration,viral entry into host cell,negative chemotaxis,negative regulation of neutrophil chemotaxis	virus receptor activity,protease binding,aminopeptidase activity,serine-type endopeptidase activity,receptor binding,peptidase activity,serine-type peptidase activity,dipeptidyl-peptidase activity,hydrolase activity,identical protein binding,protein homodimerization activity,chemorepellent activity	70	0.43906967477845305	4.327236321545112	NA	NA	24.2017955780029	27.1347255706787	18.5408744812012	39.2484817504883	9.35155391693115	NA	19.0049133300781	15.4639253616333	NA	NA	24.20179557800293	27.13472557067871	18.540874481201172	39.24848175048828	9.351553916931152	NA	19.004913330078125	15.4639253616333	NaN	NaN	5.6	7.6	2	9.9	0.3	NaN	2.4	1.4	40	20	TRUE
0	0	A0A3Q2I3V7	A0A3Q2I3V7	LOC100059232	Equus caballus	Pepsin A	6	12	NA	proteolysis,digestion	aspartic-type endopeptidase activity,peptidase activity,hydrolase activity	80	1.2203111559268902	6.984876173822418	NA	90.1119384765625	844.498413085938	314.898406982422	202.149917602539	161.111999511719	20.0213661193848	76.9135208129883	55.1325988769531	NA	NA	90.1119384765625	844.4984130859375	314.8984069824219	202.14991760253903	161.11199951171875	20.02136611938477	76.91352081298828	55.132598876953125	NA	NaN	30.8	373.8	133.6	74.1	61	3.2	27.1	14.5	NaN	20	20	TRUE
0	0	A0A3Q2I4H3	A0A3Q2I4H3	NA	Equus caballus	Ig-like domain-containing protein	12	22	cell surface,plasma membrane	phagocytosis, engulfment,positive regulation of mast cell activation,viral entry into host cell	virus receptor activity,phosphatidylserine binding	90	0.6532124568754598	9.635065668422122	395.475555419922	NA	927.782409667969	296.564880371094	767.547485351562	489.152374267578	1278.7177734375	2055.44970703125	645.322692871094	1833.5830078125	395.4755554199219	NA	927.78240966796875	296.56488037109375	767.5474853515625	489.1523742675781	1278.7177734375	2055.44970703125	645.32269287109375	1833.5830078125	104.4	NaN	225.6	96.4	218.3	146	388.5	616.7	184.9	550	20	0	TRUE
1.600194003823965e-63	0	A0A3Q2I4Y0	A0A3Q2I4Y0	NA	Equus caballus	IF rod domain-containing protein	2	2	keratin filament,intermediate filament	keratinization,intermediate filament organization	structural constituent of epidermis	60	0.3701260592953973	4.114226877118051	16.3740406036377	NA	23.4792003631592	8.75672626495361	13.1979036331177	NA	NA	22.9664478302002	26.4395751953125	NA	16.374040603637695	NA	23.47920036315918	8.756726264953613	13.197903633117676	NA	NA	22.966447830200195	26.4395751953125	NA	0.5	NaN	0.8	0.6	0.4	NaN	NaN	1.7	2	NaN	20	60	TRUE
0	0	A0A3Q2I5T2	A0A3Q2I5T2	CST3	Equus caballus	Cystatin C	9	24	extracellular space,cytoplasm,vesicle,extracellular region,Golgi apparatus,plasma membrane	defense response,negative regulation of collagen catabolic process,negative regulation of extracellular matrix disassembly,regulation of tissue remodeling,negative regulation of proteolysis,negative regulation of elastin catabolic process,negative regulation of blood vessel remodeling,fibril organization	beta-amyloid binding,protease binding,endopeptidase inhibitor activity,cysteine-type endopeptidase inhibitor activity,peptidase inhibitor activity,identical protein binding	90	0.8661851617831312	8.93366453975245	48.1691131591797	NA	375.773468017578	229.47200012207	1934.34729003906	239.251068115234	1613.63977050781	643.279174804688	621.173095703125	1289.66662597656	48.16911315917969	NA	375.7734680175781	229.4720001220703	1934.3472900390625	239.2510681152344	1613.6397705078125	643.2791748046875	621.173095703125	1289.6666259765625	58.7	NaN	596	371.2	3299	375.6	2956.7	1071.6	1024.4	2417.2	20	0	TRUE
0	0	A0A3Q2I6U4	A0A3Q2I6U4	CNTN1	Equus caballus	Contactin-1	2	2	plasma membrane,axon,presynaptic membrane,synapse,postsynaptic membrane,glutamatergic synapse,membrane,side of membrane	cell adhesion,axon guidance,brain development,locomotory behavior,central nervous system myelin formation,myelination,cell-cell adhesion	carbohydrate binding,protein binding involved in cell-cell adhesion	90	0.48497635944121115	5.5695945823656405	32.4092063903809	NA	33.9964637756348	43.5067977905273	98.794807434082	53.4615936279297	68.7662887573242	13.3146295547485	75.1781539916992	70.5186004638672	32.40920639038086	NA	33.996463775634766	43.506797790527344	98.79480743408205	53.46159362792969	68.76628875732422	13.314629554748535	75.17815399169922	70.51860046386719	0.6	NaN	0.6	1.3	3	1	2	0.7	2.3	2.1	20	0	TRUE
4.490634132247418e-128	0	A0A3Q2I715	A0A3Q2I715	CDHR2	Equus caballus	Cadherin related family member 2	5	5	adherens junction,plasma membrane,microvillus,brush border,membrane,apical plasma membrane,brush border membrane,microvillus membrane,anchoring junction,catenin complex	cell morphogenesis,cell-cell junction assembly,cell adhesion,homophilic cell adhesion via plasma membrane adhesion molecules,calcium-dependent cell-cell adhesion via plasma membrane cell adhesion molecules,cell migration,cell differentiation,epithelial cell differentiation,regulation of microvillus length,adherens junction organization,cell-cell adhesion mediated by cadherin,negative regulation of cell growth involved in contact inhibition,epithelium development,intermicrovillar adhesion,cell-cell adhesion,brush border assembly	calcium ion binding,beta-catenin binding,cadherin binding,cell adhesion molecule binding	70	0.4136807168211435	4.475968712041965	NA	NA	17.8547439575195	NA	19.7799949645996	8.87260246276855	36.6557579040527	33.1458587646484	21.6131649017334	32.8462066650391	NA	NA	17.85474395751953	NA	19.77999496459961	8.872602462768555	36.655757904052734	33.14585876464844	21.6131649017334	32.84620666503906	NaN	NaN	0.4	NaN	0.1	0.3	2.2	2	1	1.9	60	0	TRUE
0	0	A0A3Q2I744	A0A3Q2I744	NA	Equus caballus	Ig-like domain-containing protein	5	10	lysosomal membrane,late endosome membrane,MHC class II protein complex	peptide antigen assembly with MHC class II protein complex,antigen processing and presentation of exogenous peptide antigen via MHC class II,positive regulation of immune response,positive regulation of T cell activation	MHC class II protein complex binding,peptide antigen binding	100	0.8175498866525086	12.371846258212951	487.439331054688	1346.7822265625	18146.03125	6365.23681640625	20626.92578125	7629.0078125	7128.7236328125	5144.45654296875	7082.18603515625	5645.896484375	487.4393310546875	1346.7822265625	18146.03125	6365.23681640625	20626.92578125	7629.0078125	7128.7236328125	5144.45654296875	7082.18603515625	5645.896484375	220.4	163.8	3210.3	2759.2	5101.8	991.4	3817.8	2450.3	1747.4	4229.7	0	0	TRUE
5.120284403980808e-22	8.848151455156959e-19	A0A3Q2I7I2	A0A3Q2I7I2	NTM	Equus caballus	Neurotrimin	4	4	plasma membrane,presynaptic active zone membrane,postsynaptic density membrane,side of membrane	cell adhesion,heterophilic cell-cell adhesion via plasma membrane cell adhesion molecules,regulation of synapse assembly	NA	70	0.6783024420942607	3.177170528636319	NA	NA	9.1686429977417	NA	7.96728229522705	1.91402506828308	25.5466365814209	17.7884769439697	9.30901908874512	8.3757963180542	NA	NA	9.1686429977417	NA	7.967282295227051	1.914025068283081	25.5466365814209	17.788476943969727	9.309019088745115	8.3757963180542	NaN	NaN	0.5	NaN	1.4	0.1	1.1	2.1	0.6	1.3	60	0	TRUE
1.0478677862025728e-91	0	A0A3Q2I7Z9	A0A3Q2I7Z9	RNF149	Equus caballus	Ring finger protein 149	6	6	membrane	NA	zinc ion binding,metal ion binding,ubiquitin protein ligase activity	70	0.7269714314695213	4.031714118543414	NA	NA	2.79458236694336	NA	11.9228553771973	9.05173492431641	26.2278633117676	37.9725456237793	21.4554634094238	48.5812454223633	NA	NA	2.7945823669433594	NA	11.922855377197266	9.051734924316406	26.227863311767575	37.9725456237793	21.455463409423828	48.58124542236328	NaN	NaN	0.4	NaN	2.9	0.5	9.5	10.9	3.1	15.5	60	0	TRUE
0	0	A0A3Q2I8H8	A0A3Q2I8H8	LGALS3BP	Equus caballus	Galectin-3-binding protein	14	21	extracellular space,membrane	cell adhesion	NA	80	0.30141989646615003	6.421677478273195	NA	NA	70.5301513671875	85.8355712890625	78.4877395629883	94.2169647216797	100.446731567383	57.4692420959473	146.11799621582	77.2489013671875	NA	NA	70.5301513671875	85.8355712890625	78.48773956298828	94.21696472167967	100.4467315673828	57.469242095947266	146.1179962158203	77.2489013671875	NaN	NaN	24.6	25.8	28.5	29.2	37.3	24.7	57	33.1	40	0	TRUE
0	0	A0A3Q2I9J3	A0A3Q2I9J3	CDH19	Equus caballus	Cadherin 19	7	9	adherens junction,plasma membrane,membrane,catenin complex	cell morphogenesis,cell-cell junction assembly,cell adhesion,homophilic cell adhesion via plasma membrane adhesion molecules,calcium-dependent cell-cell adhesion via plasma membrane cell adhesion molecules,cell migration,adherens junction organization,cell-cell adhesion mediated by cadherin,cell-cell adhesion	calcium ion binding,beta-catenin binding,cadherin binding,metal ion binding	80	0.7106624766019064	5.257044291698965	NA	NA	51.4640502929688	5.50379753112793	10.7214584350586	39.4146041870117	74.2345275878906	123.924034118652	49.8001403808594	83.3978118896484	NA	NA	51.46405029296875	5.50379753112793	10.721458435058594	39.41460418701172	74.234527587890625	123.92403411865234	49.800140380859375	83.39781188964844	NaN	NaN	10.1	0.4	0.6	6.9	13.8	27.4	8.6	16.9	40	0	TRUE
8.928973803027945e-129	0	A0A3Q2I9K5	A0A3Q2I9K5	OSCAR	Equus caballus	Osteoclast associated Ig-like receptor	3	3	plasma membrane,cell surface	signal transduction,osteoclast differentiation,collagen-activated signaling pathway	collagen receptor activity	50	0.8182737276095692	4.419639898633635	NA	NA	7.10337972640991	NA	NA	NA	50.3139343261719	59.7779312133789	12.3359212875366	17.0355091094971	NA	NA	7.103379726409912	NA	NA	NA	50.313934326171875	59.777931213378906	12.33592128753662	17.03550910949707	NaN	NaN	0.9	NaN	NaN	NaN	8.4	9.5	1.6	3.4	80	20	TRUE
0	0	A0A3Q2IA10	A0A3Q2IA10	LOC100050047	Equus caballus	trypsin	8	19	extracellular space,extracellular region	proteolysis,digestion	serine-type endopeptidase activity,peptidase activity,serine-type peptidase activity,hydrolase activity	100	1.4851458538113311	9.440034749630652	63.0386619567871	99.4239654541016	2238.86865234375	252.594039916992	1257.57458496094	688.792297363281	2587.1240234375	601.617370605469	656.864379882812	8328.1982421875	63.03866195678711	99.42396545410156	2238.86865234375	252.5940399169922	1257.5745849609375	688.79229736328125	2587.1240234375	601.61737060546875	656.8643798828125	8328.1982421875	27.3	39.8	1162.1	143.3	655.8	353.2	1365.5	304.1	331.9	4396.9	0	0	TRUE
8.278501242794065e-157	0	A0A3Q2ICB7	A0A3Q2ICB7	DSG2	Equus caballus	Desmoglein 2	12	14	desmosome,cytoplasm,plasma membrane,cell surface,intercalated disc,membrane,cell junction	desmosome organization,Purkinje myocyte development,cell adhesion,homophilic cell adhesion via plasma membrane adhesion molecules,negative regulation of epithelial to mesenchymal transition,negative regulation of apoptotic process,negative regulation of endothelial cell differentiation,positive regulation of cell adhesion,mesenchymal to epithelial transition,stem cell proliferation,bundle of His cell-Purkinje myocyte adhesion involved in cell communication,regulation of heart rate by cardiac conduction,cell-cell adhesion,regulation of ventricular cardiac muscle cell action potential,Requires Ontology,positive regulation of stem cell population maintenance,positive regulation of sprouting angiogenesis	calcium ion binding,metal ion binding,cell adhesion molecule binding	70	0.4974297957175711	5.367928446776424	NA	NA	NA	75.896125793457	77.8772583007812	15.7109107971191	44.3671798706055	37.2785377502441	27.8009243011475	47.9668045043945	NA	NA	NA	75.89612579345703	77.87725830078125	15.71091079711914	44.36717987060547	37.27853775024414	27.80092430114746	47.96680450439453	NaN	NaN	NaN	6.3	4.2	0.3	2.4	2.5	0.8	3.2	60	0	TRUE
6.826724147756117e-179	0	A0A3Q2ID54	A0A3Q2ID54	GLB1	Equus caballus	Beta-galactosidase	11	14	vacuole,extracellular region,extracellular space,cytoplasm,lysosome,membrane	carbohydrate metabolic process,glycoprotein catabolic process,ganglioside catabolic process,galactose catabolic process,keratan sulfate catabolic process	hydrolase activity, hydrolyzing O-glycosyl compounds,beta-galactosidase activity,hydrolase activity,hydrolase activity, acting on glycosyl bonds,protein homodimerization activity	70	0.3871714078466302	5.366766052957554	NA	NA	31.4931259155273	59.9737548828125	61.6781692504883	61.0076599121094	NA	47.0175666809082	17.6754302978516	34.4810066223145	NA	NA	31.493125915527344	59.9737548828125	61.67816925048828	61.007659912109375	NA	47.0175666809082	17.675430297851562	34.48100662231445	NaN	NaN	4.6	14.8	13	14.9	NaN	9.7	0.9	6.1	40	20	TRUE
0	0	A0A3Q2IDD2	A0A3Q2IDD2	CFB	Equus caballus	Complement factor B	34	62	Requires Ontology,extracellular region,cell surface	immune system process,proteolysis,complement activation,complement activation, alternative pathway,response to bacterium,innate immune response	serine-type endopeptidase activity,peptidase activity,serine-type peptidase activity,hydrolase activity	90	1.7702642590310902	10.716183039032432	713.334411621094	NA	990.360717773438	9837.5380859375	25960.236328125	701.267211914062	992.507568359375	2462.98706054688	310.244873046875	1124.51965332031	713.33441162109375	NA	990.3607177734376	9837.5380859375	25960.236328125	701.2672119140625	992.507568359375	2462.987060546875	310.244873046875	1124.5196533203125	113.5	NaN	170.8	1941.9	4235.9	110.1	152.9	403.8	45.2	177.3	20	0	TRUE
0	0	A0A3Q2IDE0	A0A3Q2IDE0	C2	Equus caballus	Complement C2	7	10	Requires Ontology,extracellular region,cell surface	immune system process,proteolysis,complement activation,complement activation, classical pathway,response to bacterium,innate immune response,Requires Ontology,positive regulation of apoptotic cell clearance	serine-type endopeptidase activity,peptidase activity,serine-type peptidase activity,hydrolase activity,metal ion binding	70	0.8983824973300939	3.872585091000016	NA	NA	3.35138607025146	23.2663974761963	57.4054985046387	50.2072257995605	NA	29.7677021026611	3.2398853302002	6.67423725128174	NA	NA	3.351386070251465	23.26639747619629	57.40549850463867	50.20722579956055	NA	29.767702102661133	3.2398853302001953	6.674237251281738	NaN	NaN	0.3	5.1	16.1	0.7	NaN	4.4	0.3	0.7	40	20	TRUE
0	0	A0A3Q2IET2	A0A3Q2IET2	CTRC	Equus caballus	Chymotrypsin C	10	16	extracellular space	proteolysis	serine-type endopeptidase activity,peptidase activity,serine-type peptidase activity,hydrolase activity	80	1.2526673694312194	6.869689357614135	NA	NA	609.7568359375	671.1298828125	43.4910621643066	101.021377563477	72.7470703125	81.9971008300781	48.2338676452637	67.6266403198242	NA	NA	609.7568359375	671.1298828125	43.49106216430664	101.02137756347656	72.7470703125	81.997100830078125	48.23386764526367	67.62664031982422	NaN	NaN	249.9	295.3	15.2	44.6	24.9	30.9	16.9	23	40	0	TRUE
1.0553596646170793e-291	0	A0A3Q2IEU2	A0A3Q2IEU2	IL1R2	Equus caballus	Interleukin 1 receptor type 2	2	3	extracellular region,plasma membrane,membrane	cytokine-mediated signaling pathway	interleukin-1 receptor activity,interleukin-1, Type II, blocking receptor activity	70	0.5524357607355583	5.299026941117991	NA	NA	NA	30.37087059021	25.5626678466797	36.2041778564453	48.5215835571289	93.7783355712891	48.0775909423828	23.8429565429688	NA	NA	NA	30.37087059020996	25.562667846679688	36.20417785644531	48.521583557128906	93.77833557128906	48.07759094238281	23.84295654296875	NaN	NaN	NaN	1.8	1.5	1.5	2	6.8	2	1.5	60	0	TRUE
3.47280227208399e-72	0	A0A3Q2IG74	A0A3Q2IG74	NA	Equus caballus	Podocalyxin	2	2	apical plasma membrane,microvillus membrane,ruffle,plasma membrane,microvillus,membrane,lamellipodium,filopodium,membrane raft	cell adhesion,cell migration,regulation of cell-cell adhesion,negative regulation of cell-cell adhesion,regulation of microvillus assembly,positive regulation of cell-cell adhesion mediated by integrin	NA	60	0.6625529384139504	4.661393941896183	NA	NA	NA	NA	24.6418056488037	12.2303886413574	34.8070907592773	14.535228729248	25.9639091491699	66.3351821899414	NA	NA	NA	NA	24.64180564880371	12.230388641357422	34.807090759277344	14.535228729248049	25.96390914916992	66.3351821899414	NaN	NaN	NaN	NaN	0.6	0.5	0.8	0.3	0.6	2.2	80	0	TRUE
0	0	A0A3Q2KLP0	A0A3Q2KLP0	IL10RB	Equus caballus	Interleukin 10 receptor subunit beta	10	17	membrane	cytokine-mediated signaling pathway,defense response to virus	signaling receptor activity	80	0.28436192707486274	7.111202279443104	NA	NA	142.456634521484	139.630569458008	115.121604919434	93.9451293945312	121.912971496582	231.432022094727	149.026901245117	147.587371826172	NA	NA	142.45663452148438	139.6305694580078	115.1216049194336	93.94512939453124	121.91297149658205	231.43202209472656	149.0269012451172	147.58737182617188	NaN	NaN	52	50.8	40	31.2	42.5	90	47.8	54.3	40	0	TRUE
0	0	A0A3Q2KN11	A0A3Q2KN11	SIRPA	Equus caballus	Ig-like domain-containing protein	6	6	plasma membrane,membrane	positive regulation of phagocytosis,positive regulation of T cell activation	NA	80	0.4239607297313262	6.46276877490447	NA	NA	75.0113372802734	47.1598243713379	78.3319625854492	80.5830535888672	107.093528747559	140.029678344727	166.834899902344	65.5761642456055	NA	NA	75.01133728027344	47.15982437133789	78.33196258544922	80.58305358886719	107.0935287475586	140.02967834472656	166.83489990234375	65.57616424560547	NaN	NaN	8.4	5	6.7	6.4	8.7	13.2	14.9	8.1	40	0	TRUE
0.0068183940174344	0.03684971109032631	A0A3Q2KP35	A0A3Q2KP35	TGOLN2	Equus caballus	Trans-golgi network protein 2	2	3	endosome,trans-Golgi network,trans-Golgi network transport vesicle	NA	NA	40	0.5709394520136218	4.232593542153502	NA	NA	NA	NA	NA	7.64947891235352	16.5908432006836	36.5036430358887	26.9596309661865	NA	NA	NA	NA	NA	NA	7.649478912353516	16.590843200683594	36.50364303588867	26.959630966186523	NA	NaN	NaN	NaN	NaN	NaN	0.4	5.7	1.7	4.8	NaN	100	20	TRUE
0	0	A0A3Q2KP77	A0A3Q2KP77	DEFB1	Equus caballus	Beta-defensin 1	3	4	extracellular space,extracellular region,membrane,sperm midpiece,microvesicle	innate immune response in mucosa,defense response,response to bacterium,calcium-mediated signaling,antibacterial humoral response,defense response to bacterium,defense response to Gram-negative bacterium,defense response to Gram-positive bacterium,positive regulation of flagellated sperm motility involved in capacitation,Requires Ontology	CCR6 chemokine receptor binding,identical protein binding	100	0.9158270326391796	7.90812344778521	5.49574708938599	35.5687294006348	130.19206237793	509.489044189453	1179.90734863281	205.421569824219	797.6767578125	216.860794067383	906.505554199219	1297.58801269531	5.495747089385986	35.568729400634766	130.1920623779297	509.4890441894531	1179.9073486328125	205.42156982421875	797.6767578125	216.8607940673828	906.50555419921875	1297.5880126953125	1.1	28.9	93.9	375.4	825.6	160.8	631.9	171.2	717.4	1072.6	0	0	TRUE
0	0	A0A3Q2KQ89	A0A3Q2KQ89	LOC100061639	Equus caballus	Butyrophilin-like protein 10	3	4	external side of plasma membrane,membrane	regulation of cytokine production,T cell receptor signaling pathway	receptor binding	70	0.6098260026505267	5.791498236498088	NA	NA	71.0746612548828	NA	27.1257667541504	77.8352584838867	74.7230529785156	21.2450408935547	47.7550926208496	140.571655273438	NA	NA	71.07466125488281	NA	27.12576675415039	77.83525848388672	74.723052978515625	21.245040893554688	47.75509262084961	140.5716552734375	NaN	NaN	4.4	NaN	3.4	5.5	8.9	1.4	6	19	60	0	TRUE
0	0	A0A3Q2KQU3	A0A3Q2KQU3	IL6ST	Equus caballus	Interleukin 6 cytokine family signal transducer	8	9	external side of plasma membrane,plasma membrane,membrane,receptor complex	positive regulation of cell proliferation,cytokine-mediated signaling pathway,interleukin-6-mediated signaling pathway	interleukin-6 receptor activity,interleukin-6 binding,cytokine receptor activity,cytokine binding	80	0.3908083247869515	6.1252373042741795	NA	NA	75.5283203125	25.4924335479736	88.9513702392578	50.8382606506348	98.7242584228516	59.9393119812012	118.922103881836	91.998046875	NA	NA	75.5283203125	25.492433547973633	88.95137023925781	50.838260650634766	98.72425842285156	59.93931198120117	118.92210388183594	91.998046875	NaN	NaN	6.6	1.6	8.3	3.7	8.4	5.6	10.5	7.9	40	0	TRUE
0.01389022223275036	0.03684971109032631	A0A3Q2KRV3	A0A3Q2KRV3	ABI3BP	Equus caballus	ABI family member 3 binding protein	2	2	NA	negative regulation of cell proliferation,negative regulation of connective tissue replacement involved in inflammatory response wound healing,positive regulation of cardiocyte differentiation	NA	60	0.6964617123134254	3.320807772028095	NA	NA	NA	NA	9.03140735626221	6.75925874710083	27.7834510803223	13.0751991271973	13.5204286575317	3.3196861743927	NA	NA	NA	NA	9.031407356262209	6.75925874710083	27.783451080322266	13.075199127197266	13.520428657531738	3.3196861743927	NaN	NaN	NaN	NaN	0.1	0.1	0.7	0.1	0.2	0	80	0	TRUE
0	0	A0A3Q2KTQ9	A0A3Q2KTQ9	ACTB	Equus caballus	Actin beta	18	34	cytosol,cytoskeleton	NA	nucleotide binding,ATP binding	70	1.3951569059467843	7.015916764280192	NA	NA	135.662322998047	172.24299621582	48.1668853759766	947.249572753906	NA	67.6598129272461	203.508377075195	41.4269409179688	NA	NA	135.66232299804688	172.2429962158203	48.16688537597656	947.24957275390625	NA	67.6598129272461	203.5083770751953	41.42694091796875	NaN	NaN	76.2	102.7	15.4	611.3	NaN	32.9	120.2	19.9	40	20	TRUE
0.02171061923277926	0.04621158912777901	A0A3Q2KUR5	A0A3Q2KUR5	MRC1	Equus caballus	Mannose receptor C-type 1	2	2	plasma membrane,cell surface,endosome membrane	endocytosis,receptor-mediated endocytosis	transmembrane signaling receptor activity,mannose binding,carbohydrate binding,cargo receptor activity	70	0.5035441074562548	2.5344884410224737	NA	NA	NA	2.32283234596252	3.8627462387085	12.3898763656616	5.29300165176392	7.30009460449219	6.13609743118286	8.31372261047363	NA	NA	NA	2.3228323459625244	3.862746238708496	12.38987636566162	5.293001651763916	7.3000946044921875	6.136097431182861	8.313722610473633	NaN	NaN	NaN	0	0	0.1	0.1	0.1	0.1	0.2	60	0	TRUE
0	0	A0A3Q2KVZ1	A0A3Q2KVZ1	NPTN	Equus caballus	Neuroplastin	3	4	plasma membrane,axon,immunological synapse,postsynaptic density,dendrite	negative regulation of cytokine production,cellular calcium ion homeostasis,cell adhesion,homophilic cell adhesion via plasma membrane adhesion molecules,nervous system development,axon guidance,modulation of synaptic transmission,regulation of multicellular organismal process,regulation of macromolecule metabolic process,dendrite self-avoidance	protein binding involved in cell-cell adhesion	90	0.7511984632872543	5.932515645613296	11.5308599472046	NA	70.6243438720703	15.1767911911011	57.6965026855469	28.1838111877441	151.204360961914	192.16178894043	138.989791870117	145.689041137695	11.53085994720459	NA	70.62434387207031	15.176791191101074	57.696502685546875	28.18381118774414	151.20436096191406	192.1617889404297	138.9897918701172	145.6890411376953	0.3	NaN	2.1	0.4	40.7	1.3	10.1	13.3	9.6	10.2	20	0	TRUE
0	0	A0A3Q2KXH2	A0A3Q2KXH2	LOC111767504	Equus caballus	Aminopeptidase	23	34	extracellular space,plasma membrane	angiogenesis,angiotensin maturation,proteolysis,cell differentiation,peptide catabolic process,viral entry into host cell	virus receptor activity,aminopeptidase activity,peptidase activity,metallopeptidase activity,zinc ion binding,obsolete cytosol alanyl aminopeptidase activity,hydrolase activity,metal ion binding,metalloaminopeptidase activity	70	0.5604286728389161	5.19229042110846	NA	NA	75.1277847290039	36.2799301147461	29.6633262634277	73.6689300537109	NA	24.2588901519775	31.7951259613037	19.0126838684082	NA	NA	75.1277847290039	36.279930114746094	29.663326263427734	73.66893005371094	NA	24.25889015197754	31.79512596130371	19.012683868408203	NaN	NaN	35.1	15.4	9.1	36.4	NaN	8.3	11.7	10.9	40	20	TRUE
2.841526139868155e-74	0	A0A3Q2KZQ1	A0A3Q2KZQ1	ST3GAL6	Equus caballus	Type 2 lactosamine alpha-2,3-sialyltransferase	8	8	Golgi membrane	glycoprotein biosynthetic process,glycolipid biosynthetic process	N-acetyllactosaminide alpha-2,3-sialyltransferase activity,sialyltransferase activity,transferase activity,transferase activity, transferring glycosyl groups	80	0.6502006917002437	5.004868795253966	NA	NA	18.3934345245361	17.1083736419678	14.6142578125	76.1403503417969	35.6725387573242	49.6017036437988	74.2653579711914	24.5496311187744	NA	NA	18.393434524536133	17.108373641967773	14.6142578125	76.140350341796875	35.67253875732422	49.60170364379883	74.2653579711914	24.549631118774418	NaN	NaN	1.7	2.3	0.8	19.4	3.9	4.7	17.3	7.3	40	0	TRUE
0	0	A0A3Q2L1G7	A0A3Q2L1G7	LYPD2	Equus caballus	LY6/PLAUR domain containing 2	2	4	plasma membrane,membrane,side of membrane	NA	NA	100	1.0456905553971778	4.681601714176969	6.50314140319824	2.0068895816803	45.8249816894531	9.52296924591064	26.2087802886963	19.7230358123779	52.0461196899414	160.596435546875	100.023918151855	50.3332977294922	6.503141403198242	2.006889581680298	45.824981689453125	9.522969245910645	26.20878028869629	19.72303581237793	52.046119689941406	160.596435546875	100.02391815185548	50.33329772949219	2.7	0.5	21.9	2.3	14.1	10	24.2	77.6	46.8	26.3	0	0	TRUE
3.1667688598903743e-60	1.401298464324817e-45	A0A3Q2L2B2	A0A3Q2L2B2	OGFOD3	Equus caballus	2-oxoglutarate and iron dependent oxygenase domain containing 3	3	3	membrane	NA	iron ion binding,oxidoreductase activity,oxidoreductase activity, acting on paired donors, with incorporation or reduction of molecular oxygen,L-ascorbic acid binding,metal ion binding,dioxygenase activity	60	0.3854806564962004	4.429738258321351	NA	NA	27.1435546875	12.3722743988037	NA	18.9061317443848	NA	25.9100742340088	36.9282188415527	16.4952373504639	NA	NA	27.1435546875	12.372274398803713	NA	18.90613174438477	NA	25.91007423400879	36.928218841552734	16.495237350463867	NaN	NaN	2.9	0.9	NaN	4.1	NaN	3.6	2.6	1.1	60	20	TRUE
0	0	A0A3Q2L5E0	A0A3Q2L5E0	NA	Equus caballus	Keratin, type I cytoskeletal 19	19	22	cytoskeleton,keratin filament,intermediate filament	morphogenesis of an epithelium,epithelial cell differentiation,intermediate filament organization	structural molecule activity,structural constituent of epidermis	100	0.4514833827392872	12.282650326227742	4322.38916015625	6954.5830078125	5035.66552734375	4881.63232421875	3979.03344726562	2272.62890625	7084.2529296875	9436.5947265625	8870.9716796875	2379.34912109375	4322.38916015625	6954.5830078125	5035.66552734375	4881.63232421875	3979.033447265625	2272.62890625	7084.2529296875	9436.5947265625	8870.9716796875	2379.34912109375	455.5	755.3	410.5	522.3	407.3	225.1	695.7	884.6	896.8	225.7	0	0	TRUE
0	0	A0A3Q2L5Z4	A0A3Q2L5Z4	CD84	Equus caballus	CD84 molecule	2	4	external side of plasma membrane,plasma membrane,membrane	adaptive immune response,immune system process,immune response,negative regulation of granulocyte macrophage colony-stimulating factor production,negative regulation of interleukin-18 production,negative regulation of mast cell activation,T cell activation,negative regulation of mast cell degranulation,innate immune response,regulation of store-operated calcium entry	identical protein binding	80	0.9109708331305012	5.84894056421434	16.2500133514404	NA	34.7418251037598	NA	24.5699520111084	19.6398029327393	204.927597045898	213.877258300781	105.041038513184	97.1137161254883	16.25001335144043	NA	34.741825103759766	NA	24.5699520111084	19.639802932739254	204.92759704589844	213.87725830078125	105.0410385131836	97.11371612548828	2.9	NaN	5.2	NaN	4	4.2	38	37.5	18.8	18.3	40	0	TRUE
0	0	A0A3Q2L8T3	A0A3Q2L8T3	LOC102147390	Equus caballus	Ig-like domain-containing protein	6	8	membrane	immune response	NA	70	0.5362187103133504	4.716327029306949	NA	NA	29.5795269012451	NA	12.9158926010132	5.93923044204712	45.8416748046875	49.657657623291	35.0968017578125	47.8554344177246	NA	NA	29.579526901245117	NA	12.915892601013184	5.939230442047119	45.8416748046875	49.657657623291016	35.0968017578125	47.85543441772461	NaN	NaN	1.4	NaN	5.6	5.8	2.2	2.4	9.4	28.6	60	0	TRUE
0	0	A0A3Q2LB56	A0A3Q2LB56	CTSB	Equus caballus	Cathepsin B	14	24	extracellular space,lysosome,external side of plasma membrane,apical plasma membrane,perinuclear region of cytoplasm	proteolysis,thyroid hormone generation,collagen catabolic process,epithelial cell differentiation,viral entry into host cell,proteolysis involved in cellular protein catabolic process,cellular response to thyroid hormone stimulus	endopeptidase activity,cysteine-type endopeptidase activity,collagen binding,peptidase activity,cysteine-type peptidase activity,hydrolase activity,proteoglycan binding	80	0.9639949754255585	5.868314463785113	NA	NA	65.9761657714844	256.481903076172	104.131973266602	38.372673034668	36.4550857543945	48.287353515625	17.3728008270264	65.5840301513672	NA	NA	65.976165771484375	256.4819030761719	104.13197326660156	38.37267303466797	36.45508575439453	48.287353515625	17.372800827026367	65.58403015136719	NaN	NaN	24.4	116.7	35.4	11	6.2	13.1	2.1	17.3	40	0	TRUE
0	0	A0A3Q2LDB5	A0A3Q2LDB5	MGAM	Equus caballus	Maltase-glucoamylase	40	47	cytoplasm,plasma membrane,endomembrane system,apical plasma membrane,apical part of cell	maltose catabolic process,carbohydrate metabolic process,dextrin catabolic process	catalytic activity,hydrolase activity, hydrolyzing O-glycosyl compounds,alpha-1,4-glucosidase activity,hydrolase activity,hydrolase activity, acting on glycosyl bonds,carbohydrate binding,alpha-glucosidase activity	90	0.4952963540762568	6.513409584968579	44.5036773681641	NA	189.979995727539	44.7365570068359	79.4235305786133	82.7414855957031	120.838714599609	163.058319091797	73.0274124145508	123.911361694336	44.50367736816406	NA	189.97999572753903	44.73655700683594	79.42353057861328	82.741485595703125	120.83871459960938	163.05831909179688	73.02741241455078	123.91136169433594	3.6	NaN	31.4	6.7	12.1	12.8	15.2	26.9	9	21.9	20	0	TRUE
3.810718000322241e-85	0	A0A3Q2LHV6	A0A3Q2LHV6	CTSC	Equus caballus	Dipeptidyl peptidase 1	8	8	extracellular space,lysosome,cytoplasm	T cell mediated cytotoxicity,proteolysis,apoptotic process,proteolysis involved in cellular protein catabolic process	cysteine-type endopeptidase activity,serine-type endopeptidase activity,peptidase activity,cysteine-type peptidase activity,dipeptidyl-peptidase activity,peptidase activator activity involved in apoptotic process,hydrolase activity	80	0.36887487279475406	4.937786645168097	NA	NA	17.3151607513428	42.3391456604004	49.5840797424316	44.794677734375	31.6170787811279	18.8265628814697	32.5928649902344	24.650318145752	NA	NA	17.315160751342773	42.33914566040039	49.58407974243164	44.794677734375	31.61707878112793	18.826562881469727	32.592864990234375	24.650318145751953	NaN	NaN	1.8	9.2	11.3	7.6	1	1.3	1.1	2.7	40	0	TRUE
0	0	A0A3Q2LJM7	A0A3Q2LJM7	NA	Equus caballus	Ig-like domain-containing protein	8	17	alpha-beta T cell receptor complex	NA	NA	90	1.0134778657861494	8.241139915706862	73.7241592407227	NA	251.351058959961	859.972839355469	1557.96606445312	472.225341796875	87.7296905517578	193.019958496094	159.169784545898	672.637084960938	73.72415924072266	NA	251.35105895996097	859.97283935546875	1557.966064453125	472.225341796875	87.72969055175781	193.01995849609375	159.16978454589844	672.6370849609375	51.2	NaN	364.8	1156.9	2508.2	707.1	54.2	272.4	228.3	994.1	20	0	TRUE
3.0966582133462177e-59	5.605193857299268e-45	A0A3Q2LM77	A0A3Q2LM77	VLDLR	Equus caballus	Very low density lipoprotein receptor	2	2	plasma membrane,clathrin-coated pit,very-low-density lipoprotein particle	lipid metabolic process,lipid transport,endocytosis,nervous system development,steroid metabolic process,cholesterol metabolic process	calcium ion binding,apolipoprotein binding	70	0.36406911240924594	3.638864357081161	NA	NA	12.2816305160522	13.5365343093872	14.8006200790405	20.0612506866455	NA	17.6910705566406	6.31526470184326	8.4392557144165	NA	NA	12.281630516052246	13.536534309387209	14.800620079040527	20.061250686645508	NA	17.691070556640625	6.315264701843262	8.439255714416504	NaN	NaN	0.5	0.5	0.4	0.9	NaN	0.7	0.3	0.2	40	20	TRUE
0	0	A0A5F5PEG5	A0A5F5PEG5	AMBP	Equus caballus	Protein AMBP	31	91	plasma membrane,cell surface,extracellular region,mitochondrial inner membrane,endoplasmic reticulum,cytosol,nuclear membrane	NA	serine-type endopeptidase inhibitor activity,oxidoreductase activity,IgA binding,heme binding,peptidase inhibitor activity,protein homodimerization activity	100	1.02979568401759	13.993900233505778	2393.70532226562	2385.70581054688	18808.734375	81274.9296875	78854.9375	17429.103515625	16754.76953125	16429.5078125	12112.8916015625	33397.8671875	2393.705322265625	2385.705810546875	18808.734375	81274.9296875	78854.9375	17429.103515625	16754.76953125	16429.5078125	12112.8916015625	33397.8671875	785.8	605.8	5666.3	21440.801	17980.801	5510.1	7016.5	5691.4	3749.5	15113.1	0	0	TRUE
0	0	A0A5F5PEH0	A0A5F5PEH0	DLK1	Equus caballus	Delta like non-canonical Notch ligand 1	2	4	membrane,extracellular space	negative regulation of ossification,negative regulation of osteoblast differentiation,positive regulation of osteoclast differentiation,negative regulation of Notch signaling pathway,positive regulation of bone resorption,regulation of bone remodeling	calcium ion binding	80	0.8855117772872654	6.071573291176282	19.4615612030029	NA	48.8431282043457	NA	72.1651763916016	17.8619174957275	58.8680152893066	260.775512695312	192.98161315918	115.320472717285	19.46156120300293	NA	48.8431282043457	NA	72.16517639160156	17.86191749572754	58.86801528930664	260.7755126953125	192.9816131591797	115.32047271728516	2.3	NaN	8.5	NaN	13.1	2.1	12.5	48.1	35	21	40	0	TRUE
0	0	A0A5F5PF68	A0A5F5PF68	NA	Equus caballus	Ig-like domain-containing protein	6	11	plasma membrane,cell surface	regulation of immune system process,signal transduction	protein tyrosine kinase binding	80	0.5197352043641509	5.357877261471528	NA	NA	38.6730804443359	11.1650009155273	28.8841285705566	30.7949390411377	49.369571685791	80.8342742919922	72.7566757202148	71.7332077026367	NA	NA	38.67308044433594	11.165000915527344	28.88412857055664	30.794939041137695	49.369571685791016	80.83427429199219	72.75667572021484	71.73320770263672	NaN	NaN	7.6	3.6	6.3	8.8	11	22.1	21.3	25.5	40	0	TRUE
0	0	A0A5F5PG69	A0A5F5PG69	FLNC	Equus caballus	Filamin C	23	36	cytoskeleton	actin cytoskeleton organization	actin binding,actin filament binding	80	0.4899467332534293	5.804902030157584	NA	NA	54.8836441040039	91.5126495361328	107.870262145996	17.7340660095215	71.0564575195312	44.477783203125	90.6237106323242	34.6716423034668	NA	NA	54.883644104003906	91.5126495361328	107.8702621459961	17.734066009521484	71.05645751953125	44.477783203125	90.62371063232422	34.6716423034668	NaN	NaN	5.7	15.8	19.2	1	1.8	3.9	2.1	3.9	40	0	TRUE
0	0	A0A5F5PGG8	A0A5F5PGG8	SH3BGRL3	Equus caballus	SH3 domain-binding glutamic acid-rich-like protein 3	5	10	nucleus,cytosol,ruffle membrane	NA	NA	90	0.9228137026115888	8.971778664991968	166.211883544922	NA	497.336364746094	313.718902587891	1865.82165527344	259.227844238281	1271.80444335938	223.982269287109	334.601531982422	1695.91381835938	166.21188354492188	NA	497.33636474609375	313.7189025878906	1865.8216552734375	259.22784423828125	1271.804443359375	223.98226928710935	334.6015319824219	1695.913818359375	134.1	NaN	328.8	228.9	1410	189.5	873.3	173	264.5	1262.4	20	0	TRUE
0	0	A0A5F5PGJ5	A0A5F5PGJ5	CADM1	Equus caballus	Cell adhesion molecule 1	12	24	plasma membrane,neuron projection,synapse	homophilic cell adhesion via plasma membrane adhesion molecules,cell recognition,susceptibility to natural killer cell mediated cytotoxicity,detection of stimulus	receptor binding	90	0.7775171115705387	6.252132158813364	54.543098449707	NA	89.3907241821289	18.0111141204834	78.8897399902344	56.0287132263184	118.229606628418	277.469635009766	114.990646362305	59.3069534301758	54.54309844970703	NA	89.3907241821289	18.0111141204834	78.889739990234375	56.02871322631836	118.22960662841795	277.4696350097656	114.99064636230467	59.30695343017578	13.3	NaN	42.9	5.8	36.2	26.4	49.2	132.6	56.3	27.1	20	0	TRUE
0	0	A0A5F5PH00	A0A5F5PH00	LOC100055141	Equus caballus	Immunoglobulin domain-containing protein	11	15	plasma membrane	immune response-inhibiting cell surface receptor signaling pathway,cytokine-mediated signaling pathway	inhibitory MHC class I receptor activity	80	0.8076444579147886	7.973389845727758	NA	NA	197.115051269531	159.026550292969	358.969421386719	167.788558959961	163.904037475586	263.497131347656	221.452041625977	881.417419433594	NA	NA	197.11505126953125	159.02655029296875	358.96942138671875	167.78855895996094	163.90403747558594	263.49713134765625	221.45204162597656	881.41741943359375	NaN	NaN	50.2	49.1	127.3	47.8	37.4	86.8	48.1	280.7	40	0	TRUE
0	0	A0A5F5PI45	A0A5F5PI45	LOC100059994	Equus caballus	Butyrophilin subfamily 1 member A1-like	11	15	extracellular space,external side of plasma membrane,plasma membrane,phagocytic vesicle membrane,lumenal side of endoplasmic reticulum membrane,MHC class I protein complex	positive regulation of T cell mediated cytotoxicity,immune system process,antigen processing and presentation of peptide antigen via MHC class I,antigen processing and presentation of endogenous peptide antigen via MHC class Ib,antigen processing and presentation of endogenous peptide antigen via MHC class I via ER pathway, TAP-independent,immune response	receptor binding,beta-2-microglobulin binding,peptide antigen binding	70	0.885421590822857	6.962437078776418	NA	NA	280.819488525391	455.366241455078	89.9391632080078	157.764038085938	81.4201583862305	68.4244003295898	46.4118576049805	NA	NA	NA	280.8194885253906	455.3662414550781	89.93916320800781	157.7640380859375	81.42015838623047	68.42440032958984	46.41185760498047	NA	NaN	NaN	36.3	55.1	9.2	15.8	4.9	7.4	10.2	NaN	40	20	TRUE
0	0	A0A5F5PIR2	A0A5F5PIR2	PRDX1	Equus caballus	thioredoxin-dependent peroxiredoxin	6	7	NA	cellular oxidant detoxification	peroxidase activity,antioxidant activity,oxidoreductase activity,peroxiredoxin activity,Requires Ontology	90	0.6554385574412326	5.177145026549725	19.0022888183594	NA	69.0531768798828	61.190357208252	92.3386917114258	80.6596908569336	26.2177028656006	45.3577156066895	16.5332069396973	9.03582382202148	19.002288818359375	NA	69.05317687988281	61.19035720825195	92.33869171142578	80.6596908569336	26.217702865600582	45.35771560668945	16.533206939697266	9.035823822021484	1.7	NaN	65.5	33.2	51.9	52	7.2	23	7.3	2.1	20	0	TRUE
0	0	A0A5F5PJ00;A0A5F5PSN9;A0A9L0RUW9	A0A5F5PJ00;A0A5F5PSN9;A0A9L0RUW9	NA	Equus caballus	Ig-like domain-containing protein	2	3	extracellular region,plasma membrane,immunoglobulin complex;extracellular region,plasma membrane,immunoglobulin complex;extracellular region,plasma membrane,immunoglobulin complex	immune response;immune response;immune response	;;	100	0.7120204100215672	8.241780918946805	192.034103393555	45.4339370727539	427.604064941406	569.747924804688	906.886596679688	93.2422637939453	411.485443115234	859.103332519531	192.255950927734	528.815246582031	192.0341033935547	45.433937072753906	427.60406494140625	569.7479248046875	906.8865966796876	93.24226379394533	411.4854431152344	859.10333251953125	192.2559509277344	528.81524658203125	43.6;39.3;32.7	10.3;9.3;7.7	97.1;87.4;72.9	156.6;141;117.5	254.9;229.4;191.2	21.2;19.1;15.9	75.8;68.2;56.8	215.2;193.7;161.4	43.7;39.3;32.8	99.1;89.2;74.3	0	0	TRUE
0	0	A0A5F5PJZ0	A0A5F5PJZ0	DBI	Equus caballus	Acyl-CoA-binding protein	4	9	endoplasmic reticulum,Golgi apparatus	fatty acid metabolic process	fatty-acyl-CoA binding,lipid binding	80	0.8186617876445285	5.562469253519974	NA	NA	14.3225173950195	14.3854904174805	170.859497070312	114.199523925781	65.3191223144531	18.995512008667	52.9599952697754	94.1616439819336	NA	NA	14.322517395019531	14.385490417480469	170.8594970703125	114.19952392578124	65.319122314453125	18.995512008666992	52.95999526977539	94.1616439819336	NaN	NaN	6.3	10.8	171.9	99.3	56	16.2	46.4	78.7	40	0	TRUE
0	0	A0A5F5PKC5	A0A5F5PKC5	TTN	Equus caballus	Titin	10	10	extracellular space,nucleus,cytoplasm,actin cytoskeleton,Z disc,M band,macromolecular complex	muscle contraction,brain development,peripheral nervous system development,cell differentiation,intracellular signal transduction,ERBB4 signaling pathway,ERBB2-ERBB3 signaling pathway,sarcomere organization,negative chemotaxis,cardiac myofibril assembly,cardiac muscle tissue morphogenesis	nucleotide binding,protein kinase activity,protein serine/threonine kinase activity,structural molecule activity,calmodulin binding,ATP binding,cytoskeletal protein binding,kinase activity,transferase activity,protein tyrosine kinase activator activity,chemorepellent activity,metal ion binding	90	0.5447657800218354	6.456854740963174	34.2543830871582	NA	73.172233581543	64.7245788574219	93.9070587158203	53.0666770935059	149.538955688477	80.5895309448242	167.732757568359	190.572357177734	34.2543830871582	NA	73.17223358154297	64.724578857421875	93.90705871582033	53.06667709350586	149.53895568847656	80.58953094482422	167.73275756835938	190.5723571777344	0.1	NaN	0.2	0.2	0.2	0.1	0.3	0.1	0.3	0.4	20	0	TRUE
0	0	A0A5F5PKV5	A0A5F5PKV5	SELENBP1	Equus caballus	Methanethiol oxidase	32	50	nucleus,cytosol,membrane	protein transport	selenium binding,oxidoreductase activity,methanethiol oxidase activity	80	1.7828007725608526	6.578166011288237	50.2608108520508	NA	49.9432830810547	12.2181129455566	79.0962524414062	73.5565185546875	116.77099609375	258.516876220703	NA	1289.70568847656	50.26081085205078	NA	49.94328308105469	12.21811294555664	79.09625244140625	73.5565185546875	116.77099609375	258.5168762207031	NA	1289.7056884765625	14.7	NaN	16.8	2.2	28.2	26.9	34.9	112.7	NaN	585.3	20	20	TRUE
0	0	A0A5F5PL54	A0A5F5PL54	EFEMP2	Equus caballus	EGF containing fibulin extracellular matrix protein 2	20	30	microfibril,basement membrane,extracellular matrix,elastic fiber	aorta development,elastic fiber assembly,aorta smooth muscle tissue morphogenesis,vascular smooth muscle cell development,regulation of collagen fibril organization,positive regulation of collagen fibril organization,negative regulation of vascular smooth muscle cell proliferation,positive regulation of aortic smooth muscle cell differentiation,Requires Ontology	calcium ion binding,heparin binding,protein homodimerization activity	70	0.4490893917752268	6.830226850979732	NA	NA	60.5202445983887	232.822814941406	NA	146.860061645508	104.198265075684	98.4875793457031	122.630004882812	94.8535308837891	NA	NA	60.52024459838867	232.82281494140625	NA	146.8600616455078	104.1982650756836	98.487579345703125	122.6300048828125	94.85353088378906	NaN	NaN	12.6	63.1	NaN	38.5	21.4	23.4	20.4	20.4	60	0	TRUE
5.586806893009373e-67	0	A0A5F5PLI4	A0A5F5PLI4	AGA	Equus caballus	Aspartylglucosaminidase	5	5	cytoplasm,lysosome,extracellular space,endoplasmic reticulum	proteolysis	N4-(beta-N-acetylglucosaminyl)-L-asparaginase activity,peptidase activity,hydrolase activity	70	0.41938161885484976	4.95011277804518	NA	NA	25.5414772033691	37.6591949462891	57.6398429870605	NA	23.9041900634766	21.6528778076172	21.2854175567627	44.1586036682129	NA	NA	25.54147720336914	37.65919494628906	57.63984298706055	NA	23.90419006347656	21.652877807617188	21.285417556762695	44.15860366821289	NaN	NaN	3.9	6.5	8.8	NaN	0.6	0.6	0.5	3.2	40	20	TRUE
0	0	A0A5F5PLV2	A0A5F5PLV2	CPB2	Equus caballus	Carboxypeptidase B2	20	29	extracellular space,extracellular region	proteolysis,blood coagulation,hemostasis,fibrinolysis	carboxypeptidase activity,metallocarboxypeptidase activity,peptidase activity,metallopeptidase activity,zinc ion binding,hydrolase activity,metal ion binding	80	1.2907809186400578	6.9462196618129894	NA	NA	43.6294288635254	268.157562255859	846.9462890625	48.1036262512207	215.89274597168	55.3037452697754	77.4695739746094	121.29328918457	NA	NA	43.62942886352539	268.1575622558594	846.9462890625	48.1036262512207	215.8927459716797	55.30374526977539	77.469573974609375	121.29328918457033	NaN	NaN	8.8	85.7	257.2	7.5	25.4	11	7.6	21.2	40	0	TRUE
0	0	A0A5F5PM05	A0A5F5PM05	CD160	Equus caballus	CD160 molecule	4	5	plasma membrane,extracellular region,side of membrane	positive regulation of cytokine production,adaptive immune response,immune system process,positive regulation of natural killer cell mediated immunity,regulation of adaptive immune response,innate immune response	transmembrane signaling receptor activity	90	0.7189985766682262	6.2312211066273315	37.0220108032227	NA	58.4200172424316	16.8082942962646	77.4143600463867	42.757251739502	174.192672729492	130.375	120.949951171875	230.596984863281	37.022010803222656	NA	58.42001724243164	16.80829429626465	77.41436004638672	42.75725173950195	174.1926727294922	130.375	120.949951171875	230.59698486328125	16.9	NaN	29.7	7.1	39.2	21.2	94.2	67	64.1	123	20	0	TRUE
5.54100547127352e-212	0	A0A5F5PMV5	A0A5F5PMV5	ROBO4	Equus caballus	Roundabout guidance receptor 4	7	8	external side of plasma membrane,membrane	angiogenesis,cell differentiation,establishment of endothelial barrier,cell-cell adhesion	signaling receptor activity	80	0.251053305613771	5.486792525395728	NA	NA	53.8114433288574	23.7745704650879	39.1475830078125	45.7632293701172	44.6520729064941	55.1477088928223	46.5710334777832	62.2041168212891	NA	NA	53.81144332885742	23.77457046508789	39.1475830078125	45.76322937011719	44.65207290649414	55.147708892822266	46.5710334777832	62.20411682128906	NaN	NaN	5	2	3.6	4	2.7	4.2	3.7	6.4	40	0	TRUE
3.6996357487480415e-158	0	A0A5F5PNY6	A0A5F5PNY6	FGFR1	Equus caballus	Fibroblast growth factor receptor	4	5	plasma membrane,postsynapse,glutamatergic synapse,nucleus,cytosol,membrane,cytoplasmic vesicle,receptor complex	negative regulation of transcription from RNA polymerase II promoter,epithelial to mesenchymal transition,positive regulation of cell proliferation,fibroblast growth factor receptor signaling pathway,gene expression,positive regulation of macromolecule metabolic process,orbitofrontal cortex development,ventricular zone neuroblast division,fibroblast growth factor receptor signaling pathway involved in orbitofrontal cortex development,positive regulation of MAPK cascade,positive regulation of blood vessel endothelial cell migration,cellular response to fibroblast growth factor stimulus,positive regulation of cell differentiation,positive regulation of neuron differentiation,positive regulation of cell cycle,animal organ development,generation of neurons,positive regulation of protein kinase B signaling,calcium ion homeostasis,diphosphate metabolic process,cellular response to growth factor stimulus,cementum mineralization,regulation of primary metabolic process,Requires Ontology,response to sodium phosphate,positive regulation of endothelial cell chemotaxis	nucleotide binding,protein kinase activity,protein tyrosine kinase activity,transmembrane receptor protein tyrosine kinase activity,fibroblast growth factor-activated receptor activity,ATP binding,heparin binding,kinase activity,transferase activity,fibroblast growth factor binding,SH2 domain binding,identical protein binding,protein homodimerization activity,Requires Ontology	80	0.808003101236562	5.019358067418547	NA	NA	8.61872386932373	14.7008028030396	47.1200714111328	18.5166511535645	111.640670776367	23.3860740661621	78.9561996459961	53.7155838012695	NA	NA	8.61872386932373	14.70080280303955	47.12007141113281	18.516651153564453	111.6406707763672	23.38607406616211	78.9561996459961	53.71558380126953	NaN	NaN	0.5	1	3.5	1.2	10.4	2.3	5	3.9	40	0	TRUE
0	0	A0A5F5PNY8	A0A5F5PNY8	LASP1	Equus caballus	LIM and SH3 domain protein 1	2	2	cytoplasm,cytoskeleton,cell cortex	ion transport	actin binding,metal ion binding	80	0.6380471211149493	5.86547367917798	NA	NA	30.7014331817627	28.6194400787354	57.8963851928711	42.735221862793	130.568084716797	128.86474609375	33.8535194396973	107.804267883301	NA	NA	30.701433181762695	28.61944007873535	57.896385192871094	42.73522186279297	130.56808471679688	128.86474609375	33.853519439697266	107.80426788330078	NaN	NaN	2.6	2.4	6.2	3.6	11	13.6	2.9	9.1	40	0	TRUE
0	0	A0A5F5PQI6	A0A5F5PQI6	CDH1	Equus caballus	Cadherin-1	31	64	cytoplasm,endosome,Golgi apparatus,plasma membrane,adherens junction,membrane,cell junction,desmosome	cell adhesion,homophilic cell adhesion via plasma membrane adhesion molecules,cell-cell adhesion	calcium ion binding,metal ion binding	90	1.0126941603348258	12.308119141601114	3184.82983398438	NA	4040.51953125	1645.45959472656	6150.9033203125	2591.29711914062	8686.1220703125	4769.4716796875	6440.46728515625	24634.123046875	3184.829833984375	NA	4040.51953125	1645.4595947265625	6150.9033203125	2591.297119140625	8686.1220703125	4769.4716796875	6440.46728515625	24634.123046875	610.1	NaN	870.7	310.2	1272.9	500.3	1961.1	915.8	1416	5701.8	20	0	TRUE
0	0	A0A5F5PQJ2	A0A5F5PQJ2	JAML	Equus caballus	Junction adhesion molecule like	7	7	plasma membrane,bicellular tight junction,membrane,anchoring junction	immune system process,cell adhesion,heterophilic cell-cell adhesion via plasma membrane cell adhesion molecules,neutrophil chemotaxis,monocyte extravasation,neutrophil extravasation	integrin binding,protein homodimerization activity,cell adhesion molecule binding	80	0.4447291835369666	5.8604714089975305	NA	NA	43.9941329956055	29.7147274017334	97.0852127075195	30.5354995727539	58.7587242126465	69.3291549682617	104.161811828613	78.9587097167969	NA	NA	43.99413299560547	29.7147274017334	97.08521270751952	30.535499572753903	58.75872421264648	69.32915496826172	104.16181182861328	78.958709716796875	NaN	NaN	6.5	3.5	22.7	4.4	8.8	9.5	17	24.6	40	0	TRUE
0	0	A0A5F5PQU7	A0A5F5PQU7	PAM	Equus caballus	Peptidylglycine alpha-amidating monooxygenase	7	7	extracellular region,membrane,transport vesicle membrane,cytoplasmic vesicle	peptide amidation,peptide metabolic process,response to zinc ion	catalytic activity,monooxygenase activity,peptidylglycine monooxygenase activity,peptidylamidoglycolate lyase activity,copper ion binding,zinc ion binding,oxidoreductase activity,oxidoreductase activity, acting on paired donors, with incorporation or reduction of molecular oxygen, reduced ascorbate as one donor, and incorporation of one atom of oxygen,lyase activity,L-ascorbic acid binding,metal ion binding	80	0.580529331002987	4.845160945749878	NA	NA	26.4312629699707	42.7979736328125	64.9300918579102	32.5002174377441	26.9796085357666	23.4754657745361	4.75807571411133	64.7672729492188	NA	NA	26.431262969970703	42.7979736328125	64.93009185791016	32.50021743774414	26.9796085357666	23.475465774536133	4.758075714111328	64.76727294921875	NaN	NaN	1.9	3.6	4.9	2.4	1.4	1.9	0.1	5.1	40	0	TRUE
0	0	A0A5F5PQU9	A0A5F5PQU9	NA	Equus caballus	Mucin 4, cell surface associated	27	38	membrane	cell-matrix adhesion	NA	80	0.4640536817119762	7.468643944229724	NA	NA	178.999649047852	85.2963409423828	92.8683013916016	317.573699951172	261.170562744141	180.643081665039	312.132415771484	146.119369506836	NA	NA	178.99964904785156	85.29634094238281	92.86830139160156	317.5736999511719	261.1705627441406	180.64308166503903	312.1324157714844	146.11936950683594	NaN	NaN	19	9.3	5.7	43.2	34.5	15.9	42.4	24.3	40	0	TRUE
0	0	A0A5F5PRV9	A0A5F5PRV9	KRT1	Equus caballus	Keratin, type II cytoskeletal 1	6	9	keratin filament,cytoplasm,intermediate filament,plasma membrane	keratinization,intermediate filament organization	structural constituent of epidermis	100	0.47365757282874665	10.550280558528922	1501.00805664062	679.912231445312	1269.83557128906	1701.21044921875	1700.93811035156	814.952697753906	2145.03051757812	3170.78515625	2591.50390625	1067.07421875	1501.008056640625	679.9122314453125	1269.8355712890625	1701.21044921875	1700.9381103515625	814.95269775390625	2145.030517578125	3170.78515625	2591.50390625	1067.07421875	133	37.3	115.9	186	160.8	71.3	247.5	333.6	262.6	94.1	0	0	TRUE
0	0	A0A5F5PT22	A0A5F5PT22	ITGB2	Equus caballus	Integrin beta	3	4	focal adhesion,cell surface,plasma membrane,plasma membrane raft,membrane raft,integrin complex,integrin alphaL-beta2 complex,integrin alphaM-beta2 complex,integrin alphaX-beta2 complex,integrin alphaD-beta2 complex,receptor complex	phagocytosis,cell adhesion,neuron cell-cell adhesion,leukocyte cell-cell adhesion,cell-matrix adhesion,integrin-mediated signaling pathway,neutrophil chemotaxis,positive regulation of superoxide anion generation,cell adhesion mediated by integrin,cell-cell adhesion mediated by integrin,heterotypic cell-cell adhesion,endodermal cell differentiation,receptor clustering,positive regulation of neutrophil degranulation,leukocyte adhesion to vascular endothelial cell,cell-cell adhesion,neutrophil migration	obsolete cell adhesion receptor activity,beta-amyloid binding,integrin binding,protein kinase binding,ICAM-3 receptor activity,heat shock protein binding,metal ion binding,cell adhesion molecule binding	90	0.7765093894501319	4.484979842843792	16.985387802124	NA	15.878098487854	33.3582000732422	51.6589279174805	4.69287347793579	16.0326251983643	73.8083343505859	10.2528705596924	53.506290435791	16.985387802124023	NA	15.878098487854004	33.35820007324219	51.65892791748047	4.692873477935791	16.032625198364258	73.80833435058594	10.252870559692385	53.506290435791016	0.9	NaN	0.9	1.9	2.8	0.2	0.5	4.1	0.4	2.9	20	0	TRUE
0	0	A0A5F5PTP6	A0A5F5PTP6	COL6A3	Equus caballus	Collagen type VI alpha 3 chain	57	85	extracellular matrix,collagen type VI trimer	cell adhesion	serine-type endopeptidase inhibitor activity,peptidase inhibitor activity	80	0.2791063386968905	10.51275858533005	NA	NA	2045.06970214844	1336.57556152344	1772.64184570312	782.037353515625	1667.49951171875	1364.158203125	1219.90954589844	1974.4091796875	NA	NA	2045.0697021484375	1336.5755615234375	1772.641845703125	782.037353515625	1667.49951171875	1364.158203125	1219.9095458984375	1974.4091796875	NaN	NaN	55.3	39	59.3	21.8	58.1	57.2	39.2	60.3	40	0	TRUE
0	0	A0A5F5PUE2	A0A5F5PUE2	KNG1	Equus caballus	Kininogen 1	26	55	extracellular region,extracellular space	inflammatory response,negative regulation of cell adhesion,signal transduction,positive regulation of cytosolic calcium ion concentration,blood coagulation,hemostasis,negative regulation of blood coagulation,vasodilation,negative regulation of proteolysis,negative regulation of multicellular organismal process,Requires Ontology	cysteine-type endopeptidase inhibitor activity,receptor binding,hormone activity,peptidase inhibitor activity	100	0.8453963915483866	11.04916865102133	450.598846435547	415.508026123047	7203.205078125	1951.53015136719	2390.06640625	6780.80908203125	2227.16088867188	6726.50927734375	2166.12255859375	1318.63781738281	450.5988464355469	415.5080261230469	7203.205078125	1951.5301513671875	2390.06640625	6780.80908203125	2227.160888671875	6726.50927734375	2166.12255859375	1318.6378173828125	159.4	121	2557.7	670.7	825.8	2439.7	806.4	2520.2	728.3	467.7	0	0	TRUE
0	0	A0A5F5PUS7	A0A5F5PUS7	LOC100066617	Equus caballus	C-type lectin domain-containing protein	7	8	NA	NA	carbohydrate binding	80	0.7608020333582605	7.050604611010651	NA	NA	40.6029777526855	254.47297668457	430.887969970703	61.1558456420898	184.497528076172	85.7244491577148	90.9064254760742	243.700302124023	NA	NA	40.60297775268555	254.4729766845703	430.8879699707031	61.15584564208984	184.49752807617188	85.72444915771484	90.90642547607422	243.70030212402344	NaN	NaN	5.8	35.7	61	7.3	31.6	19.9	15.3	68.5	40	0	TRUE
0	0	A0A5F5PUZ8	A0A5F5PUZ8	KRT16	Equus caballus	Keratin 16	8	15	cornified envelope,cytoskeleton,keratin filament,intermediate filament	morphogenesis of an epithelium,inflammatory response,keratinocyte differentiation,negative regulation of cell migration,keratinization,hair cycle,innate immune response,intermediate filament organization,keratinocyte migration,establishment of skin barrier	structural molecule activity,structural constituent of cytoskeleton,structural constituent of epidermis	100	0.897027387200132	5.9087819820655145	90.790283203125	273.256927490234	104.794151306152	40.6174507141113	31.9066467285156	32.4706954956055	65.6585693359375	73.292610168457	104.80362701416	11.1031246185303	90.790283203125	273.2569274902344	104.79415130615234	40.61745071411133	31.906646728515625	32.47069549560547	65.6585693359375	73.29261016845703	104.80362701416016	11.103124618530272	14	41.1	22.6	11.4	9.9	5.4	12	14.1	27.3	1	0	0	TRUE
0	0	A0A5F5PVN6	A0A5F5PVN6	KRT8	Equus caballus	Keratin, type II cytoskeletal 8	14	15	keratin filament,nucleoplasm,cytoplasm,intermediate filament,cell-cell junction,apicolateral plasma membrane,nuclear matrix,Z disc,sarcolemma,intermediate filament cytoskeleton,cell periphery	sarcomere organization	scaffold protein binding	80	0.815324023750204	7.150376593738755	NA	NA	235.430435180664	72.3336410522461	106.639846801758	103.034278869629	93.0112915039062	477.330017089844	332.193420410156	60.1136436462402	NA	NA	235.4304351806641	72.3336410522461	106.6398468017578	103.0342788696289	93.01129150390624	477.33001708984375	332.19342041015625	60.113643646240234	NaN	NaN	25.8	15.5	13.4	19.2	9.4	54.5	34.7	4.6	40	0	TRUE
0	0	A0A5F5PWA8	A0A5F5PWA8	TNFRSF4	Equus caballus	TNF receptor superfamily member 4	3	4	membrane	inflammatory response,tumor necrosis factor-mediated signaling pathway	tumor necrosis factor-activated receptor activity	90	1.010976252537903	4.37569575562765	18.9707469940186	NA	17.7127532958984	7.08137941360474	30.1393222808838	9.56195831298828	23.2456245422363	100.24430847168	16.1877632141113	27.6811790466309	18.970746994018555	NA	17.712753295898438	7.081379413604736	30.13932228088379	9.56195831298828	23.245624542236328	100.24430847167967	16.187763214111328	27.68117904663086	3.6	NaN	3.2	0.7	5.3	1.6	2.9	20.2	1.6	4.8	20	0	TRUE
0	0	A0A5F5PXA0	A0A5F5PXA0	KRT42	Equus caballus	Keratin, type I cytoskeletal 17	8	12	cornified envelope,cytoplasm,intermediate filament,intermediate filament cytoskeleton,cell periphery	positive regulation of cell growth,hair follicle morphogenesis,positive regulation of translation,positive regulation of hair follicle development	structural molecule activity	100	0.4607661515442089	7.296699591979824	113.002365112305	258.121765136719	198.185729980469	138.493377685547	142.470123291016	57.997127532959	238.881790161133	298.471893310547	240.303833007812	81.4448165893555	113.00236511230467	258.12176513671875	198.18572998046875	138.49337768554688	142.47012329101562	57.997127532958984	238.8817901611328	298.4718933105469	240.3038330078125	81.44481658935547	20.7	37.3	28.4	20.3	16	6.1	30.2	41.7	33.8	7.4	0	0	TRUE
0	0	A0A5F5PY53	A0A5F5PY53	FABP5	Equus caballus	Fatty acid binding protein 5	8	10	nucleus,cytosol,cytoplasm	fatty acid transport	fatty acid binding,lipid binding	80	0.7660083603285633	4.430111094400775	NA	NA	14.1911525726318	23.682544708252	70.3819274902344	12.6984033584595	19.6252918243408	39.6674537658691	17.0817699432373	11.6769914627075	NA	NA	14.191152572631836	23.682544708251953	70.381927490234375	12.698403358459473	19.62529182434082	39.66745376586914	17.081769943237305	11.67699146270752	NaN	NaN	6.8	12.7	60.5	3.7	2.2	5.3	1.9	0.9	40	0	TRUE
0	0	A0A5F5PY79	A0A5F5PY79	CD7	Equus caballus	CD7 molecule	3	7	membrane	immune response,signal transduction	cytokine activity	100	0.9511181642813994	8.695559390653873	139.65885925293	36.881950378418	404.053558349609	65.1117172241211	375.904693603516	481.449645996094	1517.91223144531	1911.43493652344	1960.39611816406	1075.6796875	139.6588592529297	36.88195037841797	404.0535583496094	65.1117172241211	375.9046936035156	481.44964599609375	1517.9122314453125	1911.4349365234375	1960.3961181640625	1075.6796875	24.9	6.7	99.7	13.2	79.2	107	344.8	424.1	380.4	236.2	0	0	TRUE
0	0	A0A5F5PYW9	A0A5F5PYW9	NA	Equus caballus	Serpin domain-containing protein	26	44	extracellular space	NA	serine-type endopeptidase inhibitor activity,peptidase inhibitor activity	100	1.2152152368180065	9.732899438037265	343.001739501953	243.978958129883	5691.880859375	6554.24853515625	2149.20239257812	4909.25732421875	166.425186157227	703.926391601562	196.848983764648	262.027435302734	343.0017395019531	243.9789581298828	5691.880859375	6554.24853515625	2149.202392578125	4909.25732421875	166.42518615722656	703.9263916015625	196.84898376464844	262.0274353027344	79.2	70	1832	1666.3	708.7	1523.4	40.1	165.2	46	61.5	0	0	TRUE
6.702152061298441e-85	0	A0A5F5PZX4	A0A5F5PZX4	ATRN	Equus caballus	Attractin	5	5	extracellular space,plasma membrane	inflammatory response	carbohydrate binding	60	0.3399462423206048	4.536573265897094	NA	NA	26.7790679931641	NA	35.3525047302246	28.7253837585449	NA	11.5886688232422	26.9455013275146	18.4020614624023	NA	NA	26.779067993164062	NA	35.35250473022461	28.72538375854492	NA	11.588668823242188	26.94550132751465	18.402061462402344	NaN	NaN	0.7	NaN	1.9	0.9	NaN	0.4	0.5	0.3	60	20	TRUE
4.4828487685733566e-95	0	A0A5F5Q038	A0A5F5Q038	CXCL12	Equus caballus	Stromal cell-derived factor 1	3	3	extracellular region,extracellular space	chemotaxis,defense response,immune response,signal transduction,positive regulation of cell migration,positive regulation of chemotaxis,cell chemotaxis,positive regulation of calcium ion import	cytokine activity,chemokine activity,growth factor activity	60	0.6434878766238329	4.675527232647487	NA	NA	14.1814765930176	18.2984638214111	NA	38.501091003418	12.378701210022	NA	63.3165283203125	35.5666007995605	NA	NA	14.181476593017578	18.298463821411133	NA	38.50109100341797	12.378701210021973	NA	63.3165283203125	35.56660079956055	NaN	NaN	1.7	6	NaN	9.9	4	NaN	21.3	11.9	60	20	TRUE
0	0	A0A5F5Q0C3	A0A5F5Q0C3	MANSC1	Equus caballus	MANSC domain containing 1	4	4	Golgi apparatus,membrane	NA	NA	80	0.6619117204790809	4.458396574827642	NA	NA	18.0601654052734	37.4259986877441	63.1348342895508	7.26871299743652	24.9741764068604	27.4525604248047	7.43740606307983	34.4962272644043	NA	NA	18.06016540527344	37.42599868774414	63.13483428955078	7.268712997436523	24.97417640686035	27.452560424804688	7.437406063079834	34.4962272644043	NaN	NaN	1.7	7.5	12.2	1.6	3	2.6	1.2	6.3	40	0	TRUE
0	0	A0A5F5Q0V8	A0A5F5Q0V8	AHSG	Equus caballus	Alpha-2-HS-glycoprotein	14	23	extracellular region,extracellular matrix,extracellular space,Golgi apparatus	acute-phase response,negative regulation of bone mineralization,regulation of inflammatory response,positive regulation of phagocytosis	endopeptidase inhibitor activity,cysteine-type endopeptidase inhibitor activity	90	1.083862897298708	7.087263874548821	62.8748321533203	NA	300.754180908203	840.816284179688	325.033935546875	488.236724853516	43.1278686523438	144.610656738281	26.9312915802002	37.5099830627441	62.87483215332031	NA	300.7541809082031	840.8162841796875	325.033935546875	488.2367248535156	43.12786865234375	144.61065673828125	26.931291580200195	37.50998306274414	16.4	NaN	174.2	535.3	193.9	216.7	19.1	68.2	11.6	16.4	20	0	TRUE
0	0	A0A5F5Q1G3	A0A5F5Q1G3	HSPG2	Equus caballus	Heparan sulfate proteoglycan 2	105	156	basement membrane,Golgi lumen	angiogenesis,brain development,animal organ morphogenesis,tissue development,cell differentiation,circulatory system development	calcium ion binding,metal ion binding	80	0.2463124383605002	7.574624173553925	NA	NA	221.461517333984	99.0535202026367	158.766189575195	188.424896240234	210.859985351562	246.481460571289	240.915191650391	212.229400634766	NA	NA	221.4615173339844	99.05352020263672	158.7661895751953	188.4248962402344	210.8599853515625	246.48146057128903	240.91519165039065	212.2294006347656	NaN	NaN	53.6	57.3	42	38.8	40.9	55.9	45.9	45.5	40	0	TRUE
0	0	A0A5F5Q1P7	A0A5F5Q1P7	BTLA	Equus caballus	B and T lymphocyte associated	2	3	plasma membrane	immune response-regulating cell surface receptor signaling pathway	signaling receptor activity	90	1.0246090931742322	6.848833917940177	91.3162612915039	NA	102.336883544922	6.83889436721802	56.8252220153809	52.0639114379883	491.968109130859	648.691955566406	233.738906860352	254.676803588867	91.3162612915039	NA	102.33688354492188	6.838894367218018	56.82522201538086	52.06391143798828	491.9681091308594	648.69195556640625	233.73890686035156	254.6768035888672	9.2	NaN	12	0.5	6	5.5	55.5	72.3	25.1	28.3	20	0	TRUE
0	0	A0A5F5Q1W2	A0A5F5Q1W2	LOC100069909	Equus caballus	Ig-like domain-containing protein	6	11	plasma membrane,cell surface	regulation of immune system process,signal transduction	protein tyrosine kinase binding	80	0.6794885471356982	7.678434617602467	NA	NA	128.573715209961	41.2918014526367	135.316802978516	176.061599731445	402.852996826172	575.340148925781	261.629730224609	404.317321777344	NA	NA	128.57371520996094	41.29180145263672	135.31680297851562	176.0615997314453	402.8529968261719	575.34014892578125	261.6297302246094	404.31732177734375	NaN	NaN	20.4	5.6	26.7	29.9	61.2	119.6	43.7	67.9	40	0	TRUE
0	0	A0A5F5Q204	A0A5F5Q204	TNFRSF1A	Equus caballus	Tumor necrosis factor receptor superfamily member 1A	8	12	membrane raft,Golgi membrane,extracellular space,plasma membrane,cell surface,receptor complex	aortic valve development,pulmonary valve development,negative regulation of extracellular matrix constituent secretion,prostaglandin metabolic process,apoptotic process,inflammatory response,signal transduction,JAK-STAT cascade,regulation of gene expression,positive regulation of macromolecule biosynthetic process,negative regulation of cardiac muscle hypertrophy,tumor necrosis factor-mediated signaling pathway,positive regulation of I-kappaB kinase/NF-kappaB signaling,positive regulation of transcription from RNA polymerase II promoter,negative regulation of inflammatory response,regulation of developmental process,regulation of multicellular organismal process,cellular response to mechanical stimulus,protein localization to plasma membrane,positive regulation of execution phase of apoptosis,positive regulation of apoptotic process involved in morphogenesis,regulation of establishment of endothelial barrier	tumor necrosis factor-activated receptor activity,signaling receptor activity,identical protein binding,tumor necrosis factor binding	90	1.075705229745117	6.3091662819268475	20.0099811553955	NA	40.2642440795898	85.8488998413086	423.620269775391	50.9671020507812	69.6018218994141	126.054313659668	67.040657043457	141.107620239258	20.009981155395508	NA	40.26424407958984	85.8488998413086	423.6202697753906	50.96710205078125	69.60182189941406	126.05431365966795	67.04065704345703	141.1076202392578	3	NaN	5.8	16.4	88.5	8.6	12.3	24.3	11.1	26.6	20	0	TRUE
3.0489501337093836e-275	0	A0A5F5Q220	A0A5F5Q220	JUP	Equus caballus	Junction plakoglobin	20	23	cornified envelope,nucleus,cytoplasm,adherens junction,cytosol,intermediate filament,plasma membrane,cell-cell junction,intercalated disc,membrane,Z disc,cell junction,desmosome,catenin complex,protein-DNA complex,gamma-catenin-TCF7L2 complex	positive regulation of cell-matrix adhesion,desmosome assembly,cell adhesion,cell migration,regulation of cell proliferation,positive regulation of protein import into nucleus,negative regulation of blood vessel endothelial cell migration,positive regulation of angiogenesis,positive regulation of transcription from RNA polymerase II promoter,detection of mechanical stimulus,canonical Wnt signaling pathway,cellular response to indole-3-methanol,protein localization to plasma membrane,bundle of His cell-Purkinje myocyte adhesion involved in cell communication,regulation of heart rate by cardiac conduction,cell-cell adhesion,regulation of ventricular cardiac muscle cell action potential	transcription coactivator activity,ligand-dependent nuclear receptor binding,protein phosphatase binding,alpha-catenin binding,cadherin binding,cell adhesion molecule binding,Requires Ontology	100	0.6802221853117598	5.564630700791186	40.5125274658203	53.3418655395508	50.319953918457	36.37451171875	42.8738746643066	16.4115943908691	69.5531997680664	154.059356689453	60.7292366027832	31.1362342834473	40.51252746582031	53.34186553955078	50.31995391845703	36.37451171875	42.87387466430664	16.41159439086914	69.5531997680664	154.05935668945312	60.7292366027832	31.136234283447266	10.3	9.1	5.8	8	9.3	1.4	13.9	35	13.4	3.7	0	0	TRUE
0	0	A0A5F5Q248	A0A5F5Q248	NA	Equus caballus	Myeloid derived growth factor	7	12	extracellular space	positive regulation of endothelial cell proliferation,positive regulation of angiogenesis	NA	80	0.36080044138369183	7.657016122438094	NA	NA	246.232879638672	336.362731933594	93.2216949462891	145.434875488281	287.656341552734	235.055130004883	182.294570922852	198.964385986328	NA	NA	246.23287963867188	336.36273193359375	93.22169494628906	145.43487548828125	287.6563415527344	235.0551300048828	182.29457092285156	198.96438598632812	NaN	NaN	38.6	52	14.5	22.3	42.8	38.3	26.9	32.6	40	0	TRUE
0	0	A0A5F5Q264	A0A5F5Q264	NA	Equus caballus	Immunoglobulin V-set domain-containing protein	2	3	plasma membrane,cell surface	regulation of immune system process,signal transduction	protein tyrosine kinase binding	100	2.013019793721498	7.176924365345583	21.0230140686035	17.084264755249	153.992767333984	71.6130676269531	339.412963867188	92.9442596435547	3454.99047851562	191.504440307617	56.2193260192871	865.862426757812	21.023014068603516	17.084264755249023	153.99276733398438	71.613067626953125	339.4129638671875	92.94425964355467	3454.990478515625	191.5044403076172	56.21932601928711	865.8624267578125	3.2	2.6	34.1	16.1	74.7	20.8	782.6	42.1	12.4	197.2	0	0	TRUE
0	0	A0A5F5Q2D7	A0A5F5Q2D7	VCAM1	Equus caballus	Vascular cell adhesion molecule 1	10	15	extracellular region,plasma membrane,membrane	cell adhesion,cell-cell adhesion	integrin binding	80	0.4364198449634074	5.4290293784488695	NA	NA	32.070068359375	48.1751708984375	45.560302734375	16.7516555786133	42.1848907470703	49.55859375	54.2576217651367	88.7363128662109	NA	NA	32.070068359375	48.1751708984375	45.560302734375	16.75165557861328	42.18489074707031	49.55859375	54.25762176513672	88.73631286621094	NaN	NaN	5.4	17.2	8.8	1.6	4.1	7.3	5.6	9.8	40	0	TRUE
0	0	A0A5S7MJB1;Q29482	A0A5S7MJB1;Q29482	CLU	Equus caballus	Clusterin	25	57	extracellular region,nucleus,endoplasmic reticulum,cytosol,cytoplasmic vesicle,mitochondrial membrane,chromaffin granule,perinuclear region of cytoplasm;extracellular region,extracellular space,nucleus,cytoplasm,mitochondrion,mitochondrial inner membrane,endoplasmic reticulum,cytosol,cytoplasmic vesicle,mitochondrial membrane,chromaffin granule,intracellular membrane-bounded organelle,perinuclear region of cytoplasm,perinuclear endoplasmic reticulum lumen,spherical high-density lipoprotein particle	;negative regulation of activation of membrane attack complex,immune complex clearance,protein folding,negative regulation of protein complex assembly,positive regulation of proteasomal ubiquitin-dependent protein catabolic process,regulation of cell proliferation,regulation of apoptotic process,positive regulation of apoptotic process,negative regulation of complement activation,positive regulation of receptor-mediated endocytosis,protein stabilization,response to misfolded protein,intrinsic apoptotic signaling pathway,negative regulation of intrinsic apoptotic signaling pathway in response to DNA damage,negative regulation of complement-dependent cytotoxicity,Requires Ontology,positive regulation of protein ubiquitination involved in ubiquitin-dependent protein catabolic process,positive regulation of intrinsic apoptotic signaling pathway	;ATPase activity,ubiquitin protein ligase binding,unfolded protein binding,misfolded protein binding,Requires Ontology	80	1.8931982882004712	7.41209726362356	68.9890289306641	NA	304.016510009766	2652.49755859375	125.387214660645	198.192947387695	30.1292781829834	325.485870361328	52.2293167114258	NA	68.98902893066406	NA	304.0165100097656	2652.49755859375	125.38721466064452	198.1929473876953	30.1292781829834	325.4858703613281	52.22931671142578	NA	29.8;29.8	NaN	175.8;175.8	1664.8;1664.8	66.5;66.5	112.6;112.6	7.9;7.9	203.8;203.8	21.1;21.1	NaN	20	20	TRUE
0	0	A0A9L0QYD5	A0A9L0QYD5	DSG1	Equus caballus	Desmoglein 1	9	15	cell-cell junction,desmosome,nucleus,cytoplasm,plasma membrane,cytoplasmic side of plasma membrane,membrane	cell adhesion,homophilic cell adhesion via plasma membrane adhesion molecules,protein stabilization,cell-cell adhesion	calcium ion binding,gamma-catenin binding,metal ion binding	90	1.2117850514002788	5.873529292858453	36.2634048461914	NA	20.7680950164795	26.3458518981934	27.6250267028809	25.6766834259033	143.84619140625	71.0027923583984	147.21989440918	386.738189697266	36.263404846191406	NA	20.768095016479492	26.34585189819336	27.62502670288086	25.67668342590332	143.84619140625	71.00279235839844	147.2198944091797	386.7381896972656	4.1	NaN	11.8	3.5	4.3	15.8	26.8	27.6	18	38.8	20	0	TRUE
0	0	A0A9L0R179	A0A9L0R179	CST6	Equus caballus	Cystatin E/M	16	49	cornified envelope,extracellular region	NA	cysteine-type endopeptidase inhibitor activity,peptidase inhibitor activity	90	0.7744635664515548	10.978693299721767	206.154571533203	NA	1312.72131347656	2483.94091796875	7593.08203125	963.964965820312	3519.65185546875	2114.10473632812	3127.72680664062	4846.216796875	206.15457153320312	NA	1312.7213134765625	2483.94091796875	7593.08203125	963.9649658203124	3519.65185546875	2114.104736328125	3127.726806640625	4846.216796875	117.1	NaN	667.1	1491.3	4675.8	567.8	2409.3	1229.8	1869.9	3265.9	20	0	TRUE
0	0	A0A9L0R2I1	A0A9L0R2I1	SPPL2A	Equus caballus	Signal peptide peptidase like 2A	4	4	lysosomal membrane,Golgi-associated vesicle membrane,lumenal side of endoplasmic reticulum membrane,cytoplasmic side of endoplasmic reticulum membrane,late endosome,membrane,cytoplasmic vesicle membrane,late endosome membrane,bounding membrane of organelle	proteolysis,membrane protein ectodomain proteolysis,membrane protein intracellular domain proteolysis,membrane protein proteolysis,regulation of immune response	peptidase activity,hydrolase activity,aspartic endopeptidase activity, intramembrane cleaving,protein homodimerization activity	70	0.7675327326070732	5.393584992553086	NA	NA	5.8536229133606	NA	19.7668704986572	34.9335708618164	71.4292831420898	52.5301856994629	123.94953918457	123.390090942383	NA	NA	5.853622913360596	NA	19.766870498657227	34.933570861816406	71.42928314208984	52.53018569946289	123.94953918457033	123.3900909423828	NaN	NaN	0.7	NaN	2.7	4.3	9.5	6.5	16.7	15.8	60	0	TRUE
0	0	A0A9L0R2T0	A0A9L0R2T0	NA	Equus caballus	Uteroglobin	2	6	extracellular space,cytoplasm,extracellular region	signal transduction	phospholipase A2 inhibitor activity	90	1.3313956647840597	9.42697494619278	618.938232421875	NA	441.394775390625	3084.49877929688	6355.5849609375	82.5661010742188	2777.13500976562	416.740081787109	240.175598144531	282.236053466797	618.938232421875	NA	441.394775390625	3084.498779296875	6355.5849609375	82.56610107421875	2777.135009765625	416.7400817871094	240.17559814453125	282.2360534667969	51.6	NaN	36.8	285.9	568.9	6.9	232.8	35.8	20	23.5	20	0	TRUE
4.6432363045162804e-287	0	A0A9L0R3F3	A0A9L0R3F3	GOLM1	Equus caballus	Golgi membrane protein 1	12	14	Golgi apparatus,membrane	NA	NA	70	1.2361026156291368	7.0999416083041	51.5055770874023	NA	116.942657470703	37.8353996276855	NA	142.88102722168	846.322326660156	NA	337.276641845703	98.3661270141602	51.505577087402344	NA	116.94265747070312	37.83539962768555	NA	142.8810272216797	846.32232666015625	NA	337.2766418457031	98.36612701416016	7.2	NaN	22	7.7	NaN	26.3	42.1	NaN	16.6	4.8	40	20	TRUE
3.692150129694413e-281	0	A0A9L0R3U8	A0A9L0R3U8	GAS1	Equus caballus	Growth arrest specific 1	2	2	plasma membrane	negative regulation of protein processing,cellular response to vascular endothelial growth factor stimulus,negative regulation of mitotic cell cycle,regulation of cell cycle,regulation of ER to Golgi vesicle-mediated transport	NA	80	0.3623484943747795	6.3812902691042765	49.7901611328125	NA	NA	78.0501022338867	144.924377441406	79.8584899902344	122.396965026855	59.8484230041504	96.5951919555664	73.268928527832	49.7901611328125	NA	NA	78.05010223388672	144.92437744140625	79.858489990234375	122.39696502685548	59.84842300415039	96.5951919555664	73.26892852783203	4	NaN	NaN	1.5	2.7	6.5	11.9	6.3	9.9	6.9	40	0	TRUE
0	0	A0A9L0R4H5	A0A9L0R4H5	CLMP	Equus caballus	CXADR like membrane protein	3	3	cytoplasmic microtubule,plasma membrane,bicellular tight junction,membrane,cell junction	NA	NA	80	0.4628780949905243	5.419278902647302	NA	NA	26.7925109863281	49.7590293884277	92.1405792236328	23.3070907592773	48.0973701477051	34.1510276794434	54.9505424499512	43.5113563537598	NA	NA	26.792510986328125	49.759029388427734	92.1405792236328	23.307090759277344	48.09737014770508	34.15102767944336	54.95054244995117	43.511356353759766	NaN	NaN	3	6.6	12.1	3.1	5.2	3.8	4.9	4.7	40	0	TRUE
0	0	A0A9L0R4Z5	A0A9L0R4Z5	NA	Equus caballus	Ig-like domain-containing protein	3	3	plasma membrane	immune response-inhibiting cell surface receptor signaling pathway	transmembrane signaling receptor activity,Requires Ontology	70	0.5508581909255487	7.0073989931953244	NA	NA	114.648834228516	NA	156.119445800781	104.328552246094	246.376724243164	265.748474121094	69.1998748779297	68.96923828125	NA	NA	114.64883422851562	NA	156.11944580078125	104.32855224609376	246.3767242431641	265.74847412109375	69.19987487792969	68.96923828125	NaN	NaN	12.7	NaN	17.3	20.4	35.4	42.2	8.1	8.9	60	0	TRUE
0	0	A0A9L0R598	A0A9L0R598	OPCML	Equus caballus	Opioid binding protein/cell adhesion molecule like	8	9	plasma membrane,side of membrane	cell adhesion	NA	90	0.6579950658074794	5.118893194133521	4.42369079589844	NA	50.8963737487793	14.2403583526611	31.0148639678955	34.0250854492188	40.9319190979004	85.0051727294922	64.6442031860352	97.0654983520508	4.4236907958984375	NA	50.8963737487793	14.240358352661133	31.014863967895508	34.02508544921875	40.93191909790039	85.00517272949219	64.64420318603516	97.06549835205078	0.4	NaN	16.8	1.9	10.8	12.6	11.9	26.4	18.2	33	20	0	TRUE
0	0	A0A9L0R7H5	A0A9L0R7H5	LOC100059239	Equus caballus	C4a anaphylatoxin	33	64	extracellular space,extracellular region,plasma membrane,cell surface,axon,dendrite,synapse	immune system process,inflammatory response,complement activation,complement activation, classical pathway,innate immune response	complement binding,endopeptidase inhibitor activity	80	0.46541799552541807	10.416547461792856	NA	NA	2560.78735351562	2265.92919921875	1310.4013671875	1447.82189941406	1120.16735839844	2084.76025390625	520.307739257812	910.347595214844	NA	NA	2560.787353515625	2265.92919921875	1310.4013671875	1447.8218994140625	1120.1673583984375	2084.76025390625	520.3077392578125	910.34759521484375	NaN	NaN	222.1	200.2	116.4	112.8	86.4	164.5	38.1	71.9	40	0	TRUE
1.5454805715969108e-125	0	A0A9L0R7M7	A0A9L0R7M7	SFRP4	Equus caballus	Secreted frizzled related protein 4	4	5	extracellular space,cytoplasm,extracellular region,nucleus,cell surface	negative regulation of transcription from RNA polymerase II promoter,positive regulation of receptor internalization,negative regulation of cell proliferation,animal organ morphogenesis,positive regulation of gene expression,Wnt signaling pathway,cell differentiation,regulation of BMP signaling pathway,non-canonical Wnt signaling pathway,positive regulation of apoptotic process,positive regulation of epidermal cell differentiation,phosphate ion homeostasis,canonical Wnt signaling pathway,bone morphogenesis,negative regulation of canonical Wnt signaling pathway,positive regulation of keratinocyte apoptotic process,negative regulation of non-canonical Wnt signaling pathway,negative regulation of sodium-dependent phosphate transport	Wnt-protein binding	50	0.9730305232401788	6.247587381613281	NA	NA	NA	NA	NA	30.1238842010498	277.488311767578	51.5601005554199	79.0143051147461	74.3671035766602	NA	NA	NA	NA	NA	30.123884201049805	277.4883117675781	51.56010055541992	79.0143051147461	74.36710357666016	NaN	NaN	NaN	NaN	NaN	4.6	50.5	8.4	10.2	11.3	100	0	TRUE
0	0	A0A9L0R7T6	A0A9L0R7T6	CD93	Equus caballus	CD93 molecule	12	16	plasma membrane,cytoplasmic vesicle	cell adhesion	calcium ion binding,carbohydrate binding	80	0.9422802121317786	5.744250414633662	NA	NA	89.8802795410156	76.9011611938477	228.38069152832	21.1350898742676	41.205493927002	62.1265296936035	26.0929908752441	30.5855674743652	NA	NA	89.880279541015625	76.90116119384766	228.3806915283203	21.135089874267575	41.20549392700195	62.12652969360352	26.09299087524414	30.58556747436523	NaN	NaN	24.3	16.9	57.7	2.3	3.8	12.4	2.5	4.9	40	0	TRUE
0	0	A0A9L0R9K9	A0A9L0R9K9	DSC1	Equus caballus	Desmocollin 1	10	17	desmosome,plasma membrane,membrane	desmosome maintenance,cell adhesion,homophilic cell adhesion via plasma membrane adhesion molecules,hair follicle morphogenesis,negative regulation of epithelial cell proliferation,establishment of skin barrier,cell-cell adhesion	calcium ion binding	80	0.966652212259682	7.091322652739462	NA	NA	100.734230041504	176.824249267578	639.93994140625	21.5059585571289	283.648681640625	74.4492721557617	116.67692565918	197.953643798828	NA	NA	100.7342300415039	176.82424926757812	639.93994140625	21.505958557128903	283.648681640625	74.44927215576172	116.67692565917967	197.95364379882812	NaN	NaN	9.8	22.4	79.5	1.1	25.5	6.5	10.5	18.3	40	0	TRUE
4.712226022401098e-155	0	A0A9L0R9U4	A0A9L0R9U4	GHR	Equus caballus	Growth hormone receptor	5	8	extracellular region,plasma membrane,membrane	endocytosis,cytokine-mediated signaling pathway	cytokine receptor activity	70	0.7050852519589486	4.94205089060562	NA	NA	12.032735824585	11.644063949585	27.8627223968506	43.1222648620605	88.5508041381836	NA	56.8379364013672	30.6135730743408	NA	NA	12.03273582458496	11.64406394958496	27.862722396850582	43.12226486206055	88.5508041381836	NA	56.83793640136719	30.61357307434082	NaN	NaN	1.3	0.8	1.9	7.4	17.8	NaN	7.5	5.2	40	20	TRUE
2.832205490663522e-292	0	A0A9L0R9V6	A0A9L0R9V6	LAMP1	Equus caballus	Lysosomal associated membrane protein 1	3	3	lysosome,lysosomal membrane,plasma membrane,membrane,late endosome membrane,cytolytic granule membrane	NA	NA	80	0.6062375219064954	7.1007549353103006	NA	NA	99.6252212524414	89.3901138305664	51.9157218933105	123.442558288574	176.696228027344	134.13249206543	331.636108398438	280.851104736328	NA	NA	99.6252212524414	89.3901138305664	51.91572189331055	123.44255828857422	176.69622802734375	134.1324920654297	331.6361083984375	280.8511047363281	NaN	NaN	7.3	7.8	4.4	11.3	15.7	14.4	29.8	27	40	0	TRUE
0	0	A0A9L0RAK2	A0A9L0RAK2	SPARC	Equus caballus	SPARC	14	18	basement membrane,extracellular space	NA	calcium ion binding,metal ion binding	70	0.7091539366785125	6.210727328700556	NA	NA	210.792861938477	73.8550567626953	51.9327735900879	95.8939743041992	NA	155.434310913086	53.6141319274902	18.9239330291748	NA	NA	210.79286193847656	73.85505676269531	51.93277359008789	95.89397430419922	NA	155.43431091308594	53.614131927490234	18.923933029174805	NaN	NaN	124.5	33.7	16.7	49.4	NaN	66.3	18.2	3.8	40	20	TRUE
1.5433936680799106e-261	0	A0A9L0RAU9	A0A9L0RAU9	MUC5AC	Equus caballus	Mucin 5AC, oligomeric mucus/gel-forming	25	34	extracellular space,extracellular matrix,extracellular region	NA	extracellular matrix structural constituent	70	1.7029330344137985	4.80427960677759	29.8940315246582	NA	21.7438049316406	20.4969615936279	14.5860157012939	285.295776367188	NA	7.35787487030029	32.586067199707	NA	29.894031524658203	NA	21.743804931640625	20.49696159362793	14.586015701293944	285.2957763671875	NA	7.357874870300293	32.58606719970703	NA	3	NaN	3.3	1.8	0.7	44.3	NaN	0.6	1.6	NaN	20	40	TRUE
9.50446384228816e-15	8.581010251321186e-13	A0A9L0RBZ8	A0A9L0RBZ8	SUSD2	Equus caballus	Sushi domain containing 2	2	2	membrane	NA	NA	40	1.5274919606530286	3.5996887123785895	NA	NA	NA	NA	NA	129.971572875977	2.69245624542236	2.53575253486633	24.3418292999268	NA	NA	NA	NA	NA	NA	129.97157287597656	2.6924562454223633	2.535752534866333	24.34182929992676	NA	NaN	NaN	NaN	0	NaN	3.5	0.1	0.1	0.7	NaN	100	20	TRUE
0	0	A0A9L0RCA7	A0A9L0RCA7	TNXB	Equus caballus	Tenascin XB	43	60	extracellular space,extracellular matrix,extracellular region	cell adhesion,regulation of cell adhesion,neuron projection development,collagen metabolic process,elastic fiber assembly,positive regulation of collagen fibril organization	collagen binding,heparin binding,collagen fibril binding	80	0.3409966595561082	7.606632722234359	NA	NA	143.347320556641	135.249633789062	192.406188964844	199.87272644043	262.719573974609	344.397644042969	194.153244018555	159.001571655273	NA	NA	143.34732055664062	135.2496337890625	192.40618896484375	199.8727264404297	262.7195739746094	344.39764404296875	194.1532440185547	159.00157165527344	NaN	NaN	7	7.9	11.9	8.5	12.7	16.8	9.1	8.6	40	0	TRUE
3.950557677870744e-261	0	A0A9L0RCY0	A0A9L0RCY0	EIF6	Equus caballus	Eukaryotic translation initiation factor 6	8	14	nucleus,cytosol,synapse,lamin filament,nucleoplasm,nucleolus,cytoplasm,intermediate filament	ribosomal subunit export from nucleus,maturation of 5.8S rRNA,maturation of LSU-rRNA,regulation of glycolytic process,translation,translational initiation,response to insulin,gene silencing by miRNA,miRNA mediated inhibition of translation,ribosome biogenesis,mature ribosome assembly,ribosomal large subunit biogenesis,regulation of fatty acid biosynthetic process,regulation of megakaryocyte differentiation,positive regulation of translation,assembly of large subunit precursor of preribosome,regulation of reactive oxygen species metabolic process	translation initiation factor activity,ribosome binding,ribosomal large subunit binding	80	1.0235062284505694	6.046682972553063	NA	NA	249.132965087891	73.8641738891602	118.423278808594	315.440643310547	14.6122665405273	58.7044410705566	19.5985679626465	31.5522937774658	NA	NA	249.13296508789065	73.86417388916016	118.42327880859376	315.4406433105469	14.612266540527344	58.70444107055664	19.598567962646484	31.55229377746582	NaN	NaN	75.2	31.4	34.8	110.5	1.8	26.1	2.1	4	40	0	TRUE
1.5846108489991272e-291	0	A0A9L0RD15	A0A9L0RD15	COL14A1	Equus caballus	Collagen type XIV alpha 1 chain	12	14	interstitial matrix	cell adhesion,tissue development,extracellular matrix organization	NA	70	0.365358262719252	5.379808934444129	NA	NA	52.7428855895996	38.1732215881348	37.0095252990723	NA	58.4433784484863	68.6699295043945	28.679328918457	25.2976341247559	NA	NA	52.74288558959961	38.173221588134766	37.009525299072266	NA	58.44337844848633	68.66992950439453	28.67932891845703	25.29763412475586	NaN	NaN	4.4	0.7	2.4	NaN	1.1	6.2	1.3	1.4	40	20	TRUE
0	0	A0A9L0RDD4	A0A9L0RDD4	LOC100630794	Equus caballus	Metallothionein	4	8	nucleus,cytoplasm	cellular zinc ion homeostasis,detoxification of copper ion,cellular response to cadmium ion,cellular response to copper ion,cellular response to zinc ion	metal ion binding	90	2.039709013319997	5.149137699527157	13.0083703994751	NA	27.040620803833	83.2664642333984	613.486694335938	33.8804702758789	6.66313076019287	28.6417770385742	24.2021751403809	31.7254028320312	13.008370399475098	NA	27.040620803833008	83.26646423339844	613.4866943359375	33.880470275878906	6.663130760192871	28.64177703857422	24.20217514038086	31.72540283203125	7.8	NaN	11.2	85.4	637.4	19.3	3	22.9	14.7	21.5	20	0	TRUE
0	0	A0A9L0RDH1	A0A9L0RDH1	GINM1	Equus caballus	Glycosylated integral membrane protein 1	6	6	NA	NA	NA	80	0.6844416517221584	5.91244446377815	NA	NA	41.7926712036133	16.8352432250977	52.4699172973633	34.7567367553711	104.97705078125	176.795028686523	98.9842834472656	73.4827651977539	NA	NA	41.79267120361328	16.835243225097656	52.46991729736328	34.756736755371094	104.97705078125	176.79502868652344	98.984283447265625	73.4827651977539	NaN	NaN	9.5	3.1	11.2	8	22.7	37.5	21.3	15.1	40	0	TRUE
0	0	A0A9L0RDR1	A0A9L0RDR1	LMAN2	Equus caballus	Lectin, mannose binding 2	15	29	Golgi membrane,endomembrane system,membrane	NA	carbohydrate binding,metal ion binding	70	1.1623671653613827	8.669070494897147	NA	NA	642.617858886719	2404.92456054688	1124.53735351562	273.998962402344	NA	304.237091064453	87.5017166137695	146.06494140625	NA	NA	642.61785888671875	2404.924560546875	1124.537353515625	273.99896240234375	NA	304.2370910644531	87.50171661376953	146.06494140625	NaN	NaN	144.8	590.1	291.5	71.6	NaN	77	17.1	28.7	40	20	TRUE
0	0	A0A9L0RFQ0	A0A9L0RFQ0	CCN3	Equus caballus	CCN family member 3	10	20	extracellular space,extracellular matrix,extracellular region,cytoplasm,cytosol,gap junction	angiogenesis,chondrocyte differentiation,cell adhesion,signal transduction,fibroblast migration,negative regulation of myotube differentiation,smooth muscle cell migration,negative regulation of cell growth,cell adhesion mediated by integrin,endothelial cell chemotaxis,type B pancreatic cell proliferation,positive regulation of cell differentiation,positive regulation of Notch signaling pathway,positive regulation of ossification,negative regulation of insulin secretion,smooth muscle cell proliferation,negative regulation of inflammatory response,regulation of developmental process,positive regulation of multicellular organismal process,cell chemotaxis,hematopoietic stem cell homeostasis,endothelial cell-cell adhesion,negative regulation of monocyte chemotaxis,negative regulation of NIK/NF-kappaB signaling,negative regulation of chondrocyte proliferation,bone regeneration	receptor binding,Notch binding,integrin binding,hormone activity,growth factor activity,heparin binding	90	0.7571859209349788	9.120194856200802	455.659088134766	NA	628.990417480469	715.007568359375	1930.27197265625	186.078506469727	778.857055664062	992.397521972656	234.701889038086	383.266204833984	455.6590881347656	NA	628.99041748046875	715.007568359375	1930.27197265625	186.07850646972656	778.8570556640625	992.39752197265625	234.7018890380859	383.2662048339844	108	NaN	141.5	161.1	435.5	40.7	168	230.9	61.8	87.6	20	0	TRUE
0	0	A0A9L0RG40	A0A9L0RG40	CDHR5	Equus caballus	Cadherin related family member 5	13	17	plasma membrane,microvillus,membrane,apical plasma membrane,brush border membrane,microvillus membrane,catenin complex	cell adhesion,homophilic cell adhesion via plasma membrane adhesion molecules,cell migration,cell differentiation,regulation of microvillus length,intermicrovillar adhesion,cell-cell adhesion,brush border assembly	calcium ion binding,beta-catenin binding,cadherin binding,cell adhesion molecule binding	80	0.6984724978972948	6.152280136235788	NA	NA	45.0016632080078	16.0976505279541	51.8244247436523	60.8464431762695	97.9122619628906	116.998397827148	218.98616027832	114.28059387207	NA	NA	45.00166320800781	16.0976505279541	51.824424743652344	60.84644317626953	97.912261962890625	116.99839782714844	218.9861602783203	114.28059387207033	NaN	NaN	10.5	1.8	9.1	10.7	22.5	26.5	39.5	28.5	40	0	TRUE
0	0	A0A9L0RG90	A0A9L0RG90	CXADR	Equus caballus	CXADR Ig-like cell adhesion molecule	9	11	bicellular tight junction,intercalated disc,basolateral plasma membrane,plasma membrane,cell-cell junction,adherens junction,apicolateral plasma membrane,cell junction,membrane raft,cytoplasm,macromolecular complex	cell adhesion,heterophilic cell-cell adhesion via plasma membrane cell adhesion molecules,epithelial structure maintenance,actin cytoskeleton organization,neutrophil chemotaxis,homotypic cell-cell adhesion,transepithelial transport	integrin binding,beta-catenin binding,PDZ domain binding,cell adhesion molecule binding	80	0.6710454634513741	5.59510516448289	NA	NA	32.6286773681641	43.6044464111328	128.993041992188	28.6614284515381	44.2361068725586	31.1789493560791	39.5289421081543	103.94603729248	NA	NA	32.62867736816406	43.60444641113281	128.9930419921875	28.66142845153809	44.236106872558594	31.1789493560791	39.5289421081543	103.94603729248048	NaN	NaN	5.1	9.6	26.3	2.1	4.2	3.7	4.1	16.3	40	0	TRUE
2.4140429481011166e-291	0	A0A9L0RGE9	A0A9L0RGE9	LY86	Equus caballus	Lymphocyte antigen 86	4	5	NA	immune response,positive regulation of lipopolysaccharide-mediated signaling pathway,innate immune response	NA	80	0.46748295842623067	4.719900482178362	NA	NA	38.0902061462402	34.3640899658203	53.5898170471191	10.4223299026489	25.3209667205811	21.8298301696777	16.3878993988037	35.1264114379883	NA	NA	38.090206146240234	34.36408996582031	53.58981704711914	10.422329902648926	25.320966720581055	21.829830169677734	16.38789939880371	35.12641143798828	NaN	NaN	9.8	15.3	18.1	2.1	5.4	4.2	3.3	9.8	40	0	TRUE
0	0	A0A9L0RH73	A0A9L0RH73	IGFBP3	Equus caballus	Insulin-like growth factor-binding protein 3	5	7	extracellular space,extracellular region,nucleus,insulin-like growth factor ternary complex	osteoblast differentiation,apoptotic process,negative regulation of smooth muscle cell migration,positive regulation of apoptotic process,regulation of insulin-like growth factor receptor signaling pathway,positive regulation of myoblast differentiation,negative regulation of smooth muscle cell proliferation	fibronectin binding,insulin-like growth factor binding,protein tyrosine phosphatase activator activity,growth factor binding,insulin-like growth factor I binding,insulin-like growth factor II binding	70	0.386438045314516	5.452522399665246	NA	NA	NA	26.0446968078613	36.435546875	24.0713996887207	69.1355667114258	52.8792572021484	58.5861015319824	63.1076698303223	NA	NA	NA	26.044696807861328	36.435546875	24.071399688720703	69.13556671142578	52.87925720214844	58.58610153198242	63.107669830322266	NaN	NaN	NaN	5.4	8.6	4.5	27.1	19.8	11.6	9.6	60	0	TRUE
0	0	A0A9L0RHC5	A0A9L0RHC5	BMPR2	Equus caballus	receptor protein serine/threonine kinase	3	4	plasma membrane,membrane,cell junction,organelle	regulation of cell growth,osteoblast differentiation,vasculature development,transmembrane receptor protein serine/threonine kinase signaling pathway,negative regulation of cell proliferation,tissue development,regulation of lung blood pressure,lung development,BMP signaling pathway,positive regulation of locomotion,positive regulation of cell differentiation,positive regulation of ossification,positive regulation of transcription from RNA polymerase II promoter,regulation of multicellular organismal development	nucleotide binding,protein kinase activity,protein serine/threonine kinase activity,transmembrane receptor protein serine/threonine kinase activity,ATP binding,kinase activity,transferase activity,BMP binding,metal ion binding	80	0.5119626052188687	4.7889884668643905	7.5712685585022	NA	25.5830249786377	NA	36.6156311035156	10.9194297790527	41.4625587463379	54.2875556945801	40.5447273254395	48.2787055969238	7.571268558502197	NA	25.583024978637695	NA	36.615631103515625	10.919429779052734	41.46255874633789	54.28755569458008	40.54472732543945	48.27870559692383	0.1	NaN	1.5	NaN	1.7	0.5	2.5	3.7	2.7	3.4	40	0	TRUE
0	0	A0A9L0RHI6	A0A9L0RHI6	SERPINA3	Equus caballus	Serpin family A member 3	19	36	extracellular space,cytoplasmic vesicle,chromaffin granule	NA	serine-type endopeptidase inhibitor activity,peptidase inhibitor activity	70	1.6778688634180343	7.446391759414958	NA	NA	652.196105957031	2289.35766601562	65.9968643188477	114.050659179688	36.2217903137207	215.875732421875	55.8758659362793	NA	NA	NA	652.19610595703125	2289.357666015625	65.99686431884766	114.0506591796875	36.2217903137207	215.875732421875	55.8758659362793	NA	NaN	NaN	332.1	1128.3	26.2	46.4	12.6	96.4	20.3	NaN	40	20	TRUE
8.018497668383748e-215	0	A0A9L0RHN5	A0A9L0RHN5	SLAMF1	Equus caballus	Signaling lymphocytic activation molecule family member 1	4	7	external side of plasma membrane,plasma membrane,cell surface,membrane,phagocytic vesicle	natural killer cell differentiation,natural killer cell proliferation,negative regulation of cytokine production,adaptive immune response,myeloid dendritic cell activation involved in immune response,immune system process,negative regulation of T cell cytokine production,phagocytosis,immune response,cell adhesion,positive regulation of cell proliferation,negative regulation of interferon-gamma production,negative regulation of interleukin-12 production,negative regulation of interleukin-6 production,negative regulation of tumor necrosis factor production,positive regulation of interferon-gamma production,positive regulation of activated T cell proliferation,innate immune response,leukocyte activation,positive regulation of JNK cascade,lymphocyte activation,viral entry into host cell,positive regulation of ERK1 and ERK2 cascade,negative regulation of CD40 signaling pathway,positive regulation of T-helper 1 cell cytokine production	virus receptor activity,signaling receptor activity,SH2 domain binding,identical protein binding	70	1.0589355518044896	4.904104220741232	NA	NA	24.5590286254883	NA	7.43201494216919	10.3047657012939	131.549438476562	120.783470153809	21.8193054199219	33.0890274047852	NA	NA	24.55902862548828	NA	7.432014942169189	10.304765701293944	131.5494384765625	120.7834701538086	21.819305419921875	33.089027404785156	NaN	NaN	4.6	NaN	0.6	0.9	29.7	29.5	3.1	5.5	60	0	TRUE
0	0	A0A9L0RJ82	A0A9L0RJ82	PINLYP	Equus caballus	UPAR/Ly6 domain-containing protein	6	8	extracellular region	NA	phospholipase inhibitor activity	80	0.967575226064932	5.574964087585543	NA	NA	40.6126480102539	48.2952461242676	205.552749633789	20.6099834442139	37.3498802185059	26.0906314849854	67.7203063964844	48.6174278259277	NA	NA	40.612648010253906	48.29524612426758	205.55274963378903	20.609983444213867	37.34988021850586	26.09063148498535	67.720306396484375	48.617427825927734	NaN	NaN	12.1	19.3	84.5	5.7	19.9	6.2	26.9	17.5	40	0	TRUE
5.9276833344955e-155	0	A0A9L0RJG7	A0A9L0RJG7	NOTCH2	Equus caballus	Notch receptor 2	3	4	plasma membrane,cell surface,extracellular region,nucleus,nucleoplasm,cytoplasm,endoplasmic reticulum,cilium,membrane,bounding membrane of organelle,receptor complex	heart looping,marginal zone B cell differentiation,pulmonary valve morphogenesis,transcription, DNA-templated,regulation of transcription, DNA-templated,apoptotic process,Notch signaling pathway,axon guidance,animal organ morphogenesis,negative regulation of gene expression,positive regulation of keratinocyte proliferation,cell differentiation,intracellular signal transduction,wound healing,positive regulation of osteoclast differentiation,positive regulation of transcription from RNA polymerase II promoter,positive regulation of Ras protein signal transduction,bone remodeling,animal organ development,system development,regulation of developmental process,positive regulation of smooth muscle cell differentiation,atrial septum morphogenesis,positive regulation of ERK1 and ERK2 cascade,left/right axis specification,cellular response to tumor cell,proximal tubule development,glomerular visceral epithelial cell development,glomerular capillary formation,positive regulation of pri-miRNA transcription from RNA polymerase II promoter,regulation of osteoclast development	transcription coactivator activity,calcium ion binding,enzyme binding,signaling receptor activity,metal ion binding,NF-kappaB binding	70	0.41603518548140145	4.2413097099753605	NA	NA	16.5750484466553	6.24337720870972	32.5820541381836	NA	17.9525814056396	24.2727451324463	20.2391948699951	29.109733581543	NA	NA	16.575048446655273	6.243377208709717	32.582054138183594	NA	17.95258140563965	24.27274513244629	20.239194869995117	29.10973358154297	NaN	NaN	0.4	0.3	1	NaN	0.8	0.5	0.1	0.8	40	20	TRUE
1.7676079843760195e-256	0	A0A9L0RJJ4	A0A9L0RJJ4	NECTIN1	Equus caballus	Nectin cell adhesion molecule 1	5	5	plasma membrane,adherens junction	cell adhesion,viral entry into host cell	virus receptor activity	80	0.6527754347421633	5.358395199455739	NA	NA	53.455451965332	2.98613238334656	28.4475975036621	32.197826385498	87.7057037353516	60.5491027832031	123.381629943848	83.7417831420898	NA	NA	53.45545196533203	2.9861323833465576	28.44759750366211	32.19782638549805	87.70570373535156	60.549102783203125	123.38162994384766	83.74178314208984	NaN	NaN	6.8	0.2	3.8	4.7	12	8.2	14	12.3	40	0	TRUE
3.487977652294339e-211	0	A0A9L0RK58	A0A9L0RK58	CNTFR	Equus caballus	Ciliary neurotrophic factor receptor	5	6	plasma membrane,membrane,side of membrane	cytokine-mediated signaling pathway	cytokine receptor activity	70	0.4013384556427033	6.111418169905541	NA	NA	73.8260879516602	NA	59.7216987609863	33.6471710205078	69.9217376708984	60.0522537231445	95.3143844604492	127.189353942871	NA	NA	73.82608795166016	NA	59.72169876098633	33.64717102050781	69.92173767089844	60.05225372314453	95.31438446044922	127.1893539428711	NaN	NaN	8.8	NaN	11.1	3	4.8	11.7	17.8	26.4	60	0	TRUE
4.4205508616426524e-16	5.909411415067067e-14	A0A9L0RK66	A0A9L0RK66	KIRREL1	Equus caballus	Kirre like nephrin family adhesion molecule 1	8	9	plasma membrane,cell-cell junction,membrane,perinuclear region of cytoplasm	glomerular filtration,cell-cell junction maintenance,cell-cell adhesion	myosin binding,cell adhesion molecule binding	70	0.4397934344556031	4.074978186452971	NA	NA	14.4289674758911	8.21653938293457	17.9335250854492	12.336615562439	20.6901206970215	33.1826858520508	21.4473781585693	NA	NA	NA	14.428967475891112	8.21653938293457	17.93352508544922	12.336615562438965	20.690120697021484	33.18268585205078	21.447378158569336	NA	NaN	NaN	1.6	0.5	1.2	0.2	2.1	8.2	4.4	NaN	40	20	TRUE
2.9518479650985286e-57	1.1630777253895982e-43	A0A9L0RKV5	A0A9L0RKV5	CHMP1B	Equus caballus	Charged multivesicular body protein 1B	2	2	multivesicular body,autophagosome membrane,kinetochore,lysosomal membrane,kinetochore microtubule,plasma membrane,endosome membrane,midbody,multivesicular body membrane,amphisome membrane,ESCRT III complex,membrane coat	plasma membrane repair,autophagy,nucleus organization,vacuolar transport,mitotic metaphase plate congression,regulation of centrosome duplication,protein transport,nuclear envelope reassembly,endosome transport via multivesicular body sorting pathway,viral budding via host ESCRT complex,ubiquitin-dependent protein catabolic process via the multivesicular body sorting pathway,establishment of protein localization,late endosome to vacuole transport,viral budding from plasma membrane,cell division,Requires Ontology,multivesicular body sorting pathway,autophagosome maturation,regulation of mitotic spindle assembly,late endosome to lysosome transport	protein domain specific binding,identical protein binding,MIT domain binding	80	0.8095303683295163	5.080392806414605	12.3999547958374	NA	54.3207054138184	122.192329406738	NA	40.8282012939453	13.586763381958	45.3437385559082	23.9925975799561	34.5704231262207	12.399954795837402	NA	54.32070541381836	122.19232940673828	NA	40.82820129394531	13.586763381958008	45.3437385559082	23.992597579956055	34.5704231262207	3.7	NaN	16.8	104.9	NaN	10.6	4.1	17.3	5.4	1.1	40	0	TRUE
3.3696406001924317e-220	0	A0A9L0RMN0	A0A9L0RMN0	IGLON5	Equus caballus	IgLON family member 5	4	5	plasma membrane	heterophilic cell-cell adhesion via plasma membrane cell adhesion molecules,regulation of synapse assembly	NA	70	0.9010896057984642	5.368849961186604	NA	NA	26.385425567627	NA	19.8375835418701	33.5288238525391	56.4182548522949	155.496948242188	40.2709465026855	33.1810111999512	NA	NA	26.385425567626953	NA	19.837583541870117	33.52882385253906	56.41825485229492	155.4969482421875	40.27094650268555	33.18101119995117	NaN	NaN	2.3	NaN	1.3	2.9	5.3	18.2	2.5	2.1	60	0	TRUE
0	0	A0A9L0RNJ7	A0A9L0RNJ7	VSIG4	Equus caballus	V-set and immunoglobulin domain containing 4	4	4	NA	negative regulation of interleukin-2 production,negative regulation of T cell proliferation,negative regulation of macrophage activation	NA	80	0.6776123281072661	6.385088094817971	NA	NA	107.841201782227	72.8805084228516	88.9820938110352	29.3299312591553	157.787551879883	60.1565284729004	51.0110359191895	239.770034790039	NA	NA	107.84120178222656	72.88050842285156	88.98209381103516	29.329931259155273	157.7875518798828	60.15652847290039	51.01103591918945	239.77003479003903	NaN	NaN	14	9.1	14.4	3.5	23.2	7.7	6.2	34.4	40	0	TRUE
0	0	A0A9L0RPC4	A0A9L0RPC4	LOC100059533	Equus caballus	Glutathione S-transferase	7	11	cytosol,nucleus,cytoplasm,mitochondrion	glutathione metabolic process	glutathione transferase activity,transferase activity	70	1.0291837489935884	6.167452177370699	NA	NA	76.7743911743164	57.2741317749023	95.6235656738281	315.572723388672	NA	45.721981048584	48.13525390625	33.9382247924805	NA	NA	76.7743911743164	57.274131774902344	95.623565673828125	315.5727233886719	NA	45.721981048583984	48.13525390625	33.93822479248047	NaN	NaN	27	21.2	36.9	124.6	NaN	18.2	17.7	8.9	40	20	TRUE
0	0	A0A9L0RR06	A0A9L0RR06	APOA1	Equus caballus	Apolipoprotein A-I	26	36	extracellular vesicle,extracellular region,extracellular space,endocytic vesicle,cytoplasmic vesicle,very-low-density lipoprotein particle,low-density lipoprotein particle,high-density lipoprotein particle,spherical high-density lipoprotein particle,chylomicron	negative regulation of cytokine production involved in immune response,lipid metabolic process,phosphatidylcholine biosynthetic process,lipid transport,G-protein coupled receptor signaling pathway,integrin-mediated signaling pathway,steroid metabolic process,cholesterol metabolic process,negative regulation of tumor necrosis factor-mediated signaling pathway,positive regulation of cholesterol efflux,negative regulation of very-low-density lipoprotein particle remodeling,regulation of Cdc42 protein signal transduction,negative regulation of interleukin-1 beta production,cholesterol efflux,phospholipid efflux,negative regulation of heterotypic cell-cell adhesion,beta-amyloid formation,high-density lipoprotein particle remodeling,high-density lipoprotein particle assembly,positive regulation of Rho protein signal transduction,lipoprotein metabolic process,cholesterol homeostasis,reverse cholesterol transport,negative regulation of inflammatory response,positive regulation of phagocytosis,protein stabilization,negative chemotaxis,vitamin transport,positive regulation of stress fiber assembly,acylglycerol homeostasis,phospholipid homeostasis,negative regulation of cell adhesion molecule production,negative regulation of response to cytokine stimulus,triglyceride homeostasis,cholesterol import,cellular response to lipoprotein particle stimulus,positive regulation of cholesterol metabolic process,positive regulation of substrate adhesion-dependent cell spreading,positive regulation of phospholipid efflux	Requires Ontology,beta-amyloid binding,receptor binding,lipid transporter activity,phospholipid binding,high-density lipoprotein particle binding,lipid binding,cholesterol binding,enzyme binding,heat shock protein binding,apolipoprotein receptor binding,apolipoprotein A-I receptor binding,identical protein binding,chemorepellent activity,receptor agonist activity,phosphatidylcholine-sterol O-acyltransferase activator activity,high-density lipoprotein particle receptor binding,lipoprotein particle binding	70	1.3376329188837257	7.1099136179285995	NA	309.16015625	269.376403808594	219.439147949219	34.0241165161133	1133.83825683594	NA	36.0115661621094	37.7958145141602	NA	NA	309.16015625	269.37640380859375	219.43914794921875	34.02411651611328	1133.8382568359375	NA	36.011566162109375	37.79581451416016	NA	NaN	183.1	186.2	153.3	23.4	837.2	NaN	14.9	11.2	NaN	20	40	TRUE
0	0	A0A9L0RR27	A0A9L0RR27	PIGR	Equus caballus	Polymeric immunoglobulin receptor	31	44	extracellular region,plasma membrane	NA	NA	90	0.9582118530403296	8.9556124241534	NA	140.527053833008	772.372253417969	2389.70166015625	970.113830566406	694.420227050781	245.55859375	564.55322265625	568.294555664062	133.156646728516	NA	140.5270538330078	772.37225341796875	2389.70166015625	970.11383056640625	694.42022705078125	245.55859375	564.55322265625	568.2945556640625	133.15664672851562	NaN	8.6	102.6	309.3	155.8	95.8	201.2	111	118.8	64.7	20	0	TRUE
0	0	A0A9L0RRX4	A0A9L0RRX4	GPR180	Equus caballus	G protein-coupled receptor 180	4	5	membrane	G-protein coupled receptor signaling pathway,response to pheromone	NA	80	0.6305163090164727	4.712413181226869	NA	NA	26.6876182556152	6.13713693618774	5.98119974136353	35.8042640686035	60.1084594726562	57.0700073242188	59.3190879821777	31.266918182373	NA	NA	26.68761825561523	6.137136936187744	5.981199741363525	35.804264068603516	60.10845947265625	57.07000732421875	59.319087982177734	31.266918182373047	NaN	NaN	5.7	1	0.3	7.9	11.7	12	11.3	6.1	40	0	TRUE
0	0	A0A9L0RSV4	A0A9L0RSV4	NA	Equus caballus	UPAR/Ly6 domain-containing protein	2	6	plasma membrane	NA	NA	80	0.8861234623731424	6.022869197994015	NA	NA	48.7883720397949	205.186798095703	216.991195678711	61.9337120056152	28.5100955963135	29.4820556640625	42.1670951843262	67.0114822387695	NA	NA	48.78837203979492	205.18679809570312	216.99119567871097	61.933712005615234	28.510095596313477	29.4820556640625	42.16709518432617	67.01148223876953	NaN	NaN	42.7	105.5	176.4	30.7	13.6	14.9	34.4	35.8	40	0	TRUE
0	0	A0A9L0RT70	A0A9L0RT70	NA	Equus caballus	UPAR/Ly6 domain-containing protein	4	6	plasma membrane	NA	NA	90	0.6145241771365128	7.281579945039351	29.5656681060791	NA	202.096710205078	173.412857055664	239.24723815918	110.46363067627	91.4759826660156	252.472183227539	191.235961914062	441.754669189453	29.5656681060791	NA	202.09671020507812	173.41285705566406	239.2472381591797	110.46363067626952	91.475982666015625	252.47218322753903	191.2359619140625	441.7546691894531	7.1	NaN	67.8	66.1	81.7	39.3	38.5	101.2	81	191.9	20	0	TRUE
0	0	A0A9L0RTH1	A0A9L0RTH1	SCUBE2	Equus caballus	Signal peptide, CUB domain and EGF like domain containing 2	5	10	extracellular space,cell surface,extracellular region	signal transduction	calcium ion binding,lipid binding	90	0.7313907558681434	5.83861494422067	57.7100868225098	NA	67.6349182128906	151.446655273438	179.041030883789	39.3275756835938	9.72735023498535	78.2085494995117	29.5512504577637	70.3440399169922	57.710086822509766	NA	67.634918212890625	151.4466552734375	179.04103088378906	39.32757568359375	9.727350234985352	78.20854949951172	29.551250457763672	70.34403991699219	2.5	NaN	5	12.2	14.1	2.7	0.5	5.7	0.9	5	20	0	TRUE
0	0	A0A9L0RUH2	A0A9L0RUH2	CDH17	Equus caballus	Cadherin 17	6	7	adherens junction,plasma membrane,cell surface,membrane,basolateral plasma membrane,cell junction,catenin complex	cell morphogenesis,germinal center B cell differentiation,marginal zone B cell differentiation,cell-cell junction assembly,cell adhesion,homophilic cell adhesion via plasma membrane adhesion molecules,integrin-mediated signaling pathway,calcium-dependent cell-cell adhesion via plasma membrane cell adhesion molecules,cell migration,B cell differentiation,positive regulation of integrin activation by cell surface receptor linked signal transduction,adherens junction organization,cell-cell adhesion mediated by cadherin,spleen development,transmembrane transport,cell-cell adhesion	integrin binding,proton-dependent oligopeptide secondary active transmembrane transporter activity,calcium ion binding,beta-catenin binding,cadherin binding,metal ion binding	80	0.7206896220633088	6.277535358806653	NA	NA	41.0544471740723	36.9490509033203	41.5250549316406	51.3680648803711	146.666717529297	129.898544311523	91.5517883300781	232.403106689453	NA	NA	41.054447174072266	36.94905090332031	41.525054931640625	51.368064880371094	146.66671752929688	129.89854431152344	91.551788330078125	232.40310668945312	NaN	NaN	3.2	5	3.1	3.7	11.2	10.4	5.1	18.5	40	0	TRUE
1.6476061586266105e-291	0	A0A9L0RUN0	A0A9L0RUN0	CTHRC1	Equus caballus	Collagen triple helix repeat containing 1	5	6	cytoplasm,neuron projection	cyclooxygenase pathway	prostaglandin-endoperoxide synthase activity	70	1.133098608334621	3.726494809390714	3.94598150253296	NA	12.4405279159546	NA	10.0548534393311	NA	33.0904197692871	70.1729507446289	5.36197185516357	11.5861959457397	3.945981502532959	NA	12.44052791595459	NA	10.054853439331056	NA	33.09041976928711	70.1729507446289	5.361971855163574	11.586195945739746	0.6	NaN	2.7	0	1.9	NaN	8.2	19.9	0.8	1.1	40	20	TRUE
0	0	A0A9L0RUS5	A0A9L0RUS5	LOC100067869	Equus caballus	Haptoglobin	28	40	extracellular space,blood microparticle,extracellular region	proteolysis,acute-phase response,zymogen activation,defense response to bacterium,cellular oxidant detoxification	serine-type endopeptidase activity,antioxidant activity,hemoglobin binding	90	1.2860767846868926	8.209240496155925	122.008941650391	301.786895751953	2723.7333984375	916.315795898438	490.062072753906	1424.59777832031	NA	177.988723754883	39.2996711730957	38.8170127868652	122.00894165039062	301.7868957519531	2723.7333984375	916.3157958984376	490.06207275390625	1424.5977783203125	NA	177.9887237548828	39.2996711730957	38.817012786865234	45.2	104.2	1265.7	435.7	245.8	626	NaN	76.9	10.8	9.8	0	20	TRUE
0	0	A0A9L0RV55	A0A9L0RV55	JCHAIN	Equus caballus	Joining chain of multimeric IgA and IgM	6	9	pentameric IgM immunoglobulin complex	humoral immune response	immunoglobulin receptor binding	90	1.041617008378465	8.173632622580264	NA	194.679977416992	648.015991210938	1829.923828125	918.754455566406	601.602905273438	32.0094451904297	367.939819335938	261.078155517578	35.5551452636719	NA	194.6799774169922	648.0159912109375	1829.923828125	918.75445556640625	601.6029052734375	32.00944519042969	367.9398193359375	261.0781555175781	35.555145263671875	NaN	28.6	117.3	347.5	170.8	113.3	2.1	69.2	48.6	5.7	20	0	TRUE
0	0	A0A9L0RW16	A0A9L0RW16	PTK7	Equus caballus	Protein tyrosine kinase 7 (inactive)	10	12	plasma membrane,cell-cell junction,axon,neuronal cell body,membrane,anchoring junction	cell adhesion,homophilic cell adhesion via plasma membrane adhesion molecules,axon guidance,positive regulation of neuron projection development,Wnt signaling pathway,cell migration,actin cytoskeleton organization,synapse organization,regulation of canonical Wnt signaling pathway,cellular response to retinoic acid,positive regulation of canonical Wnt signaling pathway	protein kinase activity,ATP binding,axon guidance receptor activity	80	0.6811145115162269	5.364099321309845	NA	NA	40.99609375	5.58313703536987	20.2019004821777	38.5838470458984	69.5066986083984	118.068168640137	98.9318389892578	57.1642189025879	NA	NA	40.99609375	5.583137035369873	20.201900482177734	38.58384704589844	69.50669860839844	118.06816864013672	98.9318389892578	57.16421890258789	NaN	NaN	2.8	0.5	2.5	2.9	4.5	11.7	8.2	5.1	40	0	TRUE
0	0	A0A9L0RWE3	A0A9L0RWE3	NA	Equus caballus	Copper transport protein ATOX1	7	14	cytosol	ion transport,copper ion transport	copper chaperone activity,metal ion binding	80	0.5649665105937867	10.529255274304749	NA	NA	1097.05249023438	201.323455810547	2119.37939453125	1050.08972167969	3444.64111328125	2101.40698242188	2123.47119140625	3011.03588867188	NA	NA	1097.052490234375	201.32345581054688	2119.37939453125	1050.0897216796875	3444.64111328125	2101.406982421875	2123.47119140625	3011.035888671875	NaN	NaN	431.8	89.4	974.5	414	1475.2	915.6	821.3	1219.4	40	0	TRUE
4.4938207088460926e-195	0	A0A9L0RXA3;A0A9L0S5A1	A0A9L0RXA3;A0A9L0S5A1	LOC100060591;CD300LF	Equus caballus	Immunoglobulin domain-containing protein;Immunoglobulin V-set domain-containing protein	2	2	plasma membrane;plasma membrane	immune system process,immune response-activating signal transduction;immune system process,immune response-activating signal transduction	transmembrane signaling receptor activity;transmembrane signaling receptor activity	60	0.8673808519363035	5.001737484220935	NA	NA	NA	31.9632301330566	114.991317749023	9.18381977081299	NA	74.5012054443359	9.91944026947022	43.3559341430664	NA	NA	NA	31.96323013305664	114.99131774902344	9.183819770812988	NA	74.50120544433594	9.919440269470217	43.355934143066406	NaN	NaN	NaN	5.5;3.9	11.5;8.2	0.9;0.7	NaN	1.8;1.2	1;0.7	5.4;3.8	60	20	TRUE
3.5550567128902037e-240	0	A0A9L0RXU5	A0A9L0RXU5	NA	Equus caballus	Ig-like domain-containing protein	2	2	plasma membrane,membrane	signal transduction,regulation of innate immune response	transmembrane signaling receptor activity	70	0.6959815030526867	4.223991991719012	NA	NA	13.2710018157959	10.8935985565186	22.7117118835449	13.3878555297852	NA	53.5260047912598	12.0055704116821	28.1743850708008	NA	NA	13.271001815795898	10.893598556518556	22.71171188354492	13.387855529785156	NA	53.526004791259766	12.005570411682127	28.17438507080078	NaN	NaN	2.6	3	5	1.1	NaN	10.4	1	5.7	40	20	TRUE
2.2493846028885675e-53	5.424005965862068e-41	A0A9L0RZV9	A0A9L0RZV9	STAB1	Equus caballus	Stabilin 1	3	3	plasma membrane,membrane	endocytosis,inflammatory response,cell adhesion,cell-cell signaling,negative regulation of angiogenesis,defense response to bacterium	low-density lipoprotein receptor activity,scavenger receptor activity,calcium ion binding,hyaluronic acid binding,low-density lipoprotein particle binding	90	0.6351802399422839	4.847518250549317	12.3728504180908	NA	33.6002388000488	10.1590957641602	40.4766044616699	11.744514465332	61.9940223693848	67.4836807250977	26.5600776672363	60.9188003540039	12.37285041809082	NA	33.60023880004883	10.159095764160156	40.47660446166992	11.744514465332031	61.994022369384766	67.48368072509766	26.560077667236328	60.918800354003906	0.1	NaN	0.3	0.1	0.4	0.1	1	0.8	0.2	0.9	20	0	TRUE
0	0	A0A9L0S0R5	A0A9L0S0R5	PSAP	Equus caballus	Prosaposin	10	12	extracellular region,lysosome,membrane	lipid metabolic process,sphingolipid metabolic process,adenylate cyclase-inhibiting G-protein coupled receptor signaling pathway,regulation of lipid metabolic process	lipid binding,identical protein binding	80	0.969671810389887	7.339796961639824	NA	NA	124.584251403809	104.780052185059	37.0331077575684	167.48454284668	742.724304199219	70.1967086791992	322.032684326172	348.852142333984	NA	NA	124.5842514038086	104.7800521850586	37.03310775756836	167.4845428466797	742.72430419921875	70.19670867919922	322.0326843261719	348.8521423339844	NaN	NaN	14.6	10.5	2.2	24.8	97.2	5.6	37.4	27.6	40	0	TRUE
3.936064959713948e-282	0	A0A9L0S187	A0A9L0S187	NA	Equus caballus	Ig-like domain-containing protein	2	2	extracellular region,plasma membrane,immunoglobulin complex	immune response	NA	80	0.7981786662154193	5.784644049156133	NA	NA	129.697341918945	9.19318962097168	93.887809753418	6.04032278060913	232.586227416992	86.5833435058594	80.8778839111328	77.4276733398438	NA	NA	129.6973419189453	9.19318962097168	93.88780975341795	6.040322780609131	232.5862274169922	86.583343505859375	80.87788391113281	77.42767333984375	NaN	NaN	21	1.2	15	0.8	31.3	11.7	10.9	10.4	40	0	TRUE
0	0	A0A9L0S2G1	A0A9L0S2G1	CSF1R	Equus caballus	receptor protein-tyrosine kinase	12	17	plasma membrane,cell surface,membrane,receptor complex,CSF1-CSF1R complex	myeloid leukocyte differentiation,response to ischemia,response to stress,transmembrane receptor protein tyrosine kinase signaling pathway,axon guidance,cell proliferation,positive regulation of cell proliferation,negative regulation of cell proliferation,regulation of cell shape,anatomical structure morphogenesis,positive regulation of macromolecule metabolic process,cell migration,cytokine-mediated signaling pathway,olfactory bulb development,forebrain neuron differentiation,regulation of cell morphogenesis,hemopoiesis,osteoclast differentiation,positive regulation of cell migration,ruffle organization,positive regulation of chemokine production,regulation of actin cytoskeleton organization,cellular response to macrophage colony-stimulating factor stimulus,macrophage colony-stimulating factor signaling pathway,negative regulation of apoptotic process,regulation of MAPK cascade,positive regulation by host of viral process,cell-cell junction maintenance,animal organ development,positive regulation of protein kinase B signaling,microglial cell proliferation,positive regulation of ERK1 and ERK2 cascade,cellular response to cytokine stimulus,Requires Ontology,positive regulation of cell motility	nucleotide binding,protein kinase activity,protein tyrosine kinase activity,transmembrane receptor protein tyrosine kinase activity,macrophage colony-stimulating factor receptor activity,ATP binding,kinase activity,transferase activity,growth factor binding,protein phosphatase binding,cytokine binding,protein homodimerization activity,metal ion binding	90	0.7400226676982468	7.014099789734026	114.838905334473	NA	140.363998413086	17.75754737854	94.088249206543	73.6344451904297	252.005737304688	454.519714355469	203.213302612305	218.187774658203	114.83890533447266	NA	140.36399841308594	17.75754737854004	94.08824920654295	73.63444519042969	252.0057373046875	454.5197143554687	203.2133026123047	218.18777465820312	6.4	NaN	19	1.3	12.2	9	33.2	71.4	26.3	27.9	20	0	TRUE
0	0	A0A9L0S394	A0A9L0S394	COLEC12	Equus caballus	Collectin-12	15	22	membrane	immune response	carbohydrate binding,metal ion binding	80	1.075836073859574	8.006882762710214	NA	NA	137.635681152344	187.320785522461	1045.7734375	42.4674987792969	580.623046875	121.645957946777	177.969879150391	1331.5126953125	NA	NA	137.63568115234375	187.32078552246097	1045.7734375	42.467498779296875	580.623046875	121.64595794677734	177.96987915039062	1331.5126953125	NaN	NaN	20.9	30.1	170.8	5.2	87.2	16.8	22.6	212.6	40	0	TRUE
0	0	A0A9L0S3K4	A0A9L0S3K4	HEG1	Equus caballus	Heart development protein with EGF like domains 1	14	18	plasma membrane,cell-cell junction,external side of plasma membrane,cell surface,anchoring junction	heart development,negative regulation of Rho protein signal transduction,regulation of macromolecule metabolic process,protein localization to cell junction,Requires Ontology	calcium ion binding	100	0.8099280560903764	7.831238986881327	78.1709442138672	39.0888748168945	159.538940429688	41.2529296875	331.516418457031	299.857849121094	834.637268066406	541.55859375	753.260498046875	551.378051757812	78.17094421386719	39.08887481689453	159.5389404296875	41.2529296875	331.51641845703125	299.85784912109375	834.63726806640625	541.55859375	753.260498046875	551.3780517578125	9.5	2.3	11.5	2.5	28.7	27	80.3	59.6	67	45.5	0	0	TRUE
0	0	A0A9L0S491	A0A9L0S491	PCOLCE2	Equus caballus	Procollagen C-endopeptidase enhancer 2	3	4	extracellular region	NA	collagen binding,heparin binding,peptidase activator activity	80	0.5780423712342544	5.772487888109658	NA	NA	62.1974601745605	15.2997188568115	31.0542755126953	35.7481803894043	102.99031829834	127.083038330078	68.6835861206055	83.9397430419922	NA	NA	62.19746017456055	15.299718856811523	31.054275512695312	35.7481803894043	102.99031829833984	127.08303833007812	68.68358612060547	83.93974304199219	NaN	NaN	5.1	1.7	2.4	2.8	11	10.3	5.2	6.9	40	0	TRUE
0	0	A0A9L0S4C1	A0A9L0S4C1	ACVR1B	Equus caballus	receptor protein serine/threonine kinase	4	7	plasma membrane,cell surface,membrane,receptor complex,activin receptor complex	G1/S transition of mitotic cell cycle,regulation of transcription, DNA-templated,signal transduction,transmembrane receptor protein serine/threonine kinase signaling pathway,nervous system development,regulation of gene expression,negative regulation of ossification,negative regulation of cell growth,activin receptor signaling pathway,positive regulation of activin receptor signaling pathway,nodal signaling pathway,positive regulation of erythrocyte differentiation,cellular response to growth factor stimulus,extrinsic apoptotic signaling pathway,positive regulation of trophoblast cell migration	activin-activated receptor activity,growth factor binding,activin binding,nucleotide binding,protein kinase activity,protein serine/threonine kinase activity,transmembrane receptor protein serine/threonine kinase activity,ATP binding,kinase activity,activin receptor activity, type I,transferase activity,ubiquitin protein ligase binding,inhibin binding,SMAD binding,metal ion binding,I-SMAD binding	90	0.716895626971258	8.246586109896798	101.130645751953	NA	212.720596313477	91.5340576171875	463.259674072266	175.639465332031	604.207397460938	458.057983398438	513.008117675781	966.664245605469	101.13064575195312	NA	212.72059631347656	91.5340576171875	463.2596740722656	175.63946533203125	604.2073974609375	458.0579833984375	513.00811767578125	966.66424560546875	11.5	NaN	25.2	9.8	54.2	19.6	82.1	67.2	65.8	139	20	0	TRUE
0	0	A0A9L0S542	A0A9L0S542	PLAUR	Equus caballus	Urokinase plasminogen activator surface receptor	4	4	plasma membrane,cell surface,side of membrane	regulation of cell adhesion,plasminogen activation,positive regulation of homotypic cell-cell adhesion,protein localization to cell surface,urokinase plasminogen activator signaling pathway,negative regulation of apoptotic process,positive regulation of epidermal growth factor receptor signaling pathway,positive regulation of release of cytochrome c from mitochondria,negative regulation of intrinsic apoptotic signaling pathway	receptor binding,enzyme binding,protein domain specific binding,urokinase plasminogen activator receptor activity	80	0.6309997093885655	4.547048245076747	NA	NA	12.4575443267822	14.669563293457	63.7108192443848	15.8782339096069	22.6767158508301	38.2230644226074	21.0530986785889	26.4421405792236	NA	NA	12.457544326782228	14.669563293457031	63.710819244384766	15.878233909606934	22.67671585083008	38.22306442260742	21.053098678588867	26.442140579223633	NaN	NaN	1.2	1.7	8.6	1.1	1.6	3.5	1.5	2.4	40	0	TRUE
0	0	A0A9L0S6A6	A0A9L0S6A6	CD300LG	Equus caballus	CD300 molecule like family member g	5	8	plasma membrane,membrane	signal transduction	transmembrane signaling receptor activity	100	0.8427644241257273	8.068695381275342	69.7916030883789	56.394588470459	321.784942626953	87.9999771118164	398.740020751953	205.371017456055	710.991088867188	922.863464355469	336.504272460938	965.791320800781	69.7916030883789	56.394588470458984	321.7849426269531	87.9999771118164	398.7400207519531	205.3710174560547	710.9910888671875	922.86346435546875	336.5042724609375	965.79132080078125	11.3	9	53.1	13.5	69.1	33.8	119.7	167.9	53.5	162.4	0	0	TRUE
0	0	A0A9L0S6U9	A0A9L0S6U9	DPT	Equus caballus	Dermatopontin	9	19	extracellular region	collagen fibril organization	extracellular matrix structural constituent	80	0.8858742813448712	8.685851114959489	NA	NA	816.675537109375	227.591857910156	205.436050415039	634.53662109375	365.744201660156	1591.20874023438	265.493713378906	220.960845947266	NA	NA	816.675537109375	227.59185791015625	205.43605041503903	634.53662109375	365.74420166015625	1591.208740234375	265.49371337890625	220.9608459472656	NaN	NaN	514.6	154.1	110.1	367.4	183.3	1108.3	144.9	119.4	40	0	TRUE
0	0	A0A9L0S772	A0A9L0S772	MDK	Equus caballus	Midkine	2	2	extracellular region	signal transduction,cell migration,positive regulation of cell division	growth factor activity,heparin binding	60	0.8620970231526388	4.8795689661694706	22.3171787261963	NA	NA	NA	10.5305824279785	NA	94.0285797119141	74.3801116943359	27.0266342163086	14.6480360031128	22.31717872619629	NA	NA	NA	10.530582427978516	NA	94.02857971191406	74.38011169433594	27.026634216308594	14.648036003112791	3.2	NaN	NaN	NaN	1.5	NaN	13.4	11.8	3.9	2.1	60	20	TRUE
0	0	A0A9L0S7C9	A0A9L0S7C9	ICAM2	Equus caballus	Intercellular adhesion molecule 2	6	11	plasma membrane,uropod,microvillus,membrane,cleavage furrow,cell periphery	cell adhesion,leukocyte cell-cell adhesion,signal transduction,cell adhesion mediated by integrin,dendritic cell migration,cell-cell adhesion	integrin binding,receptor agonist activity	90	0.6554412617114584	7.144503593304206	12.3633918762207	NA	241.570495605469	65.4696350097656	89.7461547851562	124.553680419922	375.039947509766	360.233734130859	274.725677490234	280.048950195312	12.363391876220703	NA	241.57049560546875	65.469635009765625	89.74615478515625	124.55368041992188	375.0399475097656	360.2337341308594	274.7256774902344	280.0489501953125	4	NaN	92.9	24.7	38.2	49.1	185.6	146.7	116.7	140.3	20	0	TRUE
3.223378792711442e-281	0	A0A9L0S832	A0A9L0S832	FRRS1	Equus caballus	Ferric chelate reductase 1	3	3	membrane	cellular iron ion homeostasis	oxidoreductase activity, oxidizing metal ions	70	0.7542466730332354	5.241941425794965	NA	NA	26.8039093017578	76.2144546508789	109.308547973633	15.2020950317383	17.2138977050781	NA	25.0034866333008	76.0673675537109	NA	NA	26.803909301757812	76.2144546508789	109.3085479736328	15.20209503173828	17.213897705078125	NA	25.00348663330078	76.06736755371094	NaN	NaN	1.3	3.9	5.7	0.5	0.6	NaN	0.9	3.2	40	20	TRUE
0	0	A0A9L0SA63	A0A9L0SA63	NA	Equus caballus	UPAR/Ly6 domain-containing protein	3	8	plasma membrane raft,plasma membrane	leukocyte cell-cell adhesion,positive regulation of neutrophil degranulation,cell-cell junction maintenance,regulation of integrin-mediated signaling pathway	NA	80	0.5819441745423409	7.734516614943882	NA	NA	184.28190612793	396.593292236328	465.847198486328	142.106018066406	85.4629211425781	102.626777648926	258.396148681641	385.978881835938	NA	NA	184.2819061279297	396.5932922363281	465.8471984863281	142.10601806640625	85.462921142578125	102.62677764892578	258.3961486816406	385.9788818359375	NaN	NaN	58.4	173.3	174.5	55.5	28.2	28.3	74.4	114.3	40	0	TRUE
0	0	A0A9L0SBB3	A0A9L0SBB3	CCN5	Equus caballus	Cellular communication network factor 5	4	4	extracellular space,extracellular matrix,extracellular region,nucleus	cell adhesion,signal transduction,positive regulation of cell differentiation	integrin binding,heparin binding	80	0.501758550033133	5.474750988460572	NA	NA	25.7625350952148	50.1168899536133	27.2641735076904	71.1078033447266	36.0409698486328	29.2781276702881	94.8702850341797	61.0325965881348	NA	NA	25.762535095214844	50.11688995361328	27.26417350769043	71.10780334472656	36.04096984863281	29.27812767028809	94.87028503417967	61.032596588134766	NaN	NaN	4.2	11.7	5.9	18.4	7.8	6.4	24.4	14.3	40	0	TRUE
2.8521273147221776e-240	0	A0A9L0SC90	A0A9L0SC90	ITGB3	Equus caballus	Integrin beta	2	6	plasma membrane,focal adhesion,anchoring junction	cell adhesion,integrin-mediated signaling pathway,regulation of cell proliferation,regulation of transport	metal ion binding	70	1.479601391732684	5.292585154906777	83.9186248779297	NA	26.3097362518311	NA	11.7121610641479	NA	45.7252998352051	325.186981201172	14.893214225769	24.814079284668	83.91862487792969	NA	26.309736251831055	NA	11.71216106414795	NA	45.72529983520508	325.1869812011719	14.893214225769045	24.81407928466797	6.1	NaN	2.2	NaN	0.7	NaN	2.4	23.1	0.5	1	40	20	TRUE
0	0	A0A9L0SCC2	A0A9L0SCC2	ABI3	Equus caballus	ABI family member 3	3	6	plasma membrane,cell surface,cytoplasm,growth cone,dendritic spine,perikaryon,organelle	apoptotic process,signal transduction,Rho protein signal transduction,nervous system development,cell differentiation,regulation of cell proliferation,positive regulation of apoptotic process,rhythmic process	death receptor activity,coreceptor activity,nerve growth factor binding	90	0.9953873781743264	5.460196895317254	32.5519752502441	NA	66.6531600952148	18.1576290130615	64.1025238037109	56.2974586486816	24.3726673126221	209.361450195312	44.9153327941895	19.0603942871094	32.55197525024414	NA	66.65316009521484	18.157629013061523	64.10252380371094	56.29745864868164	24.37266731262207	209.3614501953125	44.91533279418945	19.060394287109375	1.9	NaN	7.5	1.5	7.5	6.9	2.9	25.8	4.3	3.1	20	0	TRUE
1.3538233673871996e-109	0	A0A9L0SD12	A0A9L0SD12	OIT3	Equus caballus	Oncoprotein induced transcript 3	13	14	extracellular space,cell surface,nuclear envelope	NA	calcium ion binding	80	0.44006633623783514	5.727513458614861	NA	NA	53.985294342041	71.5793304443359	83.3780670166016	30.3458805084229	28.0323925018311	96.1667709350586	34.7459144592285	67.8302154541016	NA	NA	53.985294342041016	71.57933044433594	83.37806701660156	30.34588050842285	28.032392501831055	96.1667709350586	34.745914459228516	67.83021545410156	NaN	NaN	6.6	13.3	10.3	6.8	4.5	19.6	3.6	10.1	40	0	TRUE
2.8786144499571558e-279	0	A0A9L0SDD7	A0A9L0SDD7	GPRC5B	Equus caballus	G protein-coupled receptor class C group 5 member B	5	6	plasma membrane,extracellular exosome,membrane,receptor complex	signal transduction,G-protein coupled receptor signaling pathway	G-protein coupled receptor activity,protein kinase binding,protein kinase activator activity	80	0.7083507812922247	5.232750862536478	29.0627307891846	NA	33.4990539550781	15.0799388885498	NA	116.691589355469	31.132438659668	57.3233261108398	34.431941986084	37.9669418334961	29.06273078918457	NA	33.499053955078125	15.079938888549805	NA	116.69158935546876	31.13243865966797	57.32332611083984	34.431941986083984	37.966941833496094	2.4	NaN	9.7	5	NaN	37.9	4.9	14.9	8.3	6.4	40	0	TRUE
0	0	A0A9L0SDG9	A0A9L0SDG9	NA	Equus caballus	Ig-like domain-containing protein	22	38	immunoglobulin complex, circulating	complement activation, classical pathway,antibacterial humoral response	antigen binding,immunoglobulin receptor binding	80	0.7767114117964311	9.405283937695897	NA	NA	1056.21997070312	2380.90942382812	1488.8603515625	1095.67578125	160.468276977539	694.402465820312	549.934326171875	177.760848999023	NA	NA	1056.219970703125	2380.909423828125	1488.8603515625	1095.67578125	160.46827697753906	694.4024658203125	549.934326171875	177.76084899902344	NaN	NaN	182.4	564.3	381.6	220.1	142.2	114.3	235.4	183.9	40	0	TRUE
0	0	A0A9L0SDX4	A0A9L0SDX4	CD163	Equus caballus	CD163 molecule	7	7	plasma membrane,external side of plasma membrane,extracellular region,cytoplasm,membrane	acute-phase response,inflammatory response,vesicle-mediated transport	scavenger receptor activity,scaffold protein binding	90	0.5173157854004083	3.6820165505959768	7.61264657974243	NA	13.280722618103	20.1995983123779	10.6281051635742	2.02184820175171	15.4284744262695	21.443359375	25.8119735717773	25.2252407073975	7.612646579742432	NA	13.280722618103027	20.19959831237793	10.62810516357422	2.021848201751709	15.428474426269531	21.443359375	25.811973571777344	25.22524070739746	0.1	NaN	0.8	2.6	1.6	0.2	2	3	1.7	3.3	20	0	TRUE
1.9204055746523107e-114	0	A0A9L0SEM9	A0A9L0SEM9	GALNS	Equus caballus	N-acetylgalactosamine-6-sulfatase	9	9	lysosome	NA	hydrolase activity,N-acetylgalactosamine-6-sulfatase activity,metal ion binding	70	0.41650697354032207	4.914223587848383	NA	NA	23.0977573394775	49.0588912963867	15.8428106307983	51.2308235168457	NA	33.9315299987793	21.8603801727295	33.2191619873047	NA	NA	23.09775733947754	49.05889129638672	15.84281063079834	51.2308235168457	NA	33.9315299987793	21.860380172729492	33.21916198730469	NaN	NaN	3	10.4	1.1	10	NaN	4.8	0.3	5.5	40	20	TRUE
2.78849061391729e-234	0	A0A9L0SF43	A0A9L0SF43	ADGRF5	Equus caballus	Adhesion G protein-coupled receptor F5	3	3	plasma membrane,membrane	cell surface receptor signaling pathway,G-protein coupled receptor signaling pathway	transmembrane signaling receptor activity,G-protein coupled receptor activity	60	0.5834151901542208	5.314139578077952	NA	NA	29.2484893798828	NA	12.2295923233032	NA	83.6053237915039	43.1437721252441	77.2990951538086	39.7603874206543	NA	NA	29.248489379882812	NA	12.229592323303224	NA	83.6053237915039	43.14377212524414	77.2990951538086	39.7603874206543	NaN	NaN	0.5	NaN	0.5	NaN	4.4	2.3	4.1	2.1	60	20	TRUE
2.7392648379330145e-287	0	A0A9L0SFA4	A0A9L0SFA4	NA	Equus caballus	Uncharacterized protein	6	6	extracellular space,cell surface,extracellular region,plasma membrane	NA	NA	90	0.8238177035826538	6.593504782519476	6.18131017684937	NA	333.601776123047	116.65283203125	198.876770019531	128.66357421875	46.621524810791	134.753311157227	375.022399902344	50.3683204650879	6.181310176849365	NA	333.6017761230469	116.65283203125	198.87677001953125	128.66357421875	46.621524810791016	134.75331115722656	375.02239990234375	50.36832046508789	0.3	NaN	46.4	12.3	24.5	14.6	5.2	14	45.9	5.2	20	0	TRUE
2.5869820159754275e-155	0	A0A9L0SFQ8	A0A9L0SFQ8	NA	Equus caballus	Amyloid beta precursor like protein 2	6	7	cell surface,endomembrane system,membrane,neuron projection,secretory vesicle	axonogenesis,central nervous system development,positive regulation of macromolecule metabolic process,regulation of protein metabolic process	serine-type endopeptidase inhibitor activity,heparin binding,peptidase inhibitor activity,metal ion binding,transition metal ion binding,Requires Ontology	90	0.4296275868907912	3.9026436275664	20.7067375183105	NA	15.1357583999634	12.8475131988525	24.2367496490479	15.4097290039062	7.35876750946045	14.1241025924683	8.4029541015625	28.5044651031494	20.706737518310547	NA	15.13575839996338	12.84751319885254	24.23674964904785	15.40972900390625	7.358767509460449	14.124102592468262	8.4029541015625	28.504465103149418	1.6	NaN	0.4	0.4	3	1.1	0.1	1.6	0.9	3.9	20	0	TRUE
0	0	A0A9L0SFT5	A0A9L0SFT5	LOC100050685	Equus caballus	Carboxylic ester hydrolase	25	43	endoplasmic reticulum,lipid particle	short-chain fatty acid catabolic process	hydrolase activity,Requires Ontology	70	1.1979302524072917	7.436945653141096	NA	NA	475.882537841797	1029.26416015625	74.4429626464844	1301.32922363281	NA	120.067306518555	53.5484085083008	15.3743667602539	NA	NA	475.8825378417969	1029.26416015625	74.442962646484375	1301.3292236328125	NA	120.06730651855467	53.54840850830078	15.374366760253906	NaN	NaN	130.2	302.8	21.2	397	NaN	31.6	11.9	2.3	40	20	TRUE
0	0	A0A9L0SH07	A0A9L0SH07	JAM3	Equus caballus	Junctional adhesion molecule 3	6	7	extracellular region,plasma membrane,bicellular tight junction,desmosome	cell adhesion,spermatogenesis,cell differentiation,system development	protein homodimerization activity,protein heterodimerization activity	90	0.665712536904358	5.209926325997213	8.84134769439697	NA	47.4161529541016	13.6178455352783	66.0172119140625	19.1723384857178	93.7189865112305	93.2900390625	34.4347267150879	59.9172592163086	8.841347694396973	NA	47.41615295410156	13.61784553527832	66.0172119140625	19.172338485717773	93.71898651123048	93.2900390625	34.43472671508789	59.917259216308594	1	NaN	7.9	1.9	15.2	2.1	19	22.9	6.8	12.2	20	0	TRUE
7.256980440256988e-77	0	A0A9L0SH10	A0A9L0SH10	GPRC5C	Equus caballus	G protein-coupled receptor class C group 5 member C	5	8	plasma membrane,membrane	signal transduction,G-protein coupled receptor signaling pathway	G-protein coupled receptor activity	80	1.0764878271567213	5.106955853820026	15.5862197875977	NA	47.3738288879395	15.9621343612671	NA	170.103469848633	21.672607421875	39.332160949707	33.9079322814941	34.3345603942871	15.586219787597656	NA	47.37382888793945	15.96213436126709	NA	170.1034698486328	21.672607421875	39.33216094970703	33.90793228149414	34.33456039428711	0.5	NaN	7.4	0.5	NaN	32.5	1.4	5.4	2.2	2.3	40	0	TRUE
0	0	A0A9L0SHZ3	A0A9L0SHZ3	NPC2	Equus caballus	NPC intracellular cholesterol transporter 2	8	19	extracellular region	sterol transport,intracellular cholesterol transport	sterol binding	100	1.6902981874560985	10.875074466035644	308.475189208984	125.620895385742	3446.38891601562	16483.849609375	33834.078125	1203.37121582031	491.167663574219	2006.49438476562	1326.50207519531	4660.16748046875	308.4751892089844	125.6208953857422	3446.388916015625	16483.849609375	33834.078125	1203.3712158203125	491.1676635742187	2006.494384765625	1326.5020751953125	4660.16748046875	147.8	45.8	1754.1	8289.9	15594.6	575.5	227.1	989	642	2422.8	0	0	TRUE
0	0	A0A9L0SIE1	A0A9L0SIE1	LTBP2	Equus caballus	Latent transforming growth factor beta binding protein 2	8	12	NA	NA	calcium ion binding,heparin binding,growth factor binding	90	0.5208959550992546	7.650379268949204	260.708709716797	NA	420.478820800781	181.441879272461	336.373504638672	150.886978149414	160.327621459961	36.2312507629395	228.63981628418	397.730102539062	260.7087097167969	NA	420.4788208007813	181.44187927246097	336.3735046386719	150.88697814941406	160.32762145996094	36.23125076293945	228.6398162841797	397.7301025390625	13	NaN	17.3	8.7	15.4	6.2	5.8	2.1	9.9	14.4	20	0	TRUE
0	0	A0A9L0SLC7	A0A9L0SLC7	MPZL2	Equus caballus	Myelin protein zero like 2	4	4	membrane	NA	NA	80	0.34045629652137327	5.00536982727593	NA	NA	21.66872215271	34.6668395996094	51.8496398925781	19.479513168335	29.9313507080078	48.7692184448242	30.9053745269775	33.0943717956543	NA	NA	21.66872215270996	34.666839599609375	51.849639892578125	19.47951316833496	29.931350708007812	48.76921844482422	30.90537452697754	33.0943717956543	NaN	NaN	4.6	9.5	18.6	2.5	6.5	13.9	2.3	6.8	40	0	TRUE
0	0	A0A9L0SNJ9	A0A9L0SNJ9	NA	Equus caballus	Uncharacterized protein	2	2	NA	cellular response to DNA damage stimulus,DNA damage response, signal transduction by p53 class mediator,negative regulation of apoptotic process,negative regulation of mitotic spindle assembly checkpoint	NA	70	0.840185498703115	4.657825502687571	NA	8.23780727386475	19.8535346984863	NA	NA	22.1844425201416	86.1389770507812	9.21531200408936	36.0316352844238	62.9396934509277	NA	8.237807273864746	19.853534698486328	NA	NA	22.1844425201416	86.13897705078125	9.215312004089355	36.03163528442383	62.939693450927734	0	1.2	2.8	NaN	NaN	3.2	22.9	1.3	9.6	15	60	0	TRUE
0	0	A0A9L0SNS8	A0A9L0SNS8	IL1RAP	Equus caballus	Interleukin 1 receptor accessory protein	18	20	membrane	inflammatory response,signal transduction,cytokine-mediated signaling pathway	interleukin-1 receptor activity,hydrolase activity	90	0.7420880279774568	8.033131506748509	34.7234573364258	NA	766.217468261719	224.008056640625	780.714660644531	324.483123779297	234.765472412109	176.569290161133	497.280731201172	186.572555541992	34.72345733642578	NA	766.21746826171875	224.008056640625	780.71466064453125	324.4831237792969	234.76547241210935	176.5692901611328	497.2807312011719	186.5725555419922	2.3	NaN	107.3	32.3	118.9	46.5	34.4	21.6	70.3	25.4	20	0	TRUE
0	0	A0A9L0SP35	A0A9L0SP35	NA	Equus caballus	Mucin 5AC, oligomeric mucus/gel-forming	26	41	extracellular region	NA	NA	90	0.8479993947051966	6.667734514118946	122.427909851074	NA	110.109725952148	77.3867111206055	112.18440246582	392.279327392578	62.0693855285645	36.6405220031738	213.120208740234	52.1589317321777	122.42790985107422	NA	110.10972595214844	77.38671112060547	112.18440246582033	392.2793273925781	62.06938552856445	36.64052200317383	213.1202087402344	52.158931732177734	22.3	NaN	19.3	15.1	16	90.1	5.9	5.9	45.4	8.2	20	0	TRUE
0	0	A0A9L0SQ46	A0A9L0SQ46	SRPX2	Equus caballus	Sushi repeat-containing protein SRPX2	3	3	extracellular region,extracellular space,cytoplasm,cell surface,synapse	angiogenesis,cell adhesion,cell motility,positive regulation of synapse assembly,vocalization behavior,positive regulation of cell migration involved in sprouting angiogenesis,cell-cell adhesion	receptor binding,hepatocyte growth factor binding,identical protein binding	60	0.5985537407256394	4.003733521023277	14.1057024002075	NA	NA	NA	11.8387355804443	NA	17.8148994445801	38.8666572570801	7.63404226303101	19.3040370941162	14.10570240020752	NA	NA	NA	11.838735580444336	NA	17.814899444580078	38.86665725708008	7.634042263031006	19.30403709411621	1.2	NaN	NaN	NaN	0.6	NaN	0.9	2.2	0.4	0.9	60	20	TRUE
0	0	A0A9L0SQ87	A0A9L0SQ87	NA	Equus caballus	Plasmin	38	44	extracellular space,Requires Ontology,glutamatergic synapse,extracellular region,external side of plasma membrane,cell surface	proteolysis,blood coagulation,hemostasis,negative regulation of cell-substrate adhesion,extracellular matrix disassembly,collagen catabolic process,fibrinolysis,positive regulation of blood vessel endothelial cell migration,tissue remodeling,interaction with symbiont,negative regulation of fibrinolysis,positive regulation of fibrinolysis,Requires Ontology	protease binding,endopeptidase activity,serine-type endopeptidase activity,receptor binding,peptidase activity,serine-type peptidase activity,hydrolase activity,enzyme binding,kinase binding,protein domain specific binding,apolipoprotein binding,chaperone binding,protein antigen binding	80	0.3789642239126979	6.670677534158647	NA	NA	102.104095458984	162.704116821289	140.383148193359	89.8322525024414	149.677856445312	125.17310333252	46.5588493347168	63.4939651489258	NA	NA	102.10409545898438	162.70411682128906	140.38314819335938	89.8322525024414	149.6778564453125	125.17310333251952	46.5588493347168	63.49396514892578	NaN	NaN	33.2	66.8	34.5	30.5	12.4	25	5.9	6.5	40	0	TRUE
0	0	A0A9L0SQR9	A0A9L0SQR9	VMO1	Equus caballus	Vitelline membrane outer layer 1 homolog	5	10	extracellular space,extracellular region	NA	NA	70	1.690227204209845	5.364530433893565	NA	NA	137.283279418945	75.360466003418	618.664367675781	3.34099721908569	13.7749948501587	13.5409574508667	50.5078353881836	NA	NA	NA	137.2832794189453	75.36046600341797	618.66436767578125	3.340997219085694	13.774994850158691	13.5409574508667	50.507835388183594	NA	NaN	NaN	47.9	29.1	248.6	0.2	2.6	3.7	10.1	NaN	40	20	TRUE
0	0	A0A9L0SSR4	A0A9L0SSR4	LCN2	Equus caballus	Lipocalin 2	26	61	extracellular region	NA	small molecule binding	100	1.817043292695809	10.80402246856594	2370.68359375	261.627044677734	1000.66833496094	71521.2265625	51928.01953125	573.995483398438	293.760406494141	13477.7431640625	231.867828369141	274.729858398438	2370.68359375	261.6270446777344	1000.6683349609376	71521.2265625	51928.01953125	573.9954833984375	293.7604064941406	13477.7431640625	231.86782836914065	274.7298583984375	1353.1	118.4	512.5	31133.1	23199.6	282.7	137.2	7697.1	107.7	132	0	0	TRUE
0	0	A0A9L0STT9	A0A9L0STT9	C1RL	Equus caballus	Complement C1r subcomponent like	18	21	extracellular region,extracellular space	immune system process,proteolysis,complement activation, classical pathway,innate immune response	serine-type endopeptidase activity,peptidase activity,serine-type peptidase activity,hydrolase activity	80	0.5690769568815788	7.929243466578033	NA	NA	163.669448852539	236.476028442383	170.187805175781	65.5301513671875	542.271728515625	323.692260742188	332.229888916016	495.003967285156	NA	NA	163.66944885253906	236.4760284423828	170.18780517578125	65.5301513671875	542.271728515625	323.6922607421875	332.2298889160156	495.00396728515625	NaN	NaN	49.7	82.1	52.3	11.2	75	44.6	46.3	74.8	40	0	TRUE
0	0	A0A9L0STX6	A0A9L0STX6	CPE	Equus caballus	Carboxypeptidase E	20	30	extracellular space,extracellular region,cytoplasm,endomembrane system,membrane,transport vesicle membrane,cytoplasmic vesicle	proteolysis,peptide metabolic process,cell communication,protein localization,protein processing,signaling	carboxypeptidase activity,metallocarboxypeptidase activity,peptidase activity,metallopeptidase activity,zinc ion binding,hydrolase activity,metal ion binding	70	1.0562881092904253	6.97727043879109	65.009407043457	NA	659.580444335938	160.720748901367	196.50651550293	400.988952636719	NA	34.362606048584	27.018575668335	NA	65.00940704345703	NA	659.5804443359375	160.7207489013672	196.5065155029297	400.9889526367187	NA	34.362606048583984	27.01857566833496	NA	14	NaN	182.8	37.8	41.9	96	NaN	3.5	31.1	NaN	20	40	TRUE
0	0	A0A9L0SUP5	A0A9L0SUP5	COCH	Equus caballus	Cochlin	5	11	extracellular matrix,extracellular region	sensory perception of sound	NA	80	0.6454325696012373	8.898828419280827	NA	NA	109.590240478516	216.049697875977	1002.9990234375	400.482330322266	532.375183105469	779.883178710938	540.519897460938	1262.54187011719	NA	NA	109.59024047851562	216.04969787597656	1002.9990234375	400.4823303222656	532.37518310546875	779.8831787109375	540.5198974609375	1262.5418701171875	NaN	NaN	10.1	26.1	114.1	48.4	52.8	105.7	51	169.3	40	0	TRUE
0	0	A0A9L0SUV9	A0A9L0SUV9	BCAM	Equus caballus	Basal cell adhesion molecule	16	22	extracellular space,plasma membrane,cell surface	angiogenesis,cell adhesion,cell-matrix adhesion	laminin receptor activity,laminin binding	80	0.6568304474993211	6.104841703107217	NA	NA	103.433181762695	96.8597412109375	194.530136108398	51.9944496154785	46.6959648132324	27.6771297454834	40.2727241516113	95.4476623535156	NA	NA	103.43318176269533	96.8597412109375	194.53013610839844	51.99444961547851	46.69596481323242	27.6771297454834	40.27272415161133	95.447662353515625	NaN	NaN	26.9	33.8	53.9	16.8	6.1	6.7	11.7	22.1	40	0	TRUE
0	0	A0A9L0SUY6	A0A9L0SUY6	SOD3	Equus caballus	Superoxide dismutase [Cu-Zn]	6	9	extracellular region,extracellular space,Golgi apparatus	superoxide metabolic process,removal of superoxide radicals	superoxide dismutase activity,copper ion binding,antioxidant activity,oxidoreductase activity,metal ion binding	80	0.35841910091604934	6.836323821304603	NA	NA	186.874649047852	132.383560180664	149.295974731445	161.035263061523	68.9897232055664	114.699920654297	72.8140487670898	84.8383102416992	NA	NA	186.87464904785156	132.38356018066406	149.2959747314453	161.03526306152344	68.9897232055664	114.69992065429688	72.81404876708984	84.83831024169922	NaN	NaN	37.8	32.6	34.9	33.3	12.6	23.2	14.9	19	40	0	TRUE
0	0	A0A9L0SWV6	A0A9L0SWV6	RELT	Equus caballus	RELT TNF receptor	4	5	cytosol,plasma membrane,perinuclear region of cytoplasm	apoptotic process,amelogenesis	NA	80	0.7484222469335503	4.526267556177943	NA	NA	12.8990983963013	5.95264768600464	19.4100017547607	10.9885416030884	71.9261245727539	39.5836372375488	32.5306053161621	52.4093475341797	NA	NA	12.89909839630127	5.952647686004639	19.410001754760746	10.98854160308838	71.9261245727539	39.58363723754883	32.53060531616211	52.40934753417969	NaN	NaN	1	0.2	1.5	0.8	11.4	2.9	3.3	8.7	40	0	TRUE
0	0	A0A9L0SXN7	A0A9L0SXN7	NA	Equus caballus	Mucin 2, oligomeric mucus/gel-forming	7	10	extracellular space,extracellular matrix,extracellular region	NA	extracellular matrix structural constituent	80	0.90250648538624	6.173669371768053	NA	NA	22.5474414825439	32.1734237670898	57.0892906188965	70.7035751342773	166.179916381836	29.6504955291748	178.312728881836	286.611694335938	NA	NA	22.547441482543945	32.173423767089844	57.08929061889648	70.70357513427734	166.17991638183594	29.650495529174805	178.31272888183594	286.6116943359375	NaN	NaN	1.4	1.1	1.8	4.7	1.2	1.1	5.9	9.8	40	0	TRUE
8.872390494587763e-265	0	A0A9L0SYT2	A0A9L0SYT2	CD276	Equus caballus	CD276 molecule	5	6	external side of plasma membrane,membrane	regulation of cytokine production,positive regulation of cytokine production,regulation of interferon-gamma production,positive regulation of interferon-gamma production,positive regulation of T cell proliferation,T cell activation,T cell receptor signaling pathway	receptor binding,identical protein binding	80	0.3132240343206621	4.852469120715409	NA	NA	20.0297737121582	37.3367691040039	23.1575679779053	15.4747228622437	39.9896850585938	39.8302154541016	34.4866790771484	32.9586524963379	NA	NA	20.029773712158203	37.336769104003906	23.157567977905273	15.474722862243652	39.98968505859375	39.83021545410156	34.48667907714844	32.95865249633789	NaN	NaN	4.6	9.5	4.2	4	5.1	9.9	5.4	6	40	0	TRUE
4.72043453448571e-282	0	A0A9L0SZM0	A0A9L0SZM0	NA	Equus caballus	SUEL-type lectin domain-containing protein	7	9	NA	NA	carbohydrate binding	90	0.5662623615284607	5.354857315278967	36.5669555664062	NA	30.0355892181396	17.7900409698486	35.3658027648926	21.5645313262939	101.554069519043	60.7946701049805	51.1860656738281	68.3618850708008	36.56695556640625	NA	30.03558921813965	17.790040969848633	35.36580276489258	21.564531326293945	101.55406951904295	60.79467010498047	51.186065673828125	68.36188507080078	5.3	NaN	5.7	7.2	22.7	20	69	45	36.1	48.1	20	0	TRUE
0	0	A0A9L0SZP4	A0A9L0SZP4	APOD	Equus caballus	Apolipoprotein D	8	12	cytoplasm,extracellular region	response to reactive oxygen species,lipid metabolic process,lipid transport,response to stress,brain development,tissue regeneration	lipid binding,cholesterol binding	90	0.8338325547410839	6.826598499055815	NA	42.6744728088379	376.709503173828	115.222709655762	21.8505573272705	238.653961181641	79.1806564331055	180.439834594727	380.843292236328	59.4917068481445	NA	42.67447280883789	376.7095031738281	115.22270965576172	21.850557327270508	238.65396118164065	79.18065643310547	180.43983459472656	380.8432922363281	59.49170684814453	NaN	2.5	193	64.6	4.4	136.6	28.3	95.4	230.2	27.4	20	0	TRUE
0	0	A0A9L0T0Z7	A0A9L0T0Z7	TGFBR2	Equus caballus	TGF-beta receptor type-2	4	5	plasma membrane,cell surface,membrane,membrane raft,receptor complex,activin receptor complex	apoptotic process,transmembrane receptor protein serine/threonine kinase signaling pathway,transforming growth factor beta receptor signaling pathway,nervous system development,heart development,cell differentiation,activin receptor signaling pathway,response to lipid,animal organ development,blood vessel morphogenesis,positive regulation of developmental process,regulation of multicellular organismal process,cellular response to growth factor stimulus	nucleotide binding,protein kinase activity,protein serine/threonine kinase activity,transmembrane receptor protein serine/threonine kinase activity,transforming growth factor beta-activated receptor activity,transforming growth factor beta receptor activity, type II,ATP binding,kinase activity,activin receptor activity, type I,transferase activity,type I transforming growth factor beta receptor binding,signaling receptor activity,metal ion binding,activin binding,transforming growth factor beta binding	90	0.9660825577392016	7.280613642115998	36.944751739502	NA	142.48991394043	256.140380859375	743.159362792969	48.1639213562012	136.276672363281	152.61003112793	161.542465209961	327.519989013672	36.94475173950195	NA	142.4899139404297	256.140380859375	743.15936279296875	48.16392135620117	136.27667236328125	152.6100311279297	161.54246520996094	327.5199890136719	2	NaN	8.4	15.1	45.8	3.6	8.8	9.2	9.8	22.7	20	0	TRUE
8.272928330670439e-272	0	A0A9L0T1K7	A0A9L0T1K7	TMPRSS2	Equus caballus	Transmembrane serine protease 2	6	6	extracellular region,plasma membrane,membrane	proteolysis,protein autoprocessing,positive regulation of viral entry into host cell,Requires Ontology	serine-type endopeptidase activity,peptidase activity,serine-type peptidase activity,hydrolase activity	80	0.6533195767256457	4.948388288958406	NA	NA	14.3009462356567	16.3714809417725	15.4483127593994	25.4429054260254	61.2577514648438	81.4653091430664	39.464672088623	45.5683898925781	NA	NA	14.300946235656738	16.37148094177246	15.448312759399414	25.44290542602539	61.25775146484375	81.4653091430664	39.46467208862305	45.568389892578125	NaN	NaN	0.9	1.7	1.7	3.7	8.3	12.5	5.3	5.5	40	0	TRUE
0	0	A0A9L0T2I0	A0A9L0T2I0	NA	Equus caballus	Ig-like domain-containing protein	10	15	membrane	positive regulation of leukocyte migration,cell adhesion,cell-matrix adhesion,integrin-mediated signaling pathway,heterotypic cell-cell adhesion,leukocyte tethering or rolling,positive regulation of lymphocyte migration	integrin binding involved in cell-matrix adhesion	90	1.227084246327954	5.9720693260822975	18.3126316070557	NA	105.254112243652	11.7295656204224	39.8095741271973	49.7277488708496	123.319236755371	439.841033935547	44.1328201293945	141.254302978516	18.312631607055664	NA	105.25411224365234	11.729565620422363	39.809574127197266	49.72774887084961	123.3192367553711	439.8410339355469	44.13282012939453	141.25430297851562	2.5	NaN	33.4	1.7	14.3	15.3	26.3	129.5	7.4	50.5	20	0	TRUE
0	0	A0A9L0T474	A0A9L0T474	ADGRG1	Equus caballus	Adhesion G-protein coupled receptor G1	6	7	extracellular region,plasma membrane,membrane,membrane raft	cell adhesion,signal transduction,cell surface receptor signaling pathway,G-protein coupled receptor signaling pathway,nervous system development,brain development,positive regulation of signal transduction,cell migration,cell differentiation,tube development,regulation of cell proliferation,anatomical structure formation involved in morphogenesis,regulation of platelet aggregation,Requires Ontology	transmembrane signaling receptor activity,G-protein coupled receptor activity,heparin binding	80	0.46009881439229455	5.118045871885074	NA	NA	30.7498626708984	13.4781112670898	27.8438854217529	25.5462512969971	53.8082809448242	37.3407821655273	53.9493675231934	66.2116622924805	NA	NA	30.74986267089844	13.478111267089844	27.84388542175293	25.54625129699707	53.80828094482422	37.340782165527344	53.94936752319336	66.21166229248047	NaN	NaN	3	0.4	3.6	4.1	11.9	5.2	10.3	11.5	40	0	TRUE
9.926983378561103e-39	8.125306594691694e-31	A0A9L0T4M1	A0A9L0T4M1	NA	Equus caballus	Collagen type VII alpha 1 chain	7	8	basement membrane,extracellular region,extracellular matrix	cell adhesion,extracellular matrix organization	serine-type endopeptidase inhibitor activity,extracellular matrix structural constituent conferring tensile strength,peptidase inhibitor activity,identical protein binding	70	0.5616747829734157	4.363615566936321	NA	NA	18.0164699554443	NA	9.66584491729736	9.70092964172363	38.6155967712402	37.20556640625	38.5070838928223	16.7656364440918	NA	NA	18.016469955444336	NA	9.665844917297363	9.700929641723633	38.615596771240234	37.20556640625	38.507083892822266	16.765636444091797	NaN	NaN	0.7	NaN	0.2	0.1	1.2	1.1	1.5	0.5	60	0	TRUE
0	0	A0A9L0T558	A0A9L0T558	LRG1	Equus caballus	Leucine rich alpha-2-glycoprotein 1	23	37	extracellular space	positive regulation of epithelial to mesenchymal transition,positive regulation of transforming growth factor beta receptor signaling pathway,positive regulation of angiogenesis	type II transforming growth factor beta receptor binding,type I transforming growth factor beta receptor binding	70	1.7710693665987096	7.86911209578495	NA	NA	223.739334106445	1216.96923828125	4049.33178710938	113.675712585449	NA	137.889175415039	61.2943687438965	36.045223236084	NA	NA	223.7393341064453	1216.96923828125	4049.331787109375	113.67571258544922	NA	137.88917541503906	61.29436874389648	36.045223236083984	NaN	NaN	79	503.2	1651.7	68.2	NaN	50.1	19.2	13	40	20	TRUE
2.2116922045190958e-144	0	A0A9L0T5D8	A0A9L0T5D8	CTSO	Equus caballus	Cathepsin O	5	6	extracellular space,lysosome	proteolysis,proteolysis involved in cellular protein catabolic process	cysteine-type endopeptidase activity,peptidase activity,cysteine-type peptidase activity,hydrolase activity	80	0.4524070158829397	5.544229300919047	NA	NA	44.0744552612305	19.5003070831299	36.0372505187988	68.0185165405273	49.0034484863281	33.3510704040527	73.4766845703125	88.8671798706055	NA	NA	44.07445526123047	19.500307083129883	36.03725051879883	68.01851654052734	49.003448486328125	33.351070404052734	73.4766845703125	88.86717987060547	NaN	NaN	7.9	3.4	7.3	16.5	10.2	2.5	16.8	19	40	0	TRUE
3.3684260206725928e-80	0	A0A9L0T6I4	A0A9L0T6I4	ARG1	Equus caballus	Arginase	3	3	cytoplasm,cytosol,extracellular space	urea cycle,arginine metabolic process,regulation of cell proliferation,negative regulation of T cell proliferation,defense response to protozoan,negative regulation of activated T cell proliferation,negative regulation of interferon-gamma-mediated signaling pathway,positive regulation of neutrophil mediated killing of fungus,negative regulation of T-helper 2 cell cytokine production	arginase activity,hydrolase activity,hydrolase activity, acting on carbon-nitrogen (but not peptide) bonds, in linear amidines,manganese ion binding,metal ion binding	90	0.5794258875952161	4.870279922158269	28.7848815917969	NA	19.138355255127	38.7311668395996	29.095043182373	18.0921993255615	57.4579582214355	72.0813140869141	37.1285820007324	9.06946849822998	28.784881591796875	NA	19.138355255126953	38.73116683959961	29.095043182373047	18.092199325561523	57.45795822143555	72.08131408691406	37.12858200073242	9.06946849822998	2.9	NaN	0.9	5.2	2.4	0.6	7.7	9.7	4.9	0.8	20	0	TRUE
0	0	A0A9L0T6Q8	A0A9L0T6Q8	LOC102150834	Equus caballus	Uncharacterized protein	2	5	plasma membrane,cell surface,membrane	apoptotic process,signal transduction,TRAIL-activated apoptotic signaling pathway,positive regulation of apoptotic process	NA	90	0.4557472711029158	5.667960826951502	82.6005249023438	NA	65.7239608764648	16.1151733398438	68.7259140014648	55.0365562438965	13.1620626449585	83.8992538452148	77.4948883056641	80.1618270874023	82.60052490234375	NA	65.72396087646484	16.11517333984375	68.72591400146484	55.03655624389648	13.162062644958496	83.89925384521484	77.49488830566406	80.16182708740234	13.7	NaN	6.9	1.6	11.1	7	1.7	13	6.5	14.4	20	0	TRUE
0	0	A0A9L0T720	A0A9L0T720	CD27	Equus caballus	CD27 molecule	5	7	external side of plasma membrane,plasma membrane	apoptotic process,T cell activation,negative regulation of apoptotic process,positive regulation of B cell differentiation,positive regulation of T cell differentiation,Requires Ontology,extrinsic apoptotic signaling pathway	transmembrane signaling receptor activity,cysteine-type endopeptidase inhibitor activity involved in apoptotic process	90	0.6230042824694834	5.920992555260192	40.2566757202149	NA	43.3244209289551	11.560471534729	109.312019348145	34.4624710083008	104.990814208984	120.855781555176	73.6251220703125	155.08219909668	40.25667572021485	NA	43.32442092895508	11.560471534729004	109.31201934814452	34.46247100830078	104.99081420898438	120.85578155517578	73.6251220703125	155.0821990966797	5.6	NaN	5	1.4	16.4	2.7	12.3	23.2	12.8	23.8	20	0	TRUE
0	0	A0A9L0T782	A0A9L0T782	DSC3	Equus caballus	Desmocollin 3	15	23	desmosome,extracellular region,cytoplasm,plasma membrane,membrane,cell junction	cell adhesion,homophilic cell adhesion via plasma membrane adhesion molecules,cell-cell adhesion	calcium ion binding	80	1.7972458634955146	6.55372200003132	NA	NA	45.1889114379883	953.153442382812	1999.03833007812	29.1853008270264	30.690803527832	83.8412170410156	21.1538734436035	44.3506011962891	NA	NA	45.18891143798828	953.1534423828124	1999.038330078125	29.185300827026367	30.69080352783203	83.841217041015625	21.153873443603516	44.35060119628906	NaN	NaN	5.6	141.8	278.2	2.7	2.4	13.9	0.8	6.2	40	0	TRUE
0	0	A0A9L0T9N2	A0A9L0T9N2	TMED7	Equus caballus	Transmembrane p24 trafficking protein 7	5	5	endoplasmic reticulum,endoplasmic reticulum-Golgi intermediate compartment,Golgi apparatus,ER to Golgi transport vesicle,endoplasmic reticulum membrane,ER to Golgi transport vesicle membrane,membrane,COPI-coated vesicle membrane,cytoplasmic vesicle,endoplasmic reticulum-Golgi intermediate compartment membrane	intracellular protein transport,ER to Golgi vesicle-mediated transport,Golgi organization,protein transport	NA	80	0.5909254950062701	5.201358078263433	NA	NA	36.6059989929199	31.1721115112305	94.0261459350586	22.6995601654053	34.6510314941406	19.6746692657471	32.8820152282715	61.5108604431152	NA	NA	36.60599899291992	31.17211151123047	94.0261459350586	22.699560165405273	34.651031494140625	19.67466926574707	32.882015228271484	61.510860443115234	NaN	NaN	9.7	8.2	24.3	1.9	10.2	5.4	5.6	17.5	40	0	TRUE
2.2965328979044656e-255	0	A0A9L0T9W6	A0A9L0T9W6	EPHB2	Equus caballus	receptor protein-tyrosine kinase	14	15	plasma membrane,membrane,dendrite	transmembrane receptor protein tyrosine kinase signaling pathway,nervous system development,cell migration,ephrin receptor signaling pathway,system development	nucleotide binding,protein kinase activity,protein tyrosine kinase activity,transmembrane receptor protein tyrosine kinase activity,ephrin receptor activity,ATP binding,kinase activity,transferase activity	80	0.4699951074423012	5.23411609921898	NA	NA	25.9743061065674	16.045841217041	35.5596046447754	30.0396347045898	43.9032363891602	55.9311714172363	46.8376235961914	78.6510009765625	NA	NA	25.974306106567383	16.045841217041016	35.55960464477539	30.039634704589844	43.90323638916016	55.93117141723633	46.837623596191406	78.6510009765625	NaN	NaN	2.8	0.8	4.1	4.1	5.4	10.4	4.6	12.3	40	0	TRUE
0	0	A0A9L0TA95	A0A9L0TA95	LAIR1	Equus caballus	Ig-like domain-containing protein	2	3	plasma membrane	immune response-inhibiting cell surface receptor signaling pathway	transmembrane signaling receptor activity,Requires Ontology	50	0.5322211545388078	5.819420246712172	NA	NA	NA	22.2882270812988	NA	NA	73.4786834716797	36.5082778930664	97.8183059692383	98.1865234375	NA	NA	NA	22.288227081298828	NA	NA	73.47868347167969	36.508277893066406	97.81830596923828	98.1865234375	NaN	NaN	NaN	2.5	NaN	NaN	13.8	6.3	19.1	18.7	80	20	TRUE
0	0	A0A9L0TAT0	A0A9L0TAT0	NA	Equus caballus	Uncharacterized protein	5	6	extracellular space,extracellular region	defense response,defense response to bacterium,innate immune response,defense response to Gram-negative bacterium,defense response to Gram-positive bacterium,Requires Ontology	lipopolysaccharide binding	60	1.312482692911897	5.628894308469075	NA	18.6255416870117	15.6558713912964	352.489532470703	361.749786376953	NA	10.7722301483154	36.6564064025879	NA	NA	NA	18.62554168701172	15.655871391296388	352.4895324707031	361.7497863769531	NA	10.77223014831543	36.65640640258789	NA	NA	NaN	2.6	2.1	81.8	87	NaN	1.1	4.8	NaN	NaN	20	60	TRUE
0	0	A0A9L0TBY1	A0A9L0TBY1	FRZB	Equus caballus	Secreted frizzled-related protein 3	2	2	extracellular region	Wnt signaling pathway,cell differentiation,regulation of cell differentiation,system development,negative regulation of canonical Wnt signaling pathway	NA	80	1.3924327739157007	6.085726351933662	NA	NA	16.7399940490723	23.6691284179688	103.861274719238	58.0731048583984	612.625915527344	12.5095386505127	138.12956237793	178.978088378906	NA	NA	16.739994049072266	23.66912841796875	103.86127471923828	58.07310485839844	612.62591552734375	12.509538650512695	138.1295623779297	178.97808837890625	NaN	NaN	1.5	3.5	14.7	8.4	87	1.1	19.6	25.4	40	0	TRUE
2.94941760608636e-283	0	A0A9L0TF86	A0A9L0TF86	PXDN	Equus caballus	Peroxidasin	6	8	extracellular space,extracellular region,basement membrane,endoplasmic reticulum,cell surface,extracellular matrix	eye development,response to oxidative stress,cell adhesion,thiocyanate metabolic process,antibacterial humoral response,extracellular matrix organization,collagen fibril organization,hydrogen peroxide catabolic process,system development,protein homooligomerization,protein homotrimerization,basement membrane assembly,basement membrane organization,cellular oxidant detoxification	peroxidase activity,extracellular matrix structural constituent,calcium ion binding,oxidoreductase activity,oxidoreductase activity, acting on peroxide as acceptor,heme binding,thiocyanate peroxidase activity,laminin-1 binding,metal ion binding,Requires Ontology	90	0.5255663645035015	4.81083110821738	16.8661823272705	NA	19.5784702301025	28.400857925415	57.6851272583008	6.42623043060303	31.1723136901855	54.6849632263184	39.6314468383789	46.0273704528809	16.866182327270508	NA	19.57847023010254	28.40085792541504	57.68512725830078	6.426230430603027	31.172313690185547	54.68496322631836	39.631446838378906	46.02737045288086	0.8	NaN	0.8	0.8	3.1	0.2	1.8	3.1	1.9	2.5	20	0	TRUE
0	0	A0A9L0TGI1	A0A9L0TGI1	ALCAM	Equus caballus	CD166 antigen	17	24	T cell receptor complex,plasma membrane,immunological synapse,external side of plasma membrane,axon,dendrite,neuronal cell body	adaptive immune response,immune system process,cell adhesion,heterophilic cell-cell adhesion via plasma membrane cell adhesion molecules,neuron projection development	identical protein binding	80	0.5420356830617497	5.970479671740491	NA	NA	85.8043823242188	37.0793113708496	148.487197875977	60.1296615600586	45.2996711730957	46.2438468933105	42.8661422729492	93.6840057373047	NA	NA	85.80438232421875	37.07931137084961	148.48719787597656	60.129661560058594	45.2996711730957	46.24384689331055	42.86614227294922	93.68400573730467	NaN	NaN	26.1	9	48.4	13.7	4.8	10.9	5.5	28	40	0	TRUE
0	0	A0A9L0TGI3;Q8MKD1	A0A9L0TGI3;Q8MKD1	UBB	Equus caballus	Ubiquitin B;Polyubiquitin-B	10	16	nucleus,cytosolic ribosome,cytoplasm,mitochondrion,neuron projection,neuronal cell body;nucleus,cytosolic ribosome,cytoplasm,mitochondrial outer membrane	protein ubiquitination,modification-dependent protein catabolic process,positive regulation of protein ubiquitination,positive regulation of protein monoubiquitination;protein ubiquitination,modification-dependent protein catabolic process	structural constituent of ribosome,protein tag;structural constituent of ribosome,protein tag	100	2.010234762216779	8.91050706502977	77.207893371582	89.7591934204102	264.869873046875	496.204467773438	9448.5390625	335.964721679688	2104.96118164062	349.038482666016	455.965240478516	687.317932128906	77.20789337158203	89.75919342041016	264.869873046875	496.2044677734375	9448.5390625	335.9647216796875	2104.961181640625	349.0384826660156	455.9652404785156	687.31793212890625	15.6;15.6	18.1;18.1	61.4;61.4	117.7;117.7	2201.7;2201.7	74;74	481.1;481.1	76.6;76.6	99.4;99.4	157.4;157.4	0	0	TRUE
1.278921417893079e-150	0	A0A9L0TGY2	A0A9L0TGY2	PCDH1	Equus caballus	Protocadherin 1	9	9	plasma membrane,membrane	cell adhesion,homophilic cell adhesion via plasma membrane adhesion molecules	calcium ion binding	80	0.3336323513476403	5.024399196850285	NA	NA	43.3307075500488	31.3507518768311	19.9145641326904	31.9372425079346	24.1993007659912	44.9952011108398	25.6757926940918	52.1139640808105	NA	NA	43.33070755004883	31.350751876831055	19.91456413269043	31.93724250793457	24.19930076599121	44.99520111083984	25.675792694091797	52.11396408081055	NaN	NaN	4.3	3.1	0.6	2.4	2.6	4.9	0.4	6	40	0	TRUE
0	0	A0A9L0TH63	A0A9L0TH63	PTPRG	Equus caballus	protein-tyrosine-phosphatase	8	9	plasma membrane,membrane	signal transduction,negative regulation of epithelial cell migration,neuron projection development	phosphoprotein phosphatase activity,protein tyrosine phosphatase activity,hydrolase activity,identical protein binding	80	0.34522136698205774	5.8842770141265035	NA	NA	32.7056655883789	82.7466354370117	46.777271270752	41.3788452148438	84.2074966430664	56.6392860412598	65.9097213745117	89.9801025390625	NA	NA	32.705665588378906	82.74663543701172	46.77727127075195	41.37884521484375	84.2074966430664	56.639286041259766	65.90972137451172	89.9801025390625	NaN	NaN	1.6	4.8	1.5	1.4	1.7	1.6	1.3	1.8	40	0	TRUE
6.119734201839076e-83	0	A0A9L0THG8	A0A9L0THG8	CD58	Equus caballus	Ig-like domain-containing protein	4	4	membrane	NA	NA	70	0.3708491698142344	6.171022429157631	NA	NA	52.9462127685547	40.3246994018555	84.2650756835938	55.2404975891113	NA	106.465057373047	82.1809463500977	115.971298217773	NA	NA	52.94621276855469	40.32469940185547	84.26507568359375	55.24049758911133	NA	106.46505737304688	82.18094635009766	115.97129821777344	NaN	NaN	10.9	5.1	19.5	18.5	NaN	30.3	20.7	29.1	40	20	TRUE
1.0256898744789576e-201	0	A0A9L0THU2	A0A9L0THU2	PDCD1	Equus caballus	Programmed cell death 1	3	3	plasma membrane,membrane	adaptive immune response,immune system process,apoptotic process,negative regulation of immune response,negative regulation of multicellular organismal process	NA	60	0.9316361385969186	4.234761219111988	NA	NA	NA	NA	15.9312238693237	18.8545570373535	37.7349624633789	73.1857604980469	11.9709510803223	4.48514270782471	NA	NA	NA	NA	15.93122386932373	18.854557037353516	37.734962463378906	73.185760498046875	11.970951080322266	4.485142707824707	NaN	NaN	NaN	0	1	1.3	6.2	13.1	1.6	0.6	80	0	TRUE
2.2476480038430945e-190	0	A0A9L0TK47	A0A9L0TK47	ICAM1	Equus caballus	Intercellular adhesion molecule 1	4	4	plasma membrane,membrane	immune effector process,immune response,cell adhesion,leukocyte cell-cell adhesion,leukocyte migration,cell-cell adhesion,cellular response to oxygen-containing compound	integrin binding	90	0.5471966060168009	4.892531113208067	9.54000949859619	NA	27.4580993652344	15.1445875167847	37.7463645935059	28.1088848114014	66.5261917114258	60.368091583252	27.3873100280762	38.8725128173828	9.540009498596191	NA	27.458099365234375	15.144587516784668	37.74636459350586	28.108884811401367	66.52619171142578	60.36809158325195	27.387310028076172	38.87251281738281	0.3	NaN	1.7	0.8	2.8	1.5	4	3.9	1.8	2.5	20	0	TRUE
0	0	A0A9L0TKZ3	A0A9L0TKZ3	MUC1	Equus caballus	Mucin-1	7	8	apical plasma membrane,nucleus,cytoplasm	NA	NA	90	1.0544207019541163	7.103113259783622	125.418571472168	NA	201.23063659668	103.364501953125	43.2190246582031	694.56982421875	79.8100204467773	135.209197998047	167.061019897461	124.306648254395	125.41857147216795	NA	201.2306365966797	103.364501953125	43.219024658203125	694.56982421875	79.81002044677734	135.20919799804688	167.06101989746094	124.30664825439452	23.8	NaN	39.6	15.7	6.4	136.4	13.6	24.1	25	22.9	20	0	TRUE
9.570949431759299e-263	0	A0A9L0TL44	A0A9L0TL44	NA	Equus caballus	Alkaline phosphatase	14	17	plasma membrane,side of membrane	NA	alkaline phosphatase activity,hydrolase activity,phosphatase activity,metal ion binding	80	1.0341256472923357	5.245601297090297	NA	NA	35.959716796875	39.599422454834	7.32569599151611	26.3448696136475	33.6193504333496	31.048433303833	80.0932159423828	186.806457519531	NA	NA	35.959716796875	39.599422454833984	7.325695991516113	26.34486961364746	33.61935043334961	31.048433303833008	80.09321594238281	186.80645751953125	NaN	NaN	7.6	8.6	0.2	5.9	5.3	5.7	19.6	48	40	0	TRUE
0	0	A0A9L0TLI5	A0A9L0TLI5	TNFRSF9	Equus caballus	TNF receptor superfamily member 9	7	9	external side of plasma membrane	apoptotic process,negative regulation of cell proliferation,regulation of cell proliferation	signaling receptor activity	90	0.6980694731251763	5.975383848661721	77.8491973876953	NA	39.5299339294434	13.7929754257202	75.8506851196289	19.7503433227539	97.2440643310547	203.368896484375	109.008010864258	112.706657409668	77.84919738769531	NA	39.52993392944336	13.792975425720217	75.8506851196289	19.750343322753903	97.24406433105467	203.368896484375	109.0080108642578	112.70665740966795	21.9	NaN	10.8	2.8	19	5	23.1	63.2	27.5	29.7	20	0	TRUE
0	0	A0A9L0TN10	A0A9L0TN10	EREG	Equus caballus	Epiregulin	2	2	extracellular space,extracellular region,plasma membrane	angiogenesis,positive regulation of cytokine production,epidermal growth factor receptor signaling pathway,cell-cell signaling,positive regulation of cell proliferation,negative regulation of cell proliferation,mRNA transcription,cytokine-mediated signaling pathway,cell differentiation,positive regulation of interleukin-6 production,ERBB2-EGFR signaling pathway,ERBB2-ERBB4 signaling pathway,ERBB4-ERBB4 signaling pathway,positive regulation of phosphorylation,keratinocyte proliferation,positive regulation of innate immune response,positive regulation of DNA replication,positive regulation of mitotic nuclear division,negative regulation of transcription, DNA-templated,positive regulation of fibroblast proliferation,animal organ development,negative regulation of smooth muscle cell differentiation,positive regulation of multicellular organismal process,positive regulation of cell division	epidermal growth factor receptor binding,growth factor activity,transmembrane receptor protein tyrosine kinase activator activity,receptor agonist activity	70	1.1763423923337055	5.25396233081188	NA	NA	19.8351211547852	26.8776512145996	229.693145751953	8.55724143981934	16.2814388275146	105.872245788574	NA	65.2257232666016	NA	NA	19.835121154785156	26.87765121459961	229.69314575195312	8.557241439819336	16.28143882751465	105.87224578857422	NA	65.22572326660156	NaN	NaN	2.2	3	33.5	1	1.8	14.8	NaN	7.2	40	20	TRUE
0	0	A0A9L0TNX4	A0A9L0TNX4	LOC100066738	Equus caballus	C-type lectin domain-containing protein	5	7	external side of plasma membrane	immune response	carbohydrate binding,pattern recognition receptor activity	80	0.7342322766832863	5.861694713745984	NA	NA	28.2141265869141	54.1775512695312	63.9575805664062	23.3888511657715	186.789749145508	62.9766082763672	51.2107582092285	94.9045562744141	NA	NA	28.214126586914062	54.17755126953125	63.95758056640625	23.388851165771484	186.7897491455078	62.97660827636719	51.21075820922851	94.90455627441406	NaN	NaN	7.1	21	29.5	10.9	77.8	29.7	21.8	41	40	0	TRUE
0	0	A0A9L0TP99	A0A9L0TP99	CD5L	Equus caballus	CD5 molecule like	4	4	plasma membrane,cell surface,membrane	regulation of complement activation	NA	90	1.01368987511553	4.813156247165257	17.8007755279541	NA	33.1461639404297	49.3335838317871	49.6096229553223	16.8772125244141	145.724136352539	48.9559097290039	5.96700477600098	10.5721940994263	17.8007755279541	NA	33.14616394042969	49.33358383178711	49.609622955322266	16.877212524414062	145.72413635253906	48.955909729003906	5.967004776000977	10.57219409942627	3.2	NaN	1.1	9.7	10.1	0.6	18.6	13.1	0.8	2.3	20	0	TRUE
7.526183668217559e-250	0	A0A9L0TPN1	A0A9L0TPN1	SPINT2	Equus caballus	Serine peptidase inhibitor, Kunitz type 2	2	2	cytoplasm,plasma membrane	epithelial cell morphogenesis,establishment or maintenance of cell polarity	serine-type endopeptidase inhibitor activity,peptidase inhibitor activity	70	0.525502866542971	5.838776276971992	NA	NA	51.2546691894531	NA	34.2065887451172	25.3116607666016	57.4956893920898	111.274185180664	64.162483215332	110.42130279541	NA	NA	51.254669189453125	NA	34.20658874511719	25.31166076660156	57.49568939208984	111.27418518066406	64.16248321533203	110.42130279541016	NaN	NaN	1.6	NaN	1.7	2	5.2	9.4	5.4	8.8	60	0	TRUE
2.4716391484216845e-205	0	A0A9L0TPT4	A0A9L0TPT4	MCAM	Equus caballus	Melanoma cell adhesion molecule	4	5	membrane	cell adhesion	NA	80	0.3123998202512153	5.209055470510887	NA	NA	31.9839649200439	34.8077278137207	28.5112686157227	28.5307579040527	27.3691997528076	58.7893524169922	49.0831298828125	49.003231048584	NA	NA	31.983964920043945	34.8077278137207	28.511268615722656	28.530757904052734	27.369199752807617	58.78935241699219	49.0831298828125	49.003231048583984	NaN	NaN	1.4	5	2.3	1.2	1.5	3.6	2.6	3.3	40	0	TRUE
0	0	A0A9L0TPV9	A0A9L0TPV9	CADM4	Equus caballus	Cell adhesion molecule 4	8	11	cell-cell contact zone,membrane	cell adhesion,homophilic cell adhesion via plasma membrane adhesion molecules,regulation of Rac protein signal transduction,regulation of wound healing	vascular endothelial growth factor receptor 2 binding	80	0.4347143151553871	6.504922431213805	NA	NA	82.7873764038086	27.7000694274902	76.4668884277344	86.5266189575195	128.018859863281	174.630187988281	131.578979492188	103.69701385498	NA	NA	82.7873764038086	27.70006942749023	76.466888427734375	86.52661895751953	128.01885986328125	174.63018798828125	131.5789794921875	103.69701385498048	NaN	NaN	25	8.9	25.3	30.4	33.6	47.9	37.5	31.7	40	0	TRUE
0	0	A0A9L0TQJ7	A0A9L0TQJ7	TNFRSF11A	Equus caballus	TNF receptor superfamily member 11a	5	6	external side of plasma membrane,plasma membrane,cell surface,membrane,membrane raft	ossification,adaptive immune response,immune system process,cellular calcium ion homeostasis,defense response,regulation of gene expression,positive regulation of macromolecule biosynthetic process,CD40 signaling pathway,osteoclast differentiation,response to lipopolysaccharide,tumor necrosis factor-mediated signaling pathway,response to tumor necrosis factor,positive regulation of I-kappaB kinase/NF-kappaB signaling,positive regulation of osteoclast differentiation,positive regulation of bone resorption,positive regulation of JNK cascade,lymph node development,positive regulation of developmental process,positive regulation of multicellular organismal process,circadian temperature homeostasis,positive regulation of ERK1 and ERK2 cascade,response to interleukin-1,positive regulation of fever generation by positive regulation of prostaglandin secretion,multinuclear osteoclast differentiation,positive regulation of NIK/NF-kappaB signaling	transmembrane signaling receptor activity,tumor necrosis factor-activated receptor activity,cytokine binding	90	0.5936808355125365	6.163743533962727	42.915153503418	NA	36.7833595275879	18.0104827880859	108.310653686523	48.6403884887695	167.601974487305	134.613418579102	120.068161010742	123.30884552002	42.91515350341797	NA	36.78335952758789	18.010482788085938	108.31065368652344	48.64038848876953	167.6019744873047	134.61341857910156	120.0681610107422	123.30884552001952	4.1	NaN	5.9	1.7	13.2	6.3	21	18	28.3	16.1	20	0	TRUE
0	0	A0A9L0TR27	A0A9L0TR27	TCN2	Equus caballus	Transcobalamin-2	11	18	extracellular space,extracellular region	ion transport,cobalt ion transport,cobalamin transport	cobalamin binding,metal ion binding	90	0.8648734315814663	8.153081805679054	63.9967575073242	NA	302.718505859375	72.1076202392578	511.783325195312	256.147979736328	1010.46350097656	311.131408691406	997.401306152344	213.702713012695	63.99675750732422	NA	302.718505859375	72.10762023925781	511.7833251953125	256.1479797363281	1010.4635009765624	311.13140869140625	997.40130615234375	213.7027130126953	7.4	NaN	58.8	14.8	111.6	51.4	203	62.4	194.5	40.2	20	0	TRUE
1.4550582860382189e-276	0	A0A9L0TRM9	A0A9L0TRM9	ABHD14B	Equus caballus	Abhydrolase domain containing 14B	3	5	cytoplasm,nucleus,nucleoplasm,nucleolus,cytosol	positive regulation of transcription from RNA polymerase II promoter	transferase activity,transferase activity, transferring acyl groups,hydrolase activity	70	0.7656581424232586	5.994818873971867	NA	NA	54.4099044799805	202.278305053711	27.6824951171875	101.992095947266	NA	34.938060760498	78.132926940918	50.5603637695312	NA	NA	54.40990447998047	202.27830505371097	27.6824951171875	101.99209594726562	NA	34.93806076049805	78.13292694091797	50.56036376953125	NaN	NaN	15	68.9	1.4	37.7	NaN	10.3	20.5	16.3	40	20	TRUE
0	0	A0A9L0TS93	A0A9L0TS93	AZGP1	Equus caballus	Alpha-2-glycoprotein 1, zinc-binding	26	53	extracellular region,plasma membrane	NA	NA	70	1.369209504028151	8.811033857793637	86.2033843994141	NA	554.866821289062	3373.78369140625	4206.1875	249.146957397461	NA	390.231567382812	NA	55.872932434082	86.20338439941406	NA	554.8668212890625	3373.78369140625	4206.1875	249.14695739746097	NA	390.2315673828125	NA	55.87293243408203	36.1	NaN	308.4	2222.6	2746.3	143.4	NaN	234.4	NaN	15.6	20	40	TRUE
6.334544246878603e-115	0	A0A9L0TSM5	A0A9L0TSM5	NA	Equus caballus	Ig-like domain-containing protein	2	2	immunoglobulin complex	immune response	NA	70	0.82044712070346	5.418547289495922	NA	NA	NA	81.1472625732422	36.8793334960938	24.4594898223877	25.3305740356445	142.993591308594	44.5206184387207	22.1814403533936	NA	NA	NA	81.14726257324219	36.87933349609375	24.459489822387695	25.33057403564453	142.99359130859375	44.5206184387207	22.181440353393555	NaN	NaN	NaN	18.5	14.8	6.9	5.7	51.6	17	6.2	60	0	TRUE
0	0	A0A9L0TSS0;Q28372	A0A9L0TSS0;Q28372	GSN	Equus caballus	Gelsolin	30	50	nucleus,focal adhesion,cortical actin cytoskeleton,extracellular space,actin cytoskeleton,extracellular region,cytoplasm,cytosol,cytoskeleton,plasma membrane,sarcoplasm,lamellipodium,actin cap,phagocytic vesicle;extracellular space,actin cytoskeleton,cytoskeleton	phagocytosis, engulfment,actin filament organization,central nervous system development,actin polymerization or depolymerization,positive regulation of gene expression,striated muscle atrophy,cell projection organization,cell projection assembly,actin cytoskeleton organization,actin filament polymerization,actin filament depolymerization,protein destabilization,response to muscle stretch,negative regulation of viral entry into host cell,actin filament severing,barbed-end actin filament capping,positive regulation of actin nucleation,actin filament capping,relaxation of cardiac muscle,cilium morphogenesis,cardiac muscle cell contraction,renal protein absorption,hepatocyte apoptotic process,positive regulation of keratinocyte apoptotic process,regulation of establishment of T cell polarity,regulation of plasma membrane raft polarization,regulation of receptor clustering,positive regulation of protein processing in phagocytic vesicle,amyloid fibril formation;actin filament organization,central nervous system development,actin polymerization or depolymerization,cell projection organization,cell projection assembly,actin filament severing,barbed-end actin filament capping,actin filament capping,cilium morphogenesis	actin binding,calcium ion binding,phosphatidylinositol-4,5-bisphosphate binding,phosphatidylinositol 3-kinase catalytic subunit binding,myosin II binding,metal ion binding,actin filament binding;actin binding,phosphatidylinositol-4,5-bisphosphate binding,metal ion binding,actin filament binding	90	1.4914198811791262	7.926791658771181	37.1414489746094	NA	143.20458984375	2469.6220703125	930.155944824219	101.478416442871	321.396301269531	434.745239257812	107.093444824219	161.214538574219	37.141448974609375	NA	143.20458984375	2469.6220703125	930.15594482421875	101.4784164428711	321.39630126953125	434.7452392578125	107.09344482421876	161.21453857421875	6.2;7.2	NaN	25.5;29.7	550.5;639.8	194.9;226.5	22.1;25.7	44.9;52.2	79.3;92.2	14.9;17.3	28.7;33.3	20	0	TRUE
0	0	A0A9L0TU12	A0A9L0TU12	PEBP4	Equus caballus	Phosphatidylethanolamine binding protein 4	7	12	NA	NA	NA	80	0.887535759904084	6.798365650320767	NA	NA	152.785552978516	53.5984725952149	346.785522460938	404.856994628906	25.2562294006348	90.6595611572266	107.520553588867	83.2194671630859	NA	NA	152.78555297851562	53.59847259521485	346.7855224609375	404.85699462890625	25.25622940063477	90.65956115722656	107.5205535888672	83.21946716308594	NaN	NaN	79.4	31.4	222.7	221.3	12.8	40.6	56.3	37.6	40	0	TRUE
1.6260385851107588e-218	0	A0A9L0TU78	A0A9L0TU78	DLK2	Equus caballus	Delta like non-canonical Notch ligand 2	7	7	membrane	regulation of fat cell differentiation,negative regulation of Notch signaling pathway	calcium ion binding,identical protein binding	90	0.3658912167262579	5.776949574433469	31.5732555389404	NA	59.3601837158203	31.4942512512207	63.7614517211914	48.5335273742676	46.5327453613281	94.2976455688477	68.1137466430664	82.0683517456055	31.57325553894043	NA	59.36018371582031	31.494251251220703	63.761451721191406	48.53352737426758	46.532745361328125	94.29764556884766	68.1137466430664	82.06835174560547	6.5	NaN	14.9	7	14	11.3	9.1	24.6	12.3	17.4	20	0	TRUE
0	0	A0A9L0TUF8	A0A9L0TUF8	ICOSLG	Equus caballus	Ig-like domain-containing protein	7	13	external side of plasma membrane,plasma membrane	regulation of cytokine production,adaptive immune response,immune system process,positive regulation of activated T cell proliferation,B cell activation,T cell receptor signaling pathway	receptor binding	100	0.8315123062390317	9.471308132208671	386.887420654297	103.70149230957	1054.78247070312	96.4377822875977	511.803619384766	664.506958007812	2609.33764648438	2320.423828125	2319.14477539062	1665.98229980469	386.8874206542969	103.70149230957033	1054.782470703125	96.43778228759766	511.8036193847656	664.5069580078125	2609.337646484375	2320.423828125	2319.144775390625	1665.9822998046875	68	12.9	192.6	12.8	103.6	108.4	538.8	403.7	443.8	329.4	0	0	TRUE
0	0	A0A9L0TUX2	A0A9L0TUX2	PRSS8	Equus caballus	Serine protease 8	7	10	NA	proteolysis	serine-type endopeptidase activity,peptidase activity,serine-type peptidase activity,hydrolase activity	80	0.22672761921923176	8.188248419810604	NA	NA	359.033721923828	157.345489501953	335.828552246094	284.221710205078	288.704437255859	273.612579345703	373.217834472656	329.572357177734	NA	NA	359.0337219238281	157.34548950195312	335.82855224609375	284.2217102050781	288.7044372558594	273.6125793457031	373.21783447265625	329.5723571777344	NaN	NaN	146.1	45.9	90.1	85.7	78.9	81.8	105.3	97.6	40	0	TRUE
0	0	B0LDS7	B0LDS7	EFNB2	Equus caballus	Ephrin-B2	9	14	plasma membrane,presynaptic membrane,glutamatergic synapse,membrane	angiogenesis,nervous system development,axon guidance,cell differentiation,ephrin receptor signaling pathway,blood vessel morphogenesis	ephrin receptor binding	90	0.7480952763711332	7.478784507822888	25.6555404663086	NA	119.673362731934	133.400085449219	518.956848144531	103.758583068848	242.757858276367	221.563232421875	279.716064453125	551.0205078125	25.655540466308594	NA	119.6733627319336	133.40008544921875	518.95684814453125	103.75858306884766	242.7578582763672	221.563232421875	279.716064453125	551.0205078125	6.6	NaN	49.8	55.2	200.9	40.3	101.4	96.1	122.6	239.3	20	0	TRUE
0	0	B8K205	B8K205	CDH11	Equus caballus	Cadherin 11	21	28	adherens junction,synapse,Requires Ontology,glutamatergic synapse,cytoplasm,plasma membrane,membrane,catenin complex	cell morphogenesis,cell-cell junction assembly,cell adhesion,homophilic cell adhesion via plasma membrane adhesion molecules,calcium-dependent cell-cell adhesion via plasma membrane cell adhesion molecules,cell migration,negative regulation of cell migration,cell-substrate adhesion,adherens junction organization,cell-cell adhesion mediated by cadherin,focal adhesion assembly,modulation of synaptic transmission,cell-cell adhesion	calcium ion binding,beta-catenin binding,cadherin binding,metal ion binding	80	0.6422766356080023	6.3950792456182	NA	NA	167.336334228516	157.501541137695	56.3814735412598	56.301197052002	80.6369781494141	139.99821472168	11.7648801803589	226.522872924805	NA	NA	167.33633422851562	157.5015411376953	56.381473541259766	56.30119705200195	80.63697814941406	139.9982147216797	11.764880180358888	226.5228729248047	NaN	NaN	30.3	31.4	8.5	7.4	13.1	28.1	1.3	44.7	40	0	TRUE
0	0	F6PMY4	F6PMY4	LRP1	Equus caballus	LDL receptor related protein 1	5	5	plasma membrane,nucleus,nucleolus,early endosome,microtubule organizing center,cytosol,clathrin-coated pit,membrane,basolateral plasma membrane,organelle,receptor complex	endocytosis,receptor-mediated endocytosis,phagocytosis,regulation of endocytosis,positive regulation of endocytosis,viral entry into host cell,positive regulation of transport,regulation of macromolecule metabolic process,Requires Ontology,positive regulation of protein localization to plasma membrane,positive regulation of lysosomal protein catabolic process	virus receptor activity,calcium ion binding,alpha-2 macroglobulin receptor activity,clathrin heavy chain binding,apolipoprotein binding,cargo receptor activity,macromolecular complex binding,metal ion binding	90	0.5576488724283784	6.432029107896712	62.895580291748	NA	64.9415893554688	38.1169776916504	124.940078735352	47.412971496582	83.4979095458984	209.320129394531	113.03882598877	146.395782470703	62.89558029174805	NA	64.94158935546875	38.11697769165039	124.94007873535156	47.41297149658203	83.49790954589844	209.32012939453125	113.03882598876952	146.39578247070312	0.8	NaN	0.7	0.5	1.8	0.6	1.1	2.6	1.4	1.8	20	0	TRUE
0	0	F6PN81	F6PN81	TNC	Equus caballus	Tenascin C	58	88	extracellular space,perisynaptic extracellular matrix	cell adhesion,response to wounding,regulation of cell adhesion	NA	90	0.7457927761863203	7.500369832375453	211.809677124023	NA	234.322402954102	134.471405029297	73.3878402709961	54.8447265625	356.738464355469	614.926208496094	169.221115112305	209.773513793945	211.80967712402344	NA	234.32240295410156	134.47140502929688	73.3878402709961	54.8447265625	356.73846435546875	614.92620849609375	169.2211151123047	209.7735137939453	35.9	NaN	35.9	21.5	11	5.4	57	116.1	17	17.8	20	0	TRUE
0	0	F6PNE7	F6PNE7	THBD	Equus caballus	Thrombomodulin	13	21	plasma membrane,external side of plasma membrane,cell surface,membrane	blood coagulation,hemostasis,negative regulation of blood coagulation	transmembrane signaling receptor activity,calcium ion binding,signaling receptor activity	90	0.9385990803280446	5.677292297710582	15.936411857605	NA	89.6912689208984	37.3002891540527	52.6695442199707	69.4815521240234	30.7203388214111	226.207382202148	52.1492004394531	34.0294609069824	15.93641185760498	NA	89.69126892089844	37.300289154052734	52.6695442199707	69.48155212402344	30.720338821411133	226.20738220214844	52.149200439453125	34.02946090698242	3.6	NaN	61.7	16.5	26.9	40.3	16	139.2	31.1	19.4	20	0	TRUE
0	0	F6PQ32	F6PQ32	TNFRSF1B	Equus caballus	TNF receptor superfamily member 1B	9	15	membrane,membrane raft	regulation of cytokine production involved in immune response,regulation of T cell cytokine production,aortic valve development,pulmonary valve development,negative regulation of extracellular matrix constituent secretion,inflammatory response,intrinsic apoptotic signaling pathway in response to DNA damage,negative regulation of cardiac muscle hypertrophy,regulation of myelination,positive regulation of myelination,tumor necrosis factor-mediated signaling pathway,regulation of T cell proliferation,positive regulation of oligodendrocyte differentiation,positive regulation of membrane protein ectodomain proteolysis,cellular response to lipopolysaccharide,extrinsic apoptotic signaling pathway,Requires Ontology,positive regulation of apoptotic process involved in morphogenesis	tumor necrosis factor-activated receptor activity,ubiquitin protein ligase binding,tumor necrosis factor binding	100	0.7733502003650506	8.704619979855995	229.808166503906	38.6349296569824	476.846038818359	190.094360351562	827.477355957031	366.139282226562	772.422668457031	1660.03491210938	634.333374023438	805.623107910156	229.80816650390625	38.63492965698242	476.8460388183594	190.0943603515625	827.47735595703125	366.1392822265625	772.42266845703125	1660.034912109375	634.3333740234375	805.62310791015625	52.4	5.3	110	41.9	198	89.7	192.1	368.9	144.4	185.2	0	0	TRUE
3.9156104938163127e-140	0	F6PQH3	F6PQH3	SLC44A4	Equus caballus	Choline transporter-like protein	3	3	plasma membrane,membrane,apical plasma membrane	acetylcholine biosynthetic process,organic cation transport,choline transport,positive regulation of cell growth,thiamine pyrophosphate transport,transmembrane transport,acetylcholine secretion	choline transmembrane transporter activity,antiporter activity,transmembrane transporter activity,thiamine pyrophosphate transporter activity	70	0.4185036964709634	5.361121916303657	NA	NA	55.5151214599609	13.7341327667236	NA	75.6379623413086	36.5055770874023	47.3999252319336	51.1770286560059	38.8012084960938	NA	NA	55.51512145996094	13.734132766723633	NA	75.6379623413086	36.505577087402344	47.399925231933594	51.17702865600586	38.80120849609375	NaN	NaN	5.4	1.2	NaN	7.3	3.5	5.1	4.9	1.6	60	0	TRUE
6.344764308167763e-188	0	F6PSZ4	F6PSZ4	LURAP1	Equus caballus	Leucine rich adaptor protein 1	3	3	lysosomal membrane,membrane	positive regulation of cytokine production,positive regulation of I-kappaB kinase/NF-kappaB signaling	NA	70	1.1045774861877462	5.66818599985186	NA	NA	70.6328735351562	20.4837493896484	14.6582450866699	258.424896240234	NA	54.0058250427246	50.2141227722168	59.1505661010742	NA	NA	70.63287353515625	20.48374938964844	14.658245086669922	258.4248962402344	NA	54.00582504272461	50.2141227722168	59.15056610107422	NaN	NaN	5.2	1.3	0.9	19.9	NaN	3.4	3.2	3.7	40	20	TRUE
0	0	F6PVG3	F6PVG3	EFEMP1	Equus caballus	EGF containing fibulin extracellular matrix protein 1	24	57	extracellular region,extracellular matrix,extracellular space,mitochondrion	regulation of transcription, DNA-templated,epidermal growth factor receptor signaling pathway,negative regulation of chondrocyte differentiation,camera-type eye development,embryonic eye morphogenesis,post-embryonic eye morphogenesis	epidermal growth factor-activated receptor activity,epidermal growth factor receptor binding,extracellular matrix structural constituent,calcium ion binding,growth factor activity	90	0.5674236537955062	10.904559194914556	141.037307739258	NA	1960.41149902344	1831.71850585938	3826.33251953125	1177.529296875	3314.31616210938	3012.26513671875	3054.88671875	5021.3212890625	141.0373077392578	NA	1960.4114990234375	1831.718505859375	3826.33251953125	1177.529296875	3314.316162109375	3012.26513671875	3054.88671875	5021.3212890625	30.7	NaN	489.2	460.8	927.1	295.7	1061.1	791.8	882.3	1327.1	20	0	TRUE
3.078454345511893e-59	5.605193857299268e-45	F6PW39	F6PW39	TGM1	Equus caballus	Protein-glutamine gamma-glutamyltransferase K	2	2	cytosol,plasma membrane,membrane	positive regulation of keratinocyte proliferation,peptide cross-linking,keratinocyte differentiation,keratinization,positive regulation of cell cycle,animal organ development,cornification	protein-glutamine gamma-glutamyltransferase activity,transferase activity,transferase activity, transferring acyl groups,identical protein binding,metal ion binding	50	0.46934486129849706	5.100327387545784	NA	NA	NA	NA	18.0466842651367	NA	41.4322128295898	42.9897842407227	62.7532348632812	23.5516166687012	NA	NA	NA	NA	18.04668426513672	NA	41.43221282958984	42.989784240722656	62.75323486328125	23.551616668701172	NaN	NaN	NaN	NaN	0.4	NaN	1.7	1.9	2.5	1	80	20	TRUE
2.5329452396364185e-153	0	F6PZH5	F6PZH5	NEO1	Equus caballus	Neogenin 1	6	7	plasma membrane,cell surface,membrane	neuron migration,cell adhesion,axon guidance,cell-cell adhesion	NA	80	0.3787885809560072	4.789824797425511	NA	NA	52.6908683776855	15.0361242294312	26.8674507141113	24.255220413208	27.45041847229	34.9496994018555	22.6823387145996	30.5115528106689	NA	NA	52.69086837768555	15.036124229431152	26.867450714111328	24.255220413208008	27.45041847229004	34.94969940185547	22.68233871459961	30.511552810668945	NaN	NaN	1.9	0.2	1.3	1.4	1.7	2.2	0.9	1.1	40	0	TRUE
0	0	F6Q2F4	F6Q2F4	CD300LB	Equus caballus	CD300 molecule like family member b	5	6	plasma membrane,membrane	immune response-activating signal transduction	transmembrane signaling receptor activity,identical protein binding	90	0.6416303638415389	5.0618616987442335	23.2418079376221	NA	29.6871929168701	11.335150718689	56.3884201049805	8.38723182678223	57.7467041015625	90.6386642456055	40.106575012207	66.6528396606445	23.24180793762207	NA	29.687192916870117	11.335150718688965	56.38842010498047	8.387231826782227	57.7467041015625	90.63866424560548	40.10657501220703	66.65283966064453	2.9	NaN	9.2	1.4	7	1.6	17	28.8	11.4	20.1	20	0	TRUE
0	0	F6Q3P2	F6Q3P2	TFF1	Equus caballus	Trefoil factor 1	3	3	extracellular space,extracellular region	maintenance of gastrointestinal epithelium	NA	90	0.6571788961708661	4.7719045103052125	6.4658842086792	NA	74.4961013793945	17.3344783782959	28.1182708740234	17.2351760864258	45.1497344970703	61.4705772399902	22.5229454040527	33.5238037109375	6.465884208679199	NA	74.49610137939453	17.3344783782959	28.11827087402344	17.23517608642578	45.14973449707031	61.470577239990234	22.522945404052734	33.5238037109375	3	NaN	39	9.9	16.9	4.6	18.1	31.4	9.7	13.5	20	0	TRUE
0	0	F6Q3S6	F6Q3S6	PRADC1	Equus caballus	Protease associated domain containing 1	2	2	extracellular region	NA	NA	80	0.5616801824755121	5.092813332393847	NA	NA	20.3197059631348	21.8175449371338	13.848370552063	36.5429039001465	81.108757019043	38.5702095031738	45.9687767028809	57.0175933837891	NA	NA	20.31970596313477	21.81754493713379	13.848370552062988	36.54290390014648	81.10875701904297	38.57020950317383	45.96877670288086	57.01759338378906	NaN	NaN	3.9	3.5	2.2	7.1	15.8	9.6	7.3	11.7	40	0	TRUE
0	0	F6Q6W4	F6Q6W4	FABP3	Equus caballus	Fatty acid binding protein 3	9	17	nucleus,cytosol,cytoplasm	long-chain fatty acid transport	lipid binding,long-chain fatty acid binding	80	0.952706517125466	8.252797038087452	NA	NA	282.326477050781	853.091735839844	1241.80187988281	165.97639465332	157.896118164062	174.517593383789	137.6240234375	398.074859619141	NA	NA	282.32647705078125	853.09173583984375	1241.8018798828125	165.9763946533203	157.8961181640625	174.51759338378906	137.6240234375	398.0748596191406	NaN	NaN	95.8	283.9	432.1	53.6	45.5	46.4	40.5	122.6	40	0	TRUE
0	0	F6Q748	F6Q748	PDGFRB	Equus caballus	Platelet-derived growth factor receptor beta	11	16	plasma membrane,cytoplasm,membrane,cytoplasmic vesicle,lysosomal lumen,receptor complex	angiogenesis,chemotaxis,signal transduction,transmembrane receptor protein tyrosine kinase signaling pathway,positive regulation of cell proliferation,positive regulation of smooth muscle cell migration,cell migration,positive regulation of cell migration,platelet-derived growth factor receptor-beta signaling pathway,cellular response to platelet-derived growth factor stimulus,positive regulation of cell proliferation by VEGF-activated platelet derived growth factor receptor signaling pathway,platelet-derived growth factor receptor signaling pathway,positive regulation of smooth muscle cell proliferation,positive regulation of calcium-mediated signaling,positive regulation of protein kinase B signaling,cell chemotaxis,positive regulation of ERK1 and ERK2 cascade,positive regulation of intracellular signal transduction	nucleotide binding,protein kinase activity,protein tyrosine kinase activity,transmembrane receptor protein tyrosine kinase activity,platelet-derived growth factor-activated receptor activity,platelet-derived growth factor beta-receptor activity,GTPase activator activity,receptor binding,platelet-derived growth factor receptor binding,ATP binding,kinase activity,transferase activity,enzyme binding,protein kinase binding,vascular endothelial growth factor binding,metal ion binding,platelet-derived growth factor binding,Requires Ontology	80	0.5679733070963474	6.939799194674608	NA	NA	142.766235351562	27.7808494567871	54.3052711486816	99.3654098510742	228.822250366211	270.166320800781	214.284729003906	182.025756835938	NA	NA	142.7662353515625	27.78084945678711	54.30527114868164	99.36540985107422	228.82225036621097	270.16632080078125	214.28472900390625	182.0257568359375	NaN	NaN	13.1	2.9	4.3	9.9	28.2	28.5	24.7	18.1	40	0	TRUE
0	0	F6Q947	F6Q947	COL15A1	Equus caballus	Collagen type XV alpha 1 chain	12	21	basement membrane,endoplasmic reticulum	cell adhesion,extracellular matrix organization	extracellular matrix structural constituent conferring tensile strength	80	0.8845654641324018	7.242610044844489	NA	NA	601.153503417969	218.22785949707	74.7199020385742	355.956695556641	60.0332145690918	354.941192626953	94.1823043823242	39.5090522766113	NA	NA	601.15350341796875	218.2278594970703	74.71990203857422	355.9566955566406	60.0332145690918	354.9411926269531	94.18230438232422	39.50905227661133	NaN	NaN	96.6	39.2	5.1	50.1	7	45.9	14.1	4.2	40	0	TRUE
0	0	F6QFQ3	F6QFQ3	PLXDC2	Equus caballus	Plexin domain containing 2	10	11	membrane,nuclear body	NA	NA	80	0.3375517752779389	5.2895979201989185	NA	NA	45.2725524902344	15.7023954391479	37.6155815124512	35.2164535522461	65.1247863769531	43.8293342590332	40.0493392944336	50.88623046875	NA	NA	45.272552490234375	15.70239543914795	37.61558151245117	35.216453552246094	65.124786376953125	43.8293342590332	40.049339294433594	50.88623046875	NaN	NaN	9.3	0.4	7.8	9.6	18.1	9.1	15.1	9.8	40	0	TRUE
2.1553283131796656e-291	0	F6QHI0	F6QHI0	TFF2	Equus caballus	Trefoil factor 2	3	5	extracellular space,extracellular region	maintenance of gastrointestinal epithelium,negative regulation of gastric acid secretion,chemokine-mediated signaling pathway	CXCR4 chemokine receptor binding	80	0.8432891266898763	8.474994945833885	NA	NA	299.077453613281	55.8232917785645	232.524124145508	239.633316040039	1406.32641601562	696.645202636719	553.695129394531	509.141754150391	NA	NA	299.07745361328125	55.82329177856445	232.5241241455078	239.63331604003903	1406.326416015625	696.64520263671875	553.69512939453125	509.1417541503906	NaN	NaN	88.9	17	62.6	84.9	598.4	138.9	218.9	218	40	0	TRUE
0	0	F6QJT2	F6QJT2	TWSG1	Equus caballus	Twisted gastrulation BMP signaling modulator 1	6	10	extracellular space,extracellular region	regulation of BMP signaling pathway	NA	90	0.9636321534865584	7.172289626534777	32.1117744445801	NA	147.556564331055	400.158508300781	656.4296875	61.7340278625488	93.4267044067383	94.7845001220703	112.633422851562	352.553863525391	32.11177444458008	NA	147.5565643310547	400.1585083007813	656.4296875	61.73402786254883	93.42670440673828	94.78450012207033	112.6334228515625	352.5538635253906	10.5	NaN	56	147.6	243.8	20.3	35.4	38.2	37.5	138.4	20	0	TRUE
0	0	F6QXQ3	F6QXQ3	PI16	Equus caballus	Peptidase inhibitor 16	3	3	NA	NA	NA	60	1.2572730153989278	4.499525063736903	NA	NA	NA	27.5111408233643	133.087677001953	NA	14.2483158111572	33.3121566772461	5.55241012573242	13.8821840286255	NA	NA	NA	27.511140823364254	133.08767700195312	NA	14.248315811157228	33.312156677246094	5.552410125732422	13.882184028625488	NaN	NaN	NaN	1.5	7.1	NaN	3.9	4	3	3.9	60	20	TRUE
0	0	F6QXW2	F6QXW2	PEBP1	Equus caballus	Phosphatidylethanolamine-binding protein 1	12	17	cytoplasm	NA	nucleotide binding,serine-type endopeptidase inhibitor activity,ATP binding,lipid binding,peptidase inhibitor activity	70	1.0480766307500158	6.324996385108894	NA	NA	65.1558837890625	99.9666366577148	374.511352539062	256.952423095703	31.7803001403809	21.4663333892822	49.7798004150391	NA	NA	NA	65.1558837890625	99.96663665771484	374.5113525390625	256.9524230957031	31.78030014038086	21.466333389282227	49.77980041503906	NA	NaN	NaN	25.2	32.6	205.1	87.4	29.2	6.2	9.6	NaN	40	20	TRUE
1.4023014991235872e-204	0	F6R070	F6R070	SHISA2	Equus caballus	Shisa family member 2	3	4	endoplasmic reticulum,membrane	negative regulation of Wnt signaling pathway,negative regulation of fibroblast growth factor receptor signaling pathway	NA	90	0.7626736274048588	3.1230261170850144	1.22649610042572	NA	9.27795124053955	2.00470900535583	16.2432193756104	2.3981146812439	20.7286434173584	30.44065284729	23.5637073516846	21.8847064971924	1.2264961004257202	NA	9.27795124053955	2.004709005355835	16.24321937561035	2.3981146812438965	20.7286434173584	30.44065284729004	23.56370735168457	21.884706497192383	0.1	NaN	1.7	0.2	1.2	1.3	4.9	10.6	8.5	7.9	20	0	TRUE
0	0	F6R5Y2	F6R5Y2	SERPINA5	Equus caballus	Serpin family A member 5	15	21	extracellular space,acrosomal membrane,external side of plasma membrane,membrane,platelet alpha granule,platelet dense tubular network,extracellular exosome,macromolecular complex,protein C inhibitor-TMPRSS7 complex,protein C inhibitor-TMPRSS11E complex,protein C inhibitor-PLAT complex,protein C inhibitor-PLAU complex,protein C inhibitor-thrombin complex,protein C inhibitor-KLK3 complex,protein C inhibitor-plasma kallikrein complex,protein C inhibitor-coagulation factor V complex,protein C inhibitor-coagulation factor Xa complex,protein C inhibitor-coagulation factor XI complex	spermatogenesis,seminal clot liquefaction	retinoic acid binding,protease binding,serine-type endopeptidase inhibitor activity,phosphatidylcholine binding,acrosin binding	90	0.5500089587578431	6.926702942663386	86.466423034668	NA	169.779296875	104.071754455566	311.127899169922	122.144088745117	88.2666320800781	76.6574249267578	162.16081237793	91.6505355834961	86.46642303466797	NA	169.779296875	104.0717544555664	311.1278991699219	122.1440887451172	88.266632080078125	76.65742492675781	162.1608123779297	91.6505355834961	45.4	NaN	63.3	38.5	130.1	46	30.7	28.9	62.3	26.6	20	0	TRUE
0	0	F6R6Z6	F6R6Z6	EPCAM	Equus caballus	Epithelial cell adhesion molecule	12	19	bicellular tight junction,plasma membrane,cell surface,membrane,basolateral plasma membrane,apical plasma membrane,lateral plasma membrane	ureteric bud development,positive regulation of cell proliferation,signal transduction involved in regulation of gene expression,positive regulation of transcription from RNA polymerase II promoter,stem cell differentiation,cell-cell adhesion,negative regulation of cell-cell adhesion mediated by cadherin,positive regulation of stem cell proliferation	macromolecular complex binding,cadherin binding involved in cell-cell adhesion	90	0.6588491767345961	7.416992843470234	21.7219829559326	NA	208.908493041992	120.332481384277	390.813568115234	462.126068115234	27.241138458252	316.899291992188	434.618621826172	336.056671142578	21.721982955932617	NA	208.9084930419922	120.33248138427734	390.8135681152344	462.1260681152344	27.241138458251953	316.8992919921875	434.6186218261719	336.0566711425781	2.9	NaN	73.3	43.9	164.6	159.7	4.8	117.1	152.8	122.8	20	0	TRUE
2.1325008178332884e-40	5.49943277088699e-32	F6R8T8	F6R8T8	ACY1	Equus caballus	N-acyl-aliphatic-L-amino acid amidohydrolase	11	11	cytoplasm,extracellular exosome	cellular amino acid metabolic process	aminoacylase activity,hydrolase activity,identical protein binding,metal ion binding	60	0.23331098481738868	4.505462618827405	NA	NA	18.1408443450928	27.6440010070801	NA	28.8853797912598	NA	27.9887638092041	18.9733963012695	17.8488845825195	NA	NA	18.140844345092773	27.64400100708008	NA	28.88537979125977	NA	27.9887638092041	18.97339630126953	17.84888458251953	NaN	NaN	8.9	6.5	NaN	10	NaN	2.1	0.7	3.9	60	20	TRUE
0	0	F6RC31	F6RC31	SGSH	Equus caballus	N-sulfoglucosamine sulfohydrolase	10	14	lysosome,lysosomal lumen	glycosaminoglycan catabolic process,heparan sulfate proteoglycan catabolic process	sulfuric ester hydrolase activity,N-sulfoglucosamine sulfohydrolase activity,hydrolase activity	70	0.4601053875243223	5.031915722471971	NA	NA	47.7638053894043	17.2127132415771	51.8936805725098	43.0978660583496	NA	45.4519119262695	9.11740589141846	52.6454734802246	NA	NA	47.7638053894043	17.21271324157715	51.893680572509766	43.09786605834961	NA	45.45191192626953	9.117405891418455	52.64547348022461	NaN	NaN	21.4	5.4	18.7	12.9	NaN	12.7	0.8	18	40	20	TRUE
0	0	F6RDD3;P02062	F6RDD3;P02062	HBB	Equus caballus	Globin A1;Hemoglobin subunit beta	17	34	hemoglobin complex,haptoglobin-hemoglobin complex;hemoglobin complex,haptoglobin-hemoglobin complex	oxygen transport,erythrocyte development;oxygen transport,erythrocyte development	oxygen transporter activity,oxygen binding,heme binding,hemoglobin alpha binding,metal ion binding;oxygen transporter activity,oxygen binding,heme binding,hemoglobin alpha binding,metal ion binding	60	2.084021430772724	7.968758103100286	101.264526367188	437.865081787109	6670.22705078125	NA	191.604629516602	203.559585571289	NA	21.4276962280273	NA	NA	101.2645263671875	437.8650817871094	6670.22705078125	NA	191.60462951660156	203.55958557128903	NA	21.427696228027344	NA	NA	36.9;40.2	218.8;238.7	4990.9;5444.6	NaN	107.6;117.4	102.6;111.9	NaN	7.9;8.6	NaN	NaN	20	60	TRUE
0	0	F6RIZ2	F6RIZ2	IGFBP7	Equus caballus	Insulin like growth factor binding protein 7	15	16	extracellular space,extracellular region	angiogenesis,regulation of cell growth,cell adhesion,signal transduction,regulation of signal transduction	insulin-like growth factor binding,growth factor binding,receptor agonist activity	80	0.36469162442603953	7.264446853579735	NA	NA	103.94987487793	125.014961242676	169.826171875	219.585815429688	205.654113769531	94.463752746582	257.364929199219	128.879669189453	NA	NA	103.94987487792967	125.01496124267578	169.826171875	219.5858154296875	205.65411376953125	94.46375274658205	257.36492919921875	128.87966918945312	NaN	NaN	28.8	37.2	58.9	64.5	42.3	29.4	65.8	31.3	40	0	TRUE
0	0	F6RMM1	F6RMM1	SH3BGRL	Equus caballus	SH3 domain-binding glutamic acid-rich-like protein 1	13	18	cytosol,nucleus,plasma membrane	proteasome-mediated ubiquitin-dependent protein catabolic process,positive regulation of cytoplasmic translational initiation	SH3 domain binding,Requires Ontology,protein binding, bridging involved in substrate recognition for ubiquitination	70	1.822340572963314	5.814621093288452	NA	NA	17.3982906341553	153.607925415039	775.790710449219	24.2737236022949	30.7664432525635	29.5829105377197	NA	39.0578346252441	NA	NA	17.398290634155273	153.60792541503906	775.79071044921875	24.27372360229492	30.766443252563477	29.582910537719727	NA	39.05783462524414	NaN	NaN	6.3	85.7	414.7	8	12.9	11	NaN	10.3	40	20	TRUE
0	0	F6RPT6	F6RPT6	EFNB1	Equus caballus	Ephrin-B1	10	18	plasma membrane,cell surface,presynaptic membrane,glutamatergic synapse,nucleus,cytoplasm,membrane,membrane raft	nervous system development,axon guidance,cell differentiation,ephrin receptor signaling pathway	ephrin receptor binding	80	0.4806571742194159	7.52631806295471	NA	NA	108.590866088867	96.1936340332031	368.085083007812	113.797538757324	272.101745605469	184.413970947266	209.684783935547	289.779174804688	NA	NA	108.5908660888672	96.193634033203125	368.0850830078125	113.79753875732422	272.10174560546875	184.4139709472656	209.68478393554688	289.7791748046875	NaN	NaN	34	35.6	158.4	36.9	86.2	69.4	69.1	114.9	40	0	TRUE
0	0	F6RRV1	F6RRV1	FETUB	Equus caballus	Fetuin B	17	23	extracellular region,extracellular space	single fertilization,binding of sperm to zona pellucida,regulation of macromolecule metabolic process	cysteine-type endopeptidase inhibitor activity,metalloendopeptidase inhibitor activity	70	1.2094451233466736	7.119671636666212	NA	NA	97.6579284667969	891.320739746094	503.704345703125	104.44068145752	30.7706489562988	187.636108398438	NA	38.0542411804199	NA	NA	97.657928466796875	891.32073974609375	503.704345703125	104.44068145751952	30.770648956298828	187.6361083984375	NA	38.05424118041992	NaN	NaN	22.9	249.7	139.8	21.3	3.8	48.4	NaN	6.2	40	20	TRUE
0	0	F6RUQ9	F6RUQ9	CDH2	Equus caballus	Cadherin-2	20	29	cortical actin cytoskeleton,cytoplasm,adherens junction,intercalated disc,lamellipodium,neuron projection,apical part of cell,plasma membrane,cell-cell junction,fascia adherens,cell surface,membrane,basolateral plasma membrane,apical plasma membrane,apicolateral plasma membrane,cell junction,desmosome,sarcolemma,plasma membrane raft,synapse,presynapse,catenin complex	cell morphogenesis,type B pancreatic cell development,cell-cell junction assembly,cell adhesion,homophilic cell adhesion via plasma membrane adhesion molecules,synapse assembly,glial cell differentiation,neural crest cell development,calcium-dependent cell-cell adhesion via plasma membrane cell adhesion molecules,cell migration,adherens junction organization,cell-cell adhesion mediated by cadherin,synaptic vesicle clustering,neuroligin clustering involved in postsynaptic membrane assembly,neuronal stem cell population maintenance,cell-cell adhesion,regulation of postsynaptic density protein 95 clustering,positive regulation of synaptic vesicle clustering	RNA binding,calcium ion binding,beta-catenin binding,enzyme binding,protein kinase binding,protein phosphatase binding,identical protein binding,alpha-catenin binding,gamma-catenin binding,cadherin binding,metal ion binding	90	0.579314878124992	6.3840819549758345	92.7012481689453	NA	88.7950973510742	18.7248916625977	71.4738388061523	42.0071640014649	146.616668701172	116.697113037109	114.906875610352	217.39404296875	92.70124816894533	NA	88.79509735107422	18.724891662597656	71.47383880615234	42.00716400146485	146.61666870117188	116.69711303710938	114.90687561035156	217.39404296875	13.2	NaN	29.6	6	27	15.1	46.1	36.7	33.9	72.6	20	0	TRUE
8.434519099329885e-265	0	F6S1S0	F6S1S0	CD34	Equus caballus	CD34 molecule	3	4	cytoplasm,lysosome,plasma membrane,external side of plasma membrane,basal plasma membrane,membrane,apical plasma membrane,intercellular bridge,perinuclear region of cytoplasm,glomerular endothelium fenestra	tissue homeostasis,endothelial cell proliferation,glomerular filtration,endothelium development,cell adhesion,cell-matrix adhesion,signal transduction,positive regulation of gene expression,negative regulation of gene expression,hemopoiesis,negative regulation of interleukin-2 production,mesangial cell-matrix adhesion,paracrine signaling,positive regulation of odontogenesis,positive regulation of angiogenesis,cell motility,transdifferentiation,vascular wound healing,hematopoietic stem cell proliferation,positive regulation of granulocyte colony-stimulating factor production,extracellular exosome assembly,glomerular endothelium development,stem cell proliferation,metanephric glomerular mesangial cell differentiation,cell-cell adhesion,positive regulation of vasculogenesis	carbohydrate binding,RNA polymerase II sequence-specific DNA binding transcription factor binding	60	0.4333212868641466	5.405919268334595	NA	NA	NA	NA	26.620059967041	20.3898105621338	74.9861679077148	49.9517707824707	57.5326728820801	49.6585807800293	NA	NA	NA	NA	26.620059967041016	20.38981056213379	74.98616790771484	49.9517707824707	57.53267288208008	49.6585807800293	NaN	NaN	NaN	NaN	6.1	3.2	20.1	14.3	10.2	13.5	80	0	TRUE
2.706573093922252e-132	0	F6S3E5	F6S3E5	RDX	Equus caballus	Radixin	6	7	cytoskeleton,plasma membrane,microvillus	NA	actin binding,cytoskeletal protein binding	80	0.6891261106189599	5.150520205249793	NA	NA	56.6168823242188	22.3082695007324	47.8922119140625	104.332664489746	51.9567947387695	21.892635345459	19.6537666320801	17.9558258056641	NA	NA	56.61688232421875	22.308269500732425	47.8922119140625	104.3326644897461	51.95679473876953	21.892635345458984	19.65376663208008	17.955825805664062	NaN	NaN	10.6	3	1.9	21.8	0.9	3.6	1.9	2.7	40	0	TRUE
0	0	F6S6E6	F6S6E6	KLK1	Equus caballus	Kallikrein 1	7	14	extracellular space,secretory granule	regulation of systemic arterial blood pressure,proteolysis,zymogen activation	serine-type endopeptidase activity,peptidase activity,serine-type peptidase activity,hydrolase activity	100	1.0811726419120244	9.412888029736578	215.408142089844	164.628479003906	1440.5654296875	65.4059524536133	413.012573242188	434.966217041016	4338.009765625	3465.74291992188	1373.95361328125	1746.71215820312	215.40814208984375	164.62847900390625	1440.5654296875	65.40595245361328	413.0125732421875	434.9662170410156	4338.009765625	3465.742919921875	1373.95361328125	1746.712158203125	144.7	74.7	942	41.3	280.3	298.9	2996.9	2412.6	853.2	1120.7	0	0	TRUE
0	0	F6S6Y3	F6S6Y3	GUCA2B	Equus caballus	Guanylate cyclase activator 2B	5	8	extracellular region	reduction of food intake in response to dietary excess,response to glucose,multicellular organism growth,glucose homeostasis,adipose tissue development,energy homeostasis	guanylate cyclase activator activity	80	0.7447019067113442	7.253852268334766	58.024341583252	NA	112.775436401367	152.371337890625	461.650207519531	NA	193.046234130859	64.6624984741211	143.327377319336	357.546813964844	58.02434158325195	NA	112.7754364013672	152.371337890625	461.6502075195313	NA	193.04623413085935	64.6624984741211	143.32737731933594	357.54681396484375	28.7	NaN	69.1	85.5	254.8	NaN	108.7	32.1	72.6	193.9	20	20	TRUE
0	0	F6SEM5	F6SEM5	MRC2	Equus caballus	Mannose receptor C-type 2	6	9	plasma membrane,membrane	endocytosis,receptor-mediated endocytosis,collagen catabolic process	transmembrane signaling receptor activity,collagen binding,carbohydrate binding	80	0.35506152733793467	6.356191170345924	NA	NA	100.351188659668	55.7172889709473	47.444507598877	73.1565780639648	136.409591674805	102.910415649414	111.961242675781	66.5135040283203	NA	NA	100.35118865966795	55.717288970947266	47.44450759887695	73.15657806396484	136.4095916748047	102.91041564941406	111.96124267578124	66.51350402832031	NaN	NaN	7	0.4	2.4	7.1	5.3	6.8	5.2	4	40	0	TRUE
0	0	F6SQZ6	F6SQZ6	NA	Equus caballus	Membrane cofactor protein	6	11	inner acrosomal membrane,cell surface,membrane	single fertilization	NA	90	0.48473749267848626	9.63729202070096	666.917663574219	NA	688.74560546875	796.150939941406	1257.46826171875	445.640655517578	534.818786621094	1463.30212402344	519.0458984375	1547.64392089844	666.91766357421875	NA	688.74560546875	796.15093994140625	1257.46826171875	445.6406555175781	534.81878662109375	1463.3021240234375	519.0458984375	1547.6439208984375	147.5	NaN	154.2	162.9	231.3	4.2	82.2	306.1	73.6	291.4	20	0	TRUE
0	0	F6SS14	F6SS14	KRT10B	Equus caballus	Keratin, type I cytoskeletal 10	18	34	cytoskeleton,keratin filament,intermediate filament	morphogenesis of an epithelium,keratinocyte differentiation,intermediate filament organization	structural molecule activity,structural constituent of epidermis	100	0.569649140719909	11.661497796238786	3099.16821289062	3650.248046875	2595.9404296875	3471.55859375	3423.697265625	1782.01403808594	2866.21801757812	8725.1875	5396.57958984375	1515.6904296875	3099.168212890625	3650.248046875	2595.9404296875	3471.55859375	3423.697265625	1782.0140380859375	2866.218017578125	8725.1875	5396.57958984375	1515.6904296875	685.5	637.1	529.6	724.9	683.9	343	837.6	1826.4	1078.7	316.8	0	0	TRUE
0	0	F6SX57	F6SX57	LRRC15	Equus caballus	Leucine rich repeat containing 15	13	18	NA	NA	NA	60	0.7250766833941361	6.0590210425749795	NA	NA	180.830535888672	15.322452545166	NA	53.8998641967773	NA	149.270034790039	86.2693252563477	45.6736488342285	NA	NA	180.83053588867188	15.322452545166016	NA	53.899864196777344	NA	149.27003479003906	86.26932525634766	45.67364883422851	NaN	NaN	37	1.7	NaN	11.9	NaN	33.9	19.5	3.1	60	20	TRUE
0	0	F6SXC4	F6SXC4	CSF1	Equus caballus	Colony stimulating factor 1	11	12	extracellular space,extracellular region,plasma membrane,membrane,perinuclear region of cytoplasm,CSF1-CSF1R complex	immune system process,positive regulation of leukocyte migration,response to ischemia,developmental process involved in reproduction,inflammatory response,transmembrane receptor protein tyrosine kinase signaling pathway,positive regulation of gene expression,positive regulation of macrophage derived foam cell differentiation,positive regulation of macrophage chemotaxis,macrophage differentiation,osteoclast differentiation,positive regulation of mononuclear cell proliferation,macrophage colony-stimulating factor signaling pathway,innate immune response,positive regulation of macrophage differentiation,positive regulation of osteoclast differentiation,positive regulation of protein metabolic process,microglial cell proliferation,positive regulation of macrophage colony-stimulating factor signaling pathway,positive regulation of microglial cell migration,Requires Ontology	cytokine activity,macrophage colony-stimulating factor receptor binding,growth factor activity,identical protein binding,protein homodimerization activity	80	0.5354229600439923	6.4490180435258875	NA	NA	66.0121536254883	98.2328338623047	215.675933837891	59.4061508178711	94.4498291015625	66.2158508300781	66.3169021606445	98.510368347168	NA	NA	66.01215362548828	98.23283386230467	215.67593383789065	59.406150817871094	94.4498291015625	66.215850830078125	66.31690216064453	98.51036834716795	NaN	NaN	11.6	14	32.3	10.2	14.2	7.8	6.1	19.9	40	0	TRUE
0	0	F6T0P6	F6T0P6	GC	Equus caballus	Vitamin D-binding protein	35	75	extracellular region,extracellular space,cytoplasm	response to nutrient levels,vitamin transmembrane transport,vitamin D metabolic process,vitamin transport	actin binding,vitamin D binding,vitamin transmembrane transporter activity,calcidiol binding	70	0.9904757763374974	8.465905019210464	NA	NA	383.940399169922	1610.34484863281	1536.40002441406	917.386901855469	57.4093475341797	196.690322875977	70.2157135009766	NA	NA	NA	383.9403991699219	1610.3448486328125	1536.4000244140625	917.38690185546875	57.40934753417969	196.69032287597656	70.21571350097656	NA	NaN	NaN	126.3	590.1	563.3	318.2	8.6	54.4	9.3	NaN	40	20	TRUE
0	0	F6T201	F6T201	CSPG4	Equus caballus	Chondroitin sulfate proteoglycan 4	14	16	plasma membrane,ruffle,cell projection	signal transduction,nervous system development,intracellular signal transduction	coreceptor activity,protein kinase binding	80	1.0282582842218642	7.090577219665833	NA	NA	672.332946777344	140.273635864258	122.350662231445	363.783782958984	61.7376174926758	222.988143920898	59.6536979675293	34.5407943725586	NA	NA	672.33294677734375	140.2736358642578	122.35066223144533	363.7837829589844	61.73761749267578	222.98814392089844	59.6536979675293	34.540794372558594	NaN	NaN	28.8	5.8	3.9	15.9	2.3	10.3	2.2	1	40	0	TRUE
1.1842724029156984e-230	0	F6T3G7	F6T3G7	PCDH19	Equus caballus	Protocadherin 19	5	5	plasma membrane,membrane	cell adhesion,homophilic cell adhesion via plasma membrane adhesion molecules	calcium ion binding,metal ion binding	80	0.552335305910953	4.498107189569217	NA	NA	12.7708301544189	12.2637662887573	14.6216230392456	19.2404594421387	48.1434555053711	25.7048091888428	27.4018993377686	45.5129699707031	NA	NA	12.770830154418944	12.263766288757324	14.621623039245604	19.240459442138672	48.143455505371094	25.704809188842773	27.401899337768555	45.512969970703125	NaN	NaN	0.5	0.5	0.4	1.6	3.6	2.9	1.4	2.3	40	0	TRUE
9.1123565548992e-207	0	F6T7K7	F6T7K7	TCN1	Equus caballus	Transcobalamin 1	4	5	extracellular region	cobalt ion transport,cobalamin transport	cobalamin binding	70	0.7886685429416879	4.5097485098933605	NA	NA	17.6060237884521	14.863507270813	74.4315643310547	NA	26.0021572113037	15.2793941497803	18.0416355133057	22.8063545227051	NA	NA	17.60602378845215	14.863507270812988	74.43156433105469	NA	26.00215721130371	15.279394149780272	18.041635513305664	22.80635452270508	NaN	NaN	0.7	1.2	10.5	NaN	1	5.2	1.5	1.7	40	20	TRUE
7.058393884773919e-225	0	F6T8J7	F6T8J7	LYPD3	Equus caballus	LY6/PLAUR domain containing 3	3	3	plasma membrane,side of membrane	negative regulation of smooth muscle cell apoptotic process	NA	70	0.5061145591319406	5.144721156836232	NA	NA	24.5974788665771	NA	27.1614761352539	15.4280471801758	54.2697486877441	32.3386878967285	71.3519058227539	53.7238349914551	NA	NA	24.59747886657715	NA	27.161476135253903	15.42804718017578	54.26974868774414	32.338687896728516	71.3519058227539	53.72383499145508	NaN	NaN	2.5	NaN	1.4	3.8	5.5	4.7	7.2	6.9	60	0	TRUE
4.521412240150187e-27	1.5959413419090079e-22	F6T9B3	F6T9B3	ADGRE5	Equus caballus	Adhesion G protein-coupled receptor E5	3	3	plasma membrane,extracellular region,membrane	cell adhesion,signal transduction,cell surface receptor signaling pathway,G-protein coupled receptor signaling pathway	transmembrane signaling receptor activity,G-protein coupled receptor activity,calcium ion binding	70	0.5266674642195779	5.568183080792992	NA	NA	NA	48.7720489501953	26.4143619537354	17.9415493011475	71.0198440551758	103.248023986816	49.2158699035645	64.8773651123047	NA	NA	NA	48.77204895019531	26.41436195373535	17.94154930114746	71.01984405517578	103.2480239868164	49.21586990356445	64.87736511230469	NaN	NaN	NaN	1	2.2	0.6	2.2	3.2	1.5	3.3	60	0	TRUE
0	0	F6TJX5	F6TJX5	TPP1	Equus caballus	Tripeptidyl peptidase 1	15	22	lysosome,Golgi apparatus,membrane raft,recycling endosome	proteolysis,nervous system development,central nervous system development,epithelial cell differentiation,peptide catabolic process,bone resorption,protein localization to chromosome, telomeric region	endopeptidase activity,serine-type endopeptidase activity,peptidase activity,serine-type peptidase activity,tripeptidyl-peptidase activity,hydrolase activity,lysophosphatidic acid binding,metal ion binding,Requires Ontology	70	0.7229246235976088	7.942521356065881	NA	NA	456.765228271484	455.722412109375	215.181655883789	717.475769042969	NA	123.384284973145	207.650588989258	66.2157440185547	NA	NA	456.7652282714844	455.722412109375	215.18165588378903	717.47576904296875	NA	123.38428497314452	207.6505889892578	66.21574401855469	NaN	NaN	103.2	109.2	48.9	166	NaN	24	37.8	9.3	40	20	TRUE
0	0	F6TQY1	F6TQY1	HMCN1	Equus caballus	Hemicentin 1	10	15	plasma membrane,axon,neuronal cell body,extracellular region,basement membrane,cytoplasm,muscle tendon junction,cell cortex,cell junction,cleavage furrow,anchoring junction	homophilic cell adhesion via plasma membrane adhesion molecules,axon guidance,actin cytoskeleton organization,synapse organization,cell division,basement membrane organization	calcium ion binding,axon guidance receptor activity	80	0.6128625964539179	6.413281400749212	NA	NA	75.1683807373047	31.5672798156738	53.4302711486816	61.6091384887695	137.020645141602	130.920639038086	89.3022155761719	222.515029907227	NA	NA	75.16838073730469	31.567279815673828	53.43027114868164	61.60913848876953	137.02064514160156	130.92063903808594	89.302215576171875	222.51502990722656	NaN	NaN	1.5	0.7	1.5	1.7	2.5	3.8	1.6	5.9	40	0	TRUE
4.717431239005603e-251	0	F6TZ18	F6TZ18	NOTCH1	Equus caballus	Neurogenic locus notch homolog protein 1	6	6	plasma membrane,cell surface,Requires Ontology,postsynaptic density membrane,glutamatergic synapse,nucleus,cytoplasm,endoplasmic reticulum,adherens junction,membrane,apical plasma membrane,cytoplasmic vesicle,late endosome membrane,cell periphery,MAML1-RBP-Jkappa- ICN1 complex,receptor complex	negative regulation of transcription from RNA polymerase II promoter,angiogenesis,epithelial to mesenchymal transition,heart looping,outflow tract morphogenesis,endocardium development,endocardium morphogenesis,atrioventricular node development,coronary vein morphogenesis,aortic valve morphogenesis,atrioventricular valve morphogenesis,coronary sinus valve morphogenesis,pulmonary valve morphogenesis,mitral valve formation,epithelial to mesenchymal transition involved in endocardial cushion formation,endocardial cushion morphogenesis,cardiac chamber formation,cardiac ventricle morphogenesis,cardiac atrium morphogenesis,cardiac right atrium morphogenesis,cardiac left ventricle morphogenesis,ventricular trabecula myocardium morphogenesis,growth involved in heart morphogenesis,negative regulation of cell proliferation involved in heart valve morphogenesis,cell migration involved in endocardial cushion formation,negative regulation of extracellular matrix constituent secretion,pericardium morphogenesis,transcription, DNA-templated,regulation of transcription, DNA-templated,protein import into nucleus,Notch signaling pathway,axon guidance,heart development,positive regulation of cell proliferation,negative regulation of cell proliferation,gene expression,negative regulation of cardiac muscle hypertrophy,positive regulation of gene expression,negative regulation of gene expression,positive regulation of epithelial to mesenchymal transition,negative regulation of cell-substrate adhesion,negative regulation of myotube differentiation,mesenchymal cell development,cell differentiation,protein catabolic process,negative regulation of ossification,regulation of cell migration,positive regulation of cell migration,positive regulation of BMP signaling pathway,negative regulation of BMP signaling pathway,response to muramyl dipeptide,tube formation,cellular response to vascular endothelial growth factor stimulus,positive regulation of viral genome replication,negative regulation of myoblast differentiation,negative regulation of osteoblast differentiation,negative regulation of transcription, DNA-templated,positive regulation of transcription, DNA-templated,positive regulation of transcription from RNA polymerase II promoter,positive regulation of JAK-STAT cascade,positive regulation of Ras protein signal transduction,positive regulation of astrocyte differentiation,negative regulation of oligodendrocyte differentiation,homeostasis of number of cells within a tissue,negative regulation of neurogenesis,regulation of developmental process,positive regulation of smooth muscle cell differentiation,cardiac muscle tissue morphogenesis,cardiac muscle cell proliferation,positive regulation of cardiac muscle cell proliferation,negative regulation of glial cell proliferation,cardiac epithelial to mesenchymal transition,negative regulation of cell adhesion molecule production,cardiac muscle cell myoblast differentiation,cardiac septum morphogenesis,ventricular septum morphogenesis,arterial endothelial cell differentiation,venous endothelial cell differentiation,cardiac vascular smooth muscle cell development,endocardial cell differentiation,vasculogenesis involved in coronary vascular morphogenesis,coronary artery morphogenesis,regulation of cell adhesion involved in heart morphogenesis,heart trabecula morphogenesis,negative regulation of biomineral tissue development,positive regulation of ERK1 and ERK2 cascade,left/right axis specification,cellular response to tumor cell,cellular response to follicle-stimulating hormone stimulus,cellular response to hypoxia,distal tubule development,collecting duct development,glomerular mesangial cell development,T-helper 17 type immune response,negative regulation of cell migration involved in sprouting angiogenesis,neuronal stem cell population maintenance,interleukin-17-mediated signaling pathway,chemical synaptic transmission, postsynaptic,Requires Ontology,regulation of extracellular matrix assembly,positive regulation of apoptotic process involved in morphogenesis,negative regulation of cell-cell adhesion mediated by cadherin,negative regulation of stem cell differentiation,negative regulation of anoikis,negative regulation of pro-B cell differentiation,negative regulation of endothelial cell chemotaxis	chromatin binding,transcription coactivator activity,enzyme inhibitor activity,transmembrane signaling receptor activity,Notch binding,calcium ion binding,enzyme binding,chromatin DNA binding,signaling receptor activity,identical protein binding,metal ion binding,Requires Ontology	70	0.3592898603342444	4.707961572937198	NA	NA	22.620361328125	NA	24.6010341644287	14.8350410461426	22.7046813964844	33.0915336608887	29.2528705596924	45.9114608764649	NA	NA	22.620361328125	NA	24.60103416442871	14.835041046142578	22.704681396484375	33.09153366088867	29.252870559692383	45.91146087646485	NaN	NaN	0.7	NaN	0.9	0.4	0.4	1	1.1	1.6	60	0	TRUE
0	0	F6TZS9	F6TZS9	TPI1	Equus caballus	Triosephosphate isomerase	14	18	cytosol	gluconeogenesis,glycolytic process,glycerol catabolic process,glyceraldehyde-3-phosphate metabolic process,glyceraldehyde-3-phosphate biosynthetic process,canonical glycolysis	triose-phosphate isomerase activity,methylglyoxal synthase activity,lyase activity,isomerase activity,ubiquitin protein ligase binding,protein homodimerization activity	70	0.582045980504851	5.066592413398593	NA	NA	16.6900653839111	14.2830982208252	74.7249069213867	60.1847648620605	NA	24.1394309997559	36.7921447753906	49.8493499755859	NA	NA	16.690065383911133	14.283098220825195	74.72490692138672	60.18476486206055	NA	24.13943099975586	36.792144775390625	49.84934997558594	NaN	NaN	4.5	3.2	46.1	34.5	NaN	8.7	8.3	17.2	40	20	TRUE
5.080021936326597e-292	0	F6U3D3	F6U3D3	COMP	Equus caballus	Cartilage oligomeric matrix protein	10	14	extracellular matrix,extracellular region,extracellular space,macromolecular complex	apoptotic process,cell adhesion,negative regulation of apoptotic process,protein homooligomerization,limb development,cartilage homeostasis	protease binding,integrin binding,calcium ion binding,collagen binding,heparin binding,BMP binding,proteoglycan binding,heparan sulfate proteoglycan binding	90	1.9820296003031517	5.247977383732104	205.348861694336	NA	19.1641006469727	19.7154331207275	21.7831897735596	8.80866813659668	43.6845054626465	754.412658691406	15.2233409881592	22.126989364624	205.3488616943359	NA	19.164100646972656	19.71543312072754	21.78318977355957	8.80866813659668	43.68450546264648	754.41265869140625	15.22334098815918	22.126989364624023	23.3	NaN	2.5	1.9	1.9	0.5	3.8	93.5	1.1	1.7	20	0	TRUE
0.0055073942663935	0.03684971109032631	F6U520	F6U520	FGFR3	Equus caballus	Fibroblast growth factor receptor	3	3	plasma membrane,endoplasmic reticulum,Golgi apparatus,membrane,transport vesicle,receptor complex	ossification,apoptotic process,JAK-STAT cascade,cell proliferation,positive regulation of cell proliferation,fibroblast growth factor receptor signaling pathway,positive regulation of MAPK cascade,cartilage development,positive regulation of protein kinase B signaling,bone morphogenesis,positive regulation of ERK1 and ERK2 cascade,fibroblast growth factor receptor apoptotic signaling pathway	nucleotide binding,protein kinase activity,protein tyrosine kinase activity,transmembrane receptor protein tyrosine kinase activity,fibroblast growth factor-activated receptor activity,ATP binding,kinase activity,transferase activity,fibroblast growth factor binding,identical protein binding	70	0.21276803162257055	4.020147421439821	NA	NA	19.9771862030029	19.0202713012695	17.9089832305908	11.9567670822144	17.0122756958008	18.9738674163818	NA	11.2704362869263	NA	NA	19.97718620300293	19.02027130126953	17.90898323059082	11.956767082214355	17.01227569580078	18.973867416381836	NA	11.27043628692627	NaN	NaN	0.6	1	1	0.6	0.3	1.2	NaN	0.2	40	20	TRUE
0	0	F6U5H6	F6U5H6	DNASE1	Equus caballus	Deoxyribonuclease	10	14	nucleus,extracellular region,nuclear envelope,cytoplasmic vesicle,zymogen granule	neutrophil activation involved in immune response,regulation of acute inflammatory response,DNA catabolic process,apoptotic process,regulation of neutrophil mediated cytotoxicity	DNA binding,actin binding,catalytic activity,nuclease activity,endonuclease activity,deoxyribonuclease I activity,deoxyribonuclease activity,hydrolase activity	80	0.554663954721684	9.178759988432924	NA	NA	283.066192626953	406.303344726562	375.307037353516	878.864135742188	669.387878417969	517.50927734375	1410.58984375	686.45654296875	NA	NA	283.0661926269531	406.3033447265625	375.3070373535156	878.8641357421875	669.38787841796875	517.50927734375	1410.58984375	686.45654296875	NaN	NaN	78	111.8	101.7	264.2	177.4	141.5	420.6	209.4	40	0	TRUE
0	0	F6UG31	F6UG31	MXRA8	Equus caballus	Matrix remodeling-associated protein 8	15	25	cell surface,plasma membrane,membrane	cell adhesion,cell differentiation	NA	80	0.855105308136076	8.129629392133754	NA	NA	533.349731445312	454.519012451172	37.8822059631348	1143.89526367188	250.132888793945	126.778656005859	634.549621582031	179.073043823242	NA	NA	533.3497314453125	454.5190124511719	37.882205963134766	1143.895263671875	250.1328887939453	126.77865600585938	634.54962158203125	179.0730438232422	NaN	NaN	108.1	90.8	4.8	231.9	45.9	22.7	124.3	35.4	40	0	TRUE
0	0	F6UL68	F6UL68	TTR	Equus caballus	Transthyretin	11	25	extracellular space,extracellular region	retinoid metabolic process,purine nucleobase metabolic process,signal transduction	hormone activity,identical protein binding,thyroid hormone binding,Requires Ontology	90	1.0007399209392287	9.27368877384718	334.535552978516	NA	657.543212890625	1701.34521484375	2746.43090820312	2273.615234375	334.641540527344	377.47998046875	277.967803955078	162.485076904297	334.5355529785156	NA	657.543212890625	1701.34521484375	2746.430908203125	2273.615234375	334.64154052734375	377.47998046875	277.9678039550781	162.48507690429688	168.6	NaN	328.9	1185.7	1643.3	1457.3	173.5	197.8	143.5	86.1	20	0	TRUE
0	0	F6UPK3	F6UPK3	CA4	Equus caballus	Carbonic anhydrase 4	13	17	plasma membrane,side of membrane	NA	carbonate dehydratase activity,zinc ion binding,lyase activity,metal ion binding	80	0.7455095524579962	5.4205047684549825	NA	NA	84.7636795043945	85.4680252075195	39.9741859436035	131.304443359375	20.2585105895996	18.1921920776367	18.4727230072021	43.7300758361816	NA	NA	84.76367950439453	85.46802520751953	39.97418594360352	131.304443359375	20.25851058959961	18.19219207763672	18.47272300720215	43.73007583618164	NaN	NaN	35.2	36.8	16.6	60.1	6.7	8.2	6.1	16.6	40	0	TRUE
0	0	F6UR46	F6UR46	ITGB1	Equus caballus	Integrin beta	5	8	focal adhesion,cell surface,synapse,plasma membrane,integrin complex	cell adhesion,cell-matrix adhesion,integrin-mediated signaling pathway,cell migration,cell adhesion mediated by integrin,cell-cell adhesion	C-X3-C chemokine binding,laminin binding,fibronectin binding,integrin binding,protein kinase binding,metal ion binding,collagen binding involved in cell-matrix adhesion	90	0.9692624881936484	5.87080471167912	84.6699371337891	NA	43.6522216796875	23.8912773132324	59.7869071960449	26.9766426086426	40.6736526489258	266.996429443359	57.4776916503906	90.5123748779297	84.66993713378906	NA	43.6522216796875	23.891277313232425	59.78690719604492	26.976642608642575	40.67365264892578	266.9964294433594	57.477691650390625	90.51237487792967	8.3	NaN	4.5	2.1	5.7	2.1	4.1	31.7	6.1	9.3	20	0	TRUE
0	0	F6USP0	F6USP0	FAM3C	Equus caballus	FAM3 metabolism regulating signaling molecule C	12	16	extracellular space,extracellular region	signal transduction	cytokine activity,carbohydrate binding	80	0.5617646468461486	6.637518709582952	NA	NA	67.5642776489258	149.171737670898	246.274917602539	53.9720191955566	94.2202377319336	123.954742431641	69.9623489379883	88.2010116577148	NA	NA	67.56427764892578	149.17173767089844	246.27491760253903	53.97201919555664	94.2202377319336	123.95474243164062	69.96234893798828	88.20101165771484	NaN	NaN	41.3	112.7	184.5	33.8	56.1	81.8	43	54.5	40	0	TRUE
1.3091079131483572e-291	0	F6UTM9	F6UTM9	NA	Equus caballus	Ribonuclease A-domain domain-containing protein	2	3	extracellular space,extracellular region	innate immune response in mucosa,chemotaxis,defense response to Gram-positive bacterium	nucleic acid binding,nuclease activity,endonuclease activity,ribonuclease activity,hydrolase activity	70	0.6047999062416288	5.811852355211321	NA	NA	27.4384651184082	NA	55.1567764282227	64.560791015625	15.8946714401245	76.0939254760742	121.677070617676	122.759582519531	NA	NA	27.438465118408203	NA	55.156776428222656	64.560791015625	15.894671440124512	76.09392547607422	121.67707061767578	122.75958251953124	NaN	NaN	12.5	NaN	27	32.3	5.5	29.6	60	55.2	60	0	TRUE
0	0	F6UVP2	F6UVP2	DSC2	Equus caballus	Desmocollin 2	31	57	desmosome,plasma membrane,adherens junction,intercalated disc,membrane,cytoplasmic vesicle	cell adhesion,homophilic cell adhesion via plasma membrane adhesion molecules,cardiac muscle cell-cardiac muscle cell adhesion,bundle of His cell-Purkinje myocyte adhesion involved in cell communication,regulation of heart rate by cardiac conduction,cell-cell adhesion,regulation of ventricular cardiac muscle cell action potential,positive regulation of p38MAPK cascade	calcium ion binding	90	0.6710668622896563	9.539183996857592	116.554992675781	NA	529.619323730469	258.054534912109	792.705017089844	1484.06909179688	1980.55334472656	1055.01879882812	925.78515625	1927.06237792969	116.55499267578124	NA	529.61932373046875	258.0545349121094	792.70501708984375	1484.069091796875	1980.5533447265625	1055.018798828125	925.78515625	1927.0623779296875	23.6	NaN	117.2	59.8	204.1	301.7	492.4	237.4	200.6	483.8	20	0	TRUE
1.3752088674582262e-279	0	F6UWC6	F6UWC6	LOC100067361	Equus caballus	Ig-like domain-containing protein	5	7	plasma membrane,membrane	positive regulation of phagocytosis,positive regulation of T cell activation	NA	90	0.8031320864195636	6.782248393665322	43.5387763977051	NA	33.9554061889648	45.2537002563477	150.563781738281	51.6370277404785	265.523742675781	383.73583984375	170.41552734375	262.528198242188	43.53877639770508	NA	33.955406188964844	45.253700256347656	150.56378173828125	51.63702774047851	265.52374267578125	383.73583984375	170.41552734375	262.5281982421875	3.4	NaN	3.7	5.8	18.1	7.6	31.1	45.4	21.2	36.4	20	0	TRUE
7.565883458148493e-244	0	F6V407	F6V407	IST1	Equus caballus	IST1 homolog	7	8	nuclear envelope,centrosome,midbody,cytoplasmic vesicle	protein transport,cell division	NA	80	1.052286547673519	3.996649332630416	14.531566619873	NA	19.0570182800293	5.00149965286255	7.42864990234375	78.3473510742188	NA	29.0053443908691	12.9501047134399	13.923150062561	14.531566619873049	NA	19.057018280029297	5.001499652862549	7.42864990234375	78.34735107421875	NA	29.00534439086914	12.95010471343994	13.923150062561035	0.8	NaN	8.2	0.2	0.8	28.3	NaN	8.3	4.5	3	20	20	TRUE
1.531339858010075e-59	2.802596928649634e-45	F6V455	F6V455	LAMP3	Equus caballus	Lysosomal associated membrane protein 3	3	5	lysosome,lysosomal membrane,cell surface,endomembrane system,membrane,cytoplasmic vesicle membrane,cytoplasmic vesicle,early endosome membrane	adaptive immune response,immune system process	NA	60	0.5791782682958819	4.63105178568906	NA	NA	NA	NA	17.4892387390137	12.2748804092407	12.4522466659546	39.6233329772949	45.5230407714844	48.0059242248535	NA	NA	NA	NA	17.489238739013672	12.274880409240724	12.45224666595459	39.62333297729492	45.523040771484375	48.00592422485352	NaN	NaN	NaN	NaN	1.9	0.8	6.5	44.2	6.7	19.6	80	0	TRUE
0	0	F6V6R7	F6V6R7	PIP	Equus caballus	Prolactin-inducible protein homolog	7	16	extracellular space,extracellular region,nucleus	detection of chemical stimulus involved in sensory perception of bitter taste,regulation of immune system process,proteolysis,positive regulation of gene expression,negative regulation of T cell apoptotic process	aspartic-type endopeptidase activity,IgG binding,identical protein binding	80	2.2315620899142603	6.17652734949573	NA	NA	29.5029373168945	43.433349609375	24.8451442718506	57.2567520141602	1706.85034179688	30.9645824432373	154.877105712891	50.2059631347656	NA	NA	29.50293731689453	43.433349609375	24.845144271850582	57.25675201416016	1706.850341796875	30.964582443237305	154.87710571289062	50.205963134765625	NaN	NaN	18.3	25.7	19.9	47.7	1302.9	17.6	116.2	34.4	40	0	TRUE
0	0	F6V881	F6V881	VTN	Equus caballus	Vitronectin	9	15	extracellular space,extracellular matrix,extracellular region,endoplasmic reticulum	immune response,cell adhesion,cell-matrix adhesion,integrin-mediated signaling pathway,positive regulation of smooth muscle cell migration,vesicle-mediated transport,cell migration,regulation of cell adhesion,negative regulation of blood coagulation,cell adhesion mediated by integrin,endodermal cell differentiation,negative regulation of proteolysis,positive regulation of receptor-mediated endocytosis,oligodendrocyte differentiation,smooth muscle cell-matrix adhesion,positive regulation of vascular endothelial growth factor signaling pathway,positive regulation of integrin-mediated signaling pathway	scavenger receptor activity,integrin binding,heparin binding,polysaccharide binding,extracellular matrix binding	90	0.46936816930175385	8.878457163140736	310.392730712891	NA	343.332092285156	310.799835205078	317.399383544922	559.607360839844	372.824096679688	901.783020019531	660.151977539062	867.543212890625	310.3927307128906	NA	343.33209228515625	310.7998352050781	317.3993835449219	559.60736083984375	372.8240966796875	901.78302001953125	660.1519775390625	867.543212890625	41	NaN	46.7	33	51.6	121.9	67	224.9	88.8	178.4	20	0	TRUE
0	0	F6VEV4	F6VEV4	AXL	Equus caballus	receptor protein-tyrosine kinase	10	20	plasma membrane,extracellular space,cell surface,receptor complex	natural killer cell differentiation,negative regulation of cytokine production,positive regulation of cytokine-mediated signaling pathway,immune system process,phagocytosis,enzyme linked receptor protein signaling pathway,transmembrane receptor protein tyrosine kinase signaling pathway,nervous system development,positive regulation of signal transduction,cell migration,cell differentiation,platelet activation,negative regulation of interferon-gamma production,positive regulation of natural killer cell differentiation,cellular response to interferon-alpha,negative regulation of apoptotic process,innate immune response,viral entry into host cell,cell maturation,positive regulation of pinocytosis,regulation of lymphocyte activation,positive regulation of protein kinase B signaling,cellular response to lipopolysaccharide,dendritic cell differentiation,mononuclear cell differentiation,positive regulation of viral life cycle,negative regulation of dendritic cell apoptotic process	nucleotide binding,virus receptor activity,phosphatidylserine binding,protein kinase activity,protein tyrosine kinase activity,transmembrane receptor protein tyrosine kinase activity,ATP binding,kinase activity,transferase activity,metal ion binding	80	0.3766114236643117	7.722734748131027	NA	NA	337.120483398438	65.8466567993164	280.745269775391	288.850402832031	205.875854492188	299.681335449219	176.633453369141	202.095245361328	NA	NA	337.1204833984375	65.8466567993164	280.7452697753906	288.85040283203125	205.8758544921875	299.68133544921875	176.63345336914062	202.09524536132812	NaN	NaN	70	13.1	56.5	55.3	35.8	56.7	29.8	39.3	40	0	TRUE
0	0	F6VF20	F6VF20	IGSF5	Equus caballus	Immunoglobulin superfamily member 5	4	7	bicellular tight junction,cell surface,plasma membrane,apical plasma membrane	cell-cell adhesion	NA	90	0.6751975117653393	8.73371447986569	98.4813613891602	NA	284.663726806641	262.422943115234	642.546020507812	279.607177734375	371.909973144531	1040.52770996094	821.978576660156	1092.18896484375	98.48136138916016	NA	284.6637268066406	262.4229431152344	642.5460205078125	279.607177734375	371.9099731445313	1040.5277099609375	821.97857666015625	1092.18896484375	12.5	NaN	30.5	57.1	143.1	58.4	62	237.4	185.5	256.3	20	0	TRUE
1.5622735492596097e-56	3.6573889918877726e-43	F6VGJ3	F6VGJ3	LAYN	Equus caballus	Layilin	3	3	membrane	NA	hyaluronic acid binding,carbohydrate binding	80	0.4667891458349648	4.424192164205204	NA	NA	16.0191020965576	6.36312913894653	18.3621425628662	17.4830894470215	38.5442504882812	31.4347553253174	31.8368663787842	35.7574005126953	NA	NA	16.019102096557617	6.363129138946533	18.36214256286621	17.483089447021484	38.54425048828125	31.434755325317383	31.83686637878418	35.75740051269531	NaN	NaN	0.5	0.8	1.3	1.2	4	3.3	2.2	3.7	40	0	TRUE
0	0	F6VJR6	F6VJR6	A1BG	Equus caballus	Alpha-1-B glycoprotein	26	71	plasma membrane,extracellular region	growth hormone receptor signaling pathway	transmembrane signaling receptor activity	90	1.3879069420924424	10.89626150265996	NA	695.443237304688	11009.6796875	1955.73034667969	331.713439941406	16177.33203125	1841.78173828125	869.954956054688	2410.05395507812	1069.39208984375	NA	695.4432373046875	11009.6796875	1955.7303466796875	331.71343994140625	16177.33203125	1841.78173828125	869.9549560546875	2410.053955078125	1069.39208984375	NaN	351.1	6666.3	1125.3	197.8	10030.5	1261.7	497.3	1519.5	643.8	20	0	TRUE
0.00550739465823726	0.03684971109032631	F6VP61	F6VP61	SERPINB10	Equus caballus	Serpin B10	3	3	extracellular region,extracellular space,nucleus,cytoplasm	negative regulation of blood coagulation,negative regulation of proteolysis	serine-type endopeptidase inhibitor activity,peptidase inhibitor activity	50	0.6071792687439187	4.462660351844354	NA	NA	NA	22.1749935150146	NA	NA	25.6770572662354	50.5392036437988	36.8632621765137	4.91294860839844	NA	NA	NA	22.17499351501465	NA	NA	25.67705726623535	50.53920364379883	36.86326217651367	4.9129486083984375	NaN	NaN	NaN	1.9	NaN	NaN	1.1	2.1	1.5	0.2	80	20	TRUE
0	0	F6VTD3	F6VTD3	NA	Equus caballus	SMB domain-containing protein	6	11	extracellular space,extracellular matrix,extracellular region	immune response,vesicle-mediated transport	scavenger receptor activity,polysaccharide binding	90	1.5854611884275036	7.04568562165867	189.902221679688	NA	93.6898193359375	973.095031738281	2211.49609375	3.13142156600952	58.5623207092285	194.543685913086	25.4547214508057	352.740417480469	189.9022216796875	NA	93.6898193359375	973.09503173828125	2211.49609375	3.1314215660095215	58.56232070922851	194.5436859130859	25.454721450805664	352.74041748046875	27.2	NaN	11.9	147.4	338.2	0.4	9.5	25.7	6.4	61.1	20	0	TRUE
0	0	F6VUW2	F6VUW2	CTSS	Equus caballus	Cathepsin S	7	9	extracellular space,lysosome,late endosome,phagocytic vesicle	adaptive immune response,regulation of antigen processing and presentation,proteolysis,response to acidic pH,protein processing,antigen processing and presentation of exogenous peptide antigen via MHC class II,collagen catabolic process,basement membrane disassembly,antigen processing and presentation of peptide antigen,proteolysis involved in cellular protein catabolic process,cellular response to thyroid hormone stimulus	fibronectin binding,cysteine-type endopeptidase activity,collagen binding,peptidase activity,cysteine-type peptidase activity,hydrolase activity,laminin binding,proteoglycan binding	80	0.57474756297856755	4.869463512938466	NA	NA	41.7903480529785	38.7790832519531	73.9431686401367	13.8972101211548	29.8713569641113	17.329833984375	22.1861877441406	27.8743915557861	NA	NA	41.79034805297851	38.779083251953125	73.94316864013672	13.897210121154783	29.871356964111328	17.329833984375	22.186187744140625	27.874391555786133	NaN	NaN	18.6	16.8	37.8	10.4	3.7	9.1	4.2	7.8	40	0	TRUE
0	0	F6VYL1	F6VYL1	NID2	Equus caballus	Nidogen 2	12	19	basement membrane,extracellular space,plasma membrane,cell periphery	cell adhesion,cell-matrix adhesion	calcium ion binding	80	0.8585307844848368	6.8340294848395375	NA	NA	101.12629699707	195.543090820312	153.243682861328	430.501434326172	88.8190307617188	75.6255187988281	75.4908218383789	43.3960914611816	NA	NA	101.12629699707033	195.5430908203125	153.24368286132812	430.5014343261719	88.81903076171875	75.625518798828125	75.4908218383789	43.39609146118164	NaN	NaN	8.2	22.4	16.3	44.8	4.7	7.4	7.4	3	40	0	TRUE
0	0	F6VZR0	F6VZR0	NA	Equus caballus	Galectin	7	10	nucleus,cytosol	positive regulation of gene expression,negative regulation of interferon-gamma production,negative regulation of CD4-positive, alpha-beta T cell proliferation	galactoside binding,carbohydrate binding	60	2.01771834684978	4.357606967292437	NA	NA	4.89974737167358	NA	377.397003173828	11.2691812515259	21.3610153198242	18.9673595428467	NA	8.79284000396729	NA	NA	4.899747371673584	NA	377.3970031738281	11.26918125152588	21.36101531982422	18.96735954284668	NA	8.792840003967285	NaN	NaN	0.1	NaN	81.7	1.1	2.6	3.1	NaN	1	60	20	TRUE
0	0	F6W1S0	F6W1S0	RETN	Equus caballus	Resistin	5	9	extracellular space,extracellular region	signal transduction	hormone activity	100	0.6715883441841335	9.683784637118794	128.319396972656	124.138603210449	1438.41516113281	2250.02734375	1899.77185058594	1173.57702636719	349.615478515625	2346.251953125	1130.38830566406	1328.67651367188	128.31939697265625	124.13860321044922	1438.4151611328125	2250.02734375	1899.7718505859375	1173.5770263671875	349.615478515625	2346.251953125	1130.3883056640625	1328.676513671875	34.5	21.2	531.1	765.9	534.4	280.3	94.3	717.1	275.5	485.2	0	0	TRUE
0	0	F6W5W1	F6W5W1	GAA	Equus caballus	Lysosomal alpha-glucosidase	16	17	Requires Ontology,lysosome,lysosomal membrane,membrane	diaphragm contraction,carbohydrate metabolic process,glycogen catabolic process,lysosome organization,glycophagy	catalytic activity,hydrolase activity, hydrolyzing O-glycosyl compounds,alpha-1,4-glucosidase activity,hydrolase activity,hydrolase activity, acting on glycosyl bonds,carbohydrate binding,glucan 1,6-alpha-glucosidase activity	80	0.2736295752817198	5.492472096639178	NA	NA	37.6935539245605	47.4712867736816	57.1965599060059	44.0918960571289	41.1401748657227	29.9603672027588	42.569465637207	71.2611083984375	NA	NA	37.69355392456055	47.47128677368164	57.19655990600586	44.091896057128906	41.140174865722656	29.96036720275879	42.56946563720703	71.2611083984375	NaN	NaN	3.8	10.3	13.1	8.6	2.7	3.6	3.3	14.8	40	0	TRUE
0	0	F6W6E8	F6W6E8	LTBP1	Equus caballus	Latent transforming growth factor beta binding protein 1	18	29	extracellular space,extracellular matrix,microfibril,macromolecular complex	sequestering of TGFbeta in extracellular matrix,establishment of protein localization to extracellular region	calcium ion binding,growth factor binding,transforming growth factor beta binding,microfibril binding,Requires Ontology	90	0.7134790474268276	5.836334718067604	31.6278991699219	NA	96.7650146484375	174.360397338867	66.5794982910156	39.0573120117188	28.8648414611816	114.083381652832	33.6354713439941	42.2219047546387	31.627899169921875	NA	96.7650146484375	174.3603973388672	66.579498291015625	39.05731201171875	28.86484146118164	114.08338165283205	33.63547134399414	42.22190475463867	2.5	NaN	6	22.8	13.5	1.7	2.6	9.4	1.8	3.6	20	0	TRUE
5.020499507993956e-247	0	F6W773	F6W773	QPCT	Equus caballus	Glutaminyl-peptide cyclotransferase	4	6	extracellular region	NA	zinc ion binding,glutaminyl-peptide cyclotransferase activity,transferase activity,transferase activity, transferring acyl groups,metal ion binding	80	0.4841545918473862	6.06939394531005	NA	NA	38.7962341308594	62.5764427185059	44.899845123291	47.0654373168945	107.493240356445	51.5525093078613	113.869552612305	127.752998352051	NA	NA	38.796234130859375	62.57644271850586	44.899845123291016	47.06543731689453	107.49324035644533	51.55250930786133	113.86955261230467	127.75299835205078	NaN	NaN	7	15.3	9.2	8.2	27	10.3	21.4	30	40	0	TRUE
0	0	F6W8Z7	F6W8Z7	ANGPTL2	Equus caballus	Angiopoietin like 2	15	22	extracellular space,extracellular matrix,extracellular region	angiogenesis,blood coagulation	receptor binding	80	0.5988755984813655	6.1165670792944775	NA	NA	28.6318416595459	62.6701049804688	24.4746875762939	120.609642028809	81.8202972412109	134.476547241211	57.1089706420898	161.413726806641	NA	NA	28.6318416595459	62.67010498046875	24.474687576293945	120.6096420288086	81.82029724121094	134.47654724121094	57.10897064208984	161.41372680664062	NaN	NaN	7.7	19.3	4.4	37.2	16.9	33.9	19.1	50.7	40	0	TRUE
0	0	F6WD07	F6WD07	FBLN7	Equus caballus	Fibulin 7	10	12	extracellular space,extracellular matrix	cell adhesion	calcium ion binding,heparin binding,heparan sulfate proteoglycan binding	80	0.4741789917274307	7.761551827161138	NA	NA	225.842330932617	105.001937866211	162.768081665039	142.968704223633	303.727600097656	364.465484619141	188.852325439453	426.190155029297	NA	NA	225.8423309326172	105.00193786621094	162.76808166503906	142.9687042236328	303.72760009765625	364.4654846191406	188.85232543945312	426.1901550292969	NaN	NaN	31.1	13.9	24.3	18.8	44.4	52	26.3	59.5	40	0	TRUE
0	0	F6WE78	F6WE78	DKK3	Equus caballus	Dickkopf WNT signaling pathway inhibitor 3	11	16	extracellular space,extracellular region	Wnt signaling pathway,negative regulation of Wnt signaling pathway,adrenal gland development,negative regulation of aldosterone biosynthetic process,negative regulation of transcription, DNA-templated,negative regulation of canonical Wnt signaling pathway,negative regulation of cortisol biosynthetic process	co-receptor binding,receptor antagonist activity	80	1.153237009913169	4.827124633097245	NA	NA	25.1798515319824	152.276702880859	18.5553817749023	33.8575286865234	12.0890035629272	40.8019714355469	15.6582355499268	22.6593894958496	NA	NA	25.179851531982425	152.27670288085938	18.555381774902344	33.85752868652344	12.089003562927246	40.801971435546875	15.658235549926758	22.65938949584961	NaN	NaN	4.5	39.8	3.1	11.3	3.3	9	3.3	6.3	40	0	TRUE
0	0	F6WEI6	F6WEI6	CDH15	Equus caballus	Cadherin 15	18	24	adherens junction,plasma membrane,caveola,membrane,neuromuscular junction,catenin complex	cell morphogenesis,cell-cell junction assembly,cell adhesion,homophilic cell adhesion via plasma membrane adhesion molecules,calcium-dependent cell-cell adhesion via plasma membrane cell adhesion molecules,cell migration,adherens junction organization,cell-cell adhesion mediated by cadherin,cell-cell adhesion	calcium ion binding,beta-catenin binding,cadherin binding,metal ion binding	80	0.7096602819298196	5.518496212291937	NA	NA	65.6606216430664	15.0466613769531	22.1280059814453	73.5879592895508	52.5488624572754	142.733016967773	34.529369354248	46.7834815979004	NA	NA	65.6606216430664	15.046661376953123	22.128005981445312	73.58795928955078	52.54886245727539	142.73301696777344	34.52936935424805	46.78348159790039	NaN	NaN	17.2	3.3	3.8	27.1	12.5	51.1	11.1	15.6	40	0	TRUE
0	0	F6WFS0	F6WFS0	EFNA1	Equus caballus	Ephrin-A1	10	12	plasma membrane,membrane,side of membrane	negative regulation of macromolecule metabolic process,ephrin receptor signaling pathway,positive regulation of intracellular signal transduction	ephrin receptor binding	80	0.5514601374959295	8.063675462732915	NA	NA	221.164932250977	125.952117919922	599.278686523438	134.133255004883	411.115997314453	239.923431396484	252.768325805664	470.347442626953	NA	NA	221.16493225097656	125.95211791992188	599.2786865234375	134.1332550048828	411.1159973144531	239.9234313964844	252.7683258056641	470.3474426269531	NaN	NaN	46.9	26.6	120.6	25.2	78.8	36.4	41.5	73.1	40	0	TRUE
0	0	F6WIE7	F6WIE7	PROCR	Equus caballus	Protein C receptor	3	4	extracellular space,centrosome	negative regulation of coagulation	signaling receptor activity	80	0.502484367375408	9.010009351822545	NA	NA	401.499847412109	250.62255859375	472.642913818359	361.922393798828	677.174682617188	944.653503417969	432.899505615234	1047.24938964844	NA	NA	401.4998474121094	250.62255859375	472.6429138183594	361.9223937988281	677.1746826171875	944.65350341796875	432.8995056152344	1047.2493896484375	NaN	NaN	94.9	48.2	133.8	92.5	265.8	287.6	114.8	265.6	40	0	TRUE
4.56192062261274e-286	0	F6WIV4	F6WIV4	FAM151A	Equus caballus	Protein FAM151A	13	17	extracellular space,membrane	NA	NA	80	0.5351678184305192	5.829509210991808	NA	NA	98.7915115356445	28.9071521759033	62.0136451721191	114.813209533691	43.7203979492188	14.2646341323853	93.3303756713867	92.4028244018555	NA	NA	98.79151153564452	28.90715217590332	62.01364517211914	114.8132095336914	43.72039794921875	14.264634132385254	93.33037567138672	92.40282440185548	NaN	NaN	23.5	6.5	13.8	30.3	4.5	1.3	23.6	11.6	40	0	TRUE
0	0	F6WNQ7	F6WNQ7	VASN	Equus caballus	Vasorin	8	11	plasma membrane,extracellular space,mitochondrion,cell surface,membrane,extracellular exosome	negative regulation of epithelial to mesenchymal transition,negative regulation of transforming growth factor beta receptor signaling pathway	signaling receptor activity,transforming growth factor beta binding	80	0.904217014176282	6.209091991914014	NA	NA	178.896286010742	140.39045715332	25.9933414459229	309.346435546875	23.6802234649658	42.550838470459	189.500503540039	23.2719650268555	NA	NA	178.8962860107422	140.3904571533203	25.99334144592285	309.346435546875	23.68022346496582	42.550838470458984	189.50050354003903	23.27196502685547	NaN	NaN	32.9	26.4	1.9	57.5	2.5	7.3	31.9	3	40	0	TRUE
0	0	F6WS35	F6WS35	LOC100068297	Equus caballus	Uncharacterized protein	8	23	extracellular space,extracellular region	signal transduction,positive regulation of cell proliferation,response to peptide hormone,Requires Ontology	hormone activity,growth factor activity,carbohydrate binding	90	1.3707846007163833	10.046325733081334	1517.36535644531	NA	340.278839111328	7940.16796875	9503.490234375	71.3226165771484	698.050903320312	1489.04870605469	479.364807128906	1193.66149902344	1517.3653564453125	NA	340.2788391113281	7940.16796875	9503.490234375	71.32261657714844	698.0509033203125	1489.0487060546875	479.36480712890625	1193.6614990234375	801.2	NaN	129.4	3498.2	5226.6	23.2	231.8	635.2	166.4	602.7	20	0	TRUE
6.634371792938364e-73	0	F6WVS1	F6WVS1	LOC100066686	Equus caballus	C-type lectin domain-containing protein	2	3	NA	NA	carbohydrate binding	80	0.8025525924517606	5.497534587595314	NA	NA	25.4305667877197	19.5814456939697	40.263355255127	23.8542098999023	57.232234954834	90.002311706543	45.2622489929199	155.623870849609	NA	NA	25.430566787719727	19.581445693969727	40.26335525512695	23.854209899902344	57.232234954833984	90.00231170654297	45.26224899291992	155.62387084960938	NaN	NaN	3.3	2.6	5.2	3.2	8	12.7	6.2	21.4	40	0	TRUE
0.00550771552097528	0.03684971109032631	F6WYP6	F6WYP6	EPHA1	Equus caballus	receptor protein-tyrosine kinase	5	6	plasma membrane,dendrite,membrane	angiogenesis,positive regulation of cell-matrix adhesion,cell adhesion,transmembrane receptor protein tyrosine kinase signaling pathway,axon guidance,neuron differentiation,positive regulation of cell migration,negative regulation of cell migration,substrate adhesion-dependent cell spreading,positive regulation of angiogenesis,ephrin receptor signaling pathway,cell development,regulation of developmental process,positive regulation of stress fiber assembly	nucleotide binding,fibronectin binding,protein kinase activity,protein tyrosine kinase activity,transmembrane receptor protein tyrosine kinase activity,ephrin receptor activity,transmembrane-ephrin receptor activity,ATP binding,kinase activity,transferase activity,protein kinase binding	70	0.3022864929474248	3.908271689189987	NA	NA	19.8228378295898	8.96096611022949	14.0884494781494	18.3904991149902	10.2339019775391	17.1775665283203	NA	21.2602710723877	NA	NA	19.822837829589844	8.960966110229492	14.088449478149414	18.39049911499023	10.233901977539062	17.177566528320312	NA	21.260271072387695	NaN	NaN	1.6	0.4	1.5	1.3	0.3	0.9	NaN	2.4	40	20	TRUE
0	0	F6WZ69	F6WZ69	PCOLCE	Equus caballus	Procollagen C-endopeptidase enhancer	12	18	extracellular region	proteolysis	collagen binding,heparin binding,peptidase activator activity	80	0.756251945661169	8.628189190141885	NA	NA	366.87353515625	145.264801025391	157.086181640625	239.118957519531	955.059692382812	1216.73498535156	480.469024658203	537.56298828125	NA	NA	366.87353515625	145.26480102539062	157.086181640625	239.11895751953125	955.0596923828124	1216.7349853515625	480.4690246582031	537.56298828125	NaN	NaN	72.9	27.5	35	50.3	197.1	272.8	103.2	124.6	40	0	TRUE
1.1250635252724994e-279	0	F6X085	F6X085	PLBD2	Equus caballus	Phospholipase B-like	10	11	extracellular region,lysosome	lipid metabolic process,lipid catabolic process	phospholipase activity,hydrolase activity	70	0.5254573840202381	4.597566108047022	8.2947826385498	NA	27.1717166900635	47.7310638427734	46.6343536376953	19.6996841430664	NA	25.9140300750732	NA	19.0376682281494	8.294782638549805	NA	27.171716690063477	47.73106384277344	46.63435363769531	19.699684143066406	NA	25.91403007507324	NA	19.037668228149418	0.7	NaN	5.5	8.7	12	5.8	NaN	1.7	NaN	1	20	40	TRUE
0	0	F6X0K3	F6X0K3	CCN2	Equus caballus	CCN family member 2	11	21	extracellular space,extracellular matrix,extracellular region,cell periphery	osteoblast differentiation,cell adhesion,signal transduction,positive regulation of cell differentiation,positive regulation of JNK cascade,positive regulation of stress fiber assembly,positive regulation of ERK1 and ERK2 cascade,DNA biosynthetic process	integrin binding,heparin binding	80	1.8178339055459156	6.011130724099259	NA	NA	17.8802642822266	239.928115844727	958.741027832031	22.3668308258057	47.2674789428711	74.3576278686523	21.7122898101807	42.6472282409668	NA	NA	17.880264282226562	239.92811584472656	958.74102783203125	22.366830825805664	47.267478942871094	74.35762786865234	21.712289810180664	42.6472282409668	NaN	NaN	4.6	57.3	312.6	1.7	5.1	15.3	5	4.8	40	0	TRUE
0	0	F6X1I8	F6X1I8	HPX	Equus caballus	Hemopexin	20	33	extracellular space,extracellular region	cellular iron ion homeostasis,heme transport,heme metabolic process	heme transporter activity,metal ion binding	80	0.6182254233753031	9.715510022229434	NA	NA	236.304229736328	686.433410644531	1619.76940917969	427.512725830078	943.737976074219	2152.17529296875	864.544616699219	1265.58374023438	NA	NA	236.30422973632812	686.43341064453125	1619.7694091796875	427.5127258300781	943.73797607421875	2152.17529296875	864.54461669921875	1265.583740234375	NaN	NaN	55.7	178.8	435.8	108	219.1	502.8	218.2	338.3	40	0	TRUE
0	0	F6X200	F6X200	CDH6	Equus caballus	Cadherin-6	21	30	adherens junction,synapse,glutamatergic synapse,plasma membrane,membrane,cell junction,catenin complex	cell morphogenesis,cell-cell junction assembly,cell adhesion,homophilic cell adhesion via plasma membrane adhesion molecules,calcium-dependent cell-cell adhesion via plasma membrane cell adhesion molecules,cell migration,adherens junction organization,cell-cell adhesion mediated by cadherin,cell-cell adhesion,synaptic membrane adhesion	calcium ion binding,beta-catenin binding,cadherin binding,metal ion binding	80	0.6820206365020952	9.232891502845996	NA	NA	741.3115234375	88.3692474365234	487.746215820312	403.877807617188	1257.34741210938	1135.6015625	528.69091796875	1763.55651855469	NA	NA	741.3115234375	88.36924743652344	487.7462158203125	403.8778076171875	1257.347412109375	1135.6015625	528.69091796875	1763.5565185546875	NaN	NaN	128.7	19.6	72.4	84.3	162.8	160.7	74.1	224.2	40	0	TRUE
0	0	F6X3L0	F6X3L0	XPNPEP2	Equus caballus	X-prolyl aminopeptidase 2	6	6	plasma membrane,extracellular exosome,side of membrane	proteolysis	aminopeptidase activity,peptidase activity,hydrolase activity,metal ion binding,metalloaminopeptidase activity	80	0.42326625952621466	4.970152953209032	NA	NA	42.6803207397461	18.5515460968018	10.4745903015137	37.3692932128906	29.6933364868164	45.6649169921875	55.8723297119141	39.6846733093262	NA	NA	42.680320739746094	18.55154609680176	10.474590301513672	37.369293212890625	29.693336486816406	45.6649169921875	55.87232971191406	39.68467330932617	NaN	NaN	5.3	4.3	0.9	5.6	3.5	5.5	5.1	3.7	40	0	TRUE
1.1632484982529917e-108	0	F6X7H5	F6X7H5	BAMBI	Equus caballus	BMP and activin membrane-bound inhibitor homolog	3	3	cytoplasm,plasma membrane,membrane	transforming growth factor beta receptor signaling pathway,positive regulation of cell proliferation,regulation of cell shape,positive regulation of epithelial to mesenchymal transition,cell migration,negative regulation of transforming growth factor beta receptor signaling pathway,positive regulation of transcription, DNA-templated,positive regulation of canonical Wnt signaling pathway	frizzled binding	90	0.6684428398770647	4.408110960566885	7.47392177581787	NA	12.3376398086548	10.2852630615234	33.1734313964844	6.57120275497437	44.9848594665527	45.256103515625	39.1435432434082	53.201961517334	7.473921775817871	NA	12.337639808654783	10.285263061523438	33.173431396484375	6.571202754974365	44.984859466552734	45.256103515625	39.1435432434082	53.201961517333984	1.1	NaN	2.6	1.5	7.1	0.9	10.4	6.4	5.6	12	20	0	TRUE
0	0	F6X9U4	F6X9U4	DAG1	Equus caballus	Dystroglycan 1	9	14	basement membrane,extracellular space,sarcolemma,extracellular region,nucleoplasm,cytoskeleton,plasma membrane,membrane,postsynaptic membrane,dystrophin-associated glycoprotein complex,dystroglycan complex	morphogenesis of an epithelium,axon guidance,muscle attachment,nerve development	calcium ion binding,laminin binding	80	0.31334392070429845	5.838094138625681	NA	NA	67.413200378418	88.7182922363281	28.0525283813477	47.3997573852539	58.8402709960938	79.4967422485352	57.0699005126953	54.0249366760254	NA	NA	67.41320037841797	88.718292236328125	28.052528381347656	47.399757385253906	58.84027099609375	79.49674224853516	57.06990051269531	54.02493667602539	NaN	NaN	18.6	24.6	2.9	7.1	13.8	21.2	14.8	10.8	40	0	TRUE
1.2182855726404497e-245	0	F6XB32	F6XB32	DCHS1	Equus caballus	Dachsous cadherin-related 1	6	6	plasma membrane,membrane,apical part of cell,catenin complex	heart morphogenesis,mitral valve morphogenesis,mitral valve formation,cell migration involved in endocardial cushion formation,cell adhesion,homophilic cell adhesion via plasma membrane adhesion molecules,heterophilic cell-cell adhesion via plasma membrane cell adhesion molecules,anatomical structure morphogenesis,cell migration,neurogenesis,hippo signaling,tissue morphogenesis	calcium ion binding,beta-catenin binding,cadherin binding	60	0.4902611637240315	4.919830991655295	NA	NA	19.4363842010498	NA	NA	16.8260536193848	51.3630294799805	53.8179130554199	22.0909767150879	38.5221099853516	NA	NA	19.436384201049805	NA	NA	16.826053619384766	51.36302947998047	53.81791305541992	22.09097671508789	38.52210998535156	NaN	NaN	0.4	NaN	NaN	0.3	0.8	1.7	0.7	0.8	80	0	TRUE
0	0	F6XBQ7	F6XBQ7	NA	Equus caballus	Sushi domain-containing protein	7	9	plasma membrane,membrane	immune system process,complement activation, classical pathway,regulation of complement activation,innate immune response	NA	90	0.8544190614704624	6.394517401190774	17.8798370361328	NA	151.066955566406	98.3421173095703	298.921997070312	32.3275985717773	61.6514434814453	54.0469169616699	90.2091369628906	273.593200683594	17.879837036132812	NA	151.06695556640625	98.34211730957033	298.9219970703125	32.327598571777344	61.65144348144531	54.04691696166992	90.209136962890625	273.59320068359375	1.9	NaN	18	12.2	35	3.6	8.7	6	9.7	34.9	20	0	TRUE
0	0	F6XJB0	F6XJB0	NUTF2	Equus caballus	Nuclear transport factor 2	6	17	nuclear inner membrane,nuclear outer membrane,nucleoplasm,cytoplasm,cytosol,nuclear pore	protein import into nucleus,protein export from nucleus,nucleocytoplasmic transport,protein transport,mRNA transport	structural constituent of nuclear pore,small GTPase binding,identical protein binding	70	1.0167087557117398	7.297988910907128	NA	NA	210.030563354492	73.0723190307617	710.157409667969	404.499725341797	NA	112.263778686523	104.352279663086	46.2748641967773	NA	NA	210.0305633544922	73.07231903076172	710.15740966796875	404.4997253417969	NA	112.26377868652344	104.35227966308594	46.274864196777344	NaN	NaN	142.5	32.7	379	176.6	NaN	43.1	44.2	17	40	20	TRUE
0	0	F6XNT7	F6XNT7	RNASET2	Equus caballus	Ribonuclease T2	11	13	extracellular region,extracellular space,lysosome,endoplasmic reticulum lumen	RNA catabolic process	RNA binding,endoribonuclease activity,ribonuclease activity,ribonuclease T2 activity	80	0.7748751724405021	5.903351024740115	NA	NA	79.4463272094727	205.366119384766	107.400810241699	73.5732192993164	36.9563789367676	53.4784851074219	16.0612297058105	40.2446937561035	NA	NA	79.44632720947266	205.3661193847656	107.40081024169922	73.5732192993164	36.95637893676758	53.478485107421875	16.061229705810547	40.24469375610352	NaN	NaN	131.2	103.2	52.9	35.8	6.9	21.9	1.4	12.5	40	0	TRUE
0	0	F6XU73	F6XU73	ROR1	Equus caballus	Receptor tyrosine kinase like orphan receptor 1	5	6	plasma membrane,axon,membrane,receptor complex	transmembrane receptor protein tyrosine kinase signaling pathway,Wnt signaling pathway,positive regulation of I-kappaB kinase/NF-kappaB signaling	transmembrane receptor protein tyrosine kinase activity,nucleotide binding,protein kinase activity,ATP binding,Wnt-protein binding,signaling receptor activity	100	0.8533325267572218	6.343496804600023	23.694803237915	9.24834060668945	99.8737030029297	37.6296043395996	104.421249389648	63.2348480224609	177.839706420898	356.389739990234	161.053146362305	224.626983642578	23.69480323791504	9.248340606689451	99.87370300292967	37.62960433959961	104.42124938964844	63.23484802246094	177.83970642089844	356.3897399902344	161.0531463623047	224.62698364257812	1.6	0.4	8.1	2.9	9.1	5.4	20.9	31.8	13.5	20.9	0	0	TRUE
0	0	F6Y0C1	F6Y0C1	TRAF2	Equus caballus	TNF receptor associated factor 2	8	13	cytoplasm,cytosol,cytoplasmic side of plasma membrane,vesicle membrane,membrane raft,ubiquitin ligase complex,tumor necrosis factor receptor superfamily complex,membrane attack complex,CD40 receptor complex,TRAF2-GSTP1 complex,IRE1-TRAF2-ASK1 complex	positive regulation of T cell cytokine production,complement activation,CD40 signaling pathway,positive regulation of interleukin-2 production,tumor necrosis factor-mediated signaling pathway,NIK/NF-kappaB signaling,T cell activation,regulation of apoptotic process,positive regulation of I-kappaB kinase/NF-kappaB signaling,regulation of protein complex assembly,mRNA stabilization,protein autoubiquitination,macromolecular complex assembly,protein K63-linked ubiquitination,interleukin-17-mediated signaling pathway,Requires Ontology,positive regulation of tumor necrosis factor-mediated signaling pathway,positive regulation of extrinsic apoptotic signaling pathway	ubiquitin-protein transferase activity,tumor necrosis factor receptor binding,CD40 receptor binding,zinc ion binding,enzyme binding,protein kinase binding,protein phosphatase binding,protein binding, bridging,ubiquitin protein ligase binding,thioesterase binding,signaling adaptor activity,identical protein binding,tumor necrosis factor binding,macromolecular complex binding,sphingolipid binding,metal ion binding,ubiquitin protein ligase activity	90	1.2775986611333132	6.543773382421865	9.97607231140137	NA	83.5114898681641	673.578002929688	430.821594238281	102.617126464844	60.8239517211914	85.2280044555664	60.6791534423828	68.6342926025391	9.976072311401367	NA	83.51148986816406	673.5780029296875	430.8215942382813	102.61712646484376	60.823951721191406	85.2280044555664	60.67915344238281	68.63429260253906	0.9	NaN	17.8	166.4	111.3	25.7	13.5	22.6	13	15.3	20	0	TRUE
0	0	F6Y5H9	F6Y5H9	MERTK	Equus caballus	receptor protein-tyrosine kinase	3	3	plasma membrane,extracellular space,cytoplasm,receptor complex	phagocytosis,transmembrane receptor protein tyrosine kinase signaling pathway,nervous system development,cell migration,positive regulation of phagocytosis,negative regulation of leukocyte apoptotic process	nucleotide binding,protein kinase activity,protein tyrosine kinase activity,transmembrane receptor protein tyrosine kinase activity,ATP binding,kinase activity,transferase activity	70	0.14151685937405786	4.251904588974123	NA	NA	18.3819732666016	NA	16.313455581665	22.11203956604	22.0964393615723	21.6842975616455	18.0695514678955	15.8735408782959	NA	NA	18.38197326660156	NA	16.31345558166504	22.11203956604004	22.096439361572266	21.684297561645508	18.069551467895508	15.873540878295898	NaN	NaN	0.4	NaN	0.7	0.6	0.7	0.9	0.7	0.6	60	0	TRUE
4.103822201240455e-27	1.4876609056631788e-22	F6Y7E0	F6Y7E0	IL6R	Equus caballus	Interleukin 6 receptor	4	4	external side of plasma membrane,extracellular region,plasma membrane,membrane,apical plasma membrane,interleukin-6 receptor complex,receptor complex,ciliary neurotrophic factor receptor complex	positive regulation of cell proliferation,vascular endothelial growth factor production,cytokine-mediated signaling pathway,endocrine pancreas development,developmental process,positive regulation of chemokine production,positive regulation of interleukin-6 production,response to cytokine,interleukin-11-mediated signaling pathway,positive regulation of smooth muscle cell proliferation,interleukin-6-mediated signaling pathway,ciliary neurotrophic factor-mediated signaling pathway,positive regulation of glomerular mesangial cell proliferation,STAT cascade	ciliary neurotrophic factor receptor activity,interleukin-6 receptor activity,interleukin-6 receptor binding,cytokine receptor activity,interleukin-11 receptor activity,enzyme binding,interleukin-11 binding,interleukin-6 binding,protein homodimerization activity,ciliary neurotrophic factor binding	80	0.35655060848096276	4.801676777958764	25.5375270843506	NA	28.9373817443848	NA	18.631763458252	18.2263298034668	37.7494087219238	50.2000732421875	29.0437507629395	26.5052223205566	25.537527084350582	NA	28.93738174438477	NA	18.631763458251953	18.226329803466797	37.74940872192383	50.2000732421875	29.043750762939453	26.50522232055664	1.3	NaN	3.4	NaN	1.8	1.9	1.9	8.6	4.1	3.8	40	0	TRUE
0	0	F6YAM5	F6YAM5	MASP2	Equus caballus	MBL associated serine protease 2	2	3	extracellular space,extracellular region,Golgi apparatus	complement activation, lectin pathway,immune system process,proteolysis,complement activation,complement activation, classical pathway,innate immune response	complement component C4b binding,serine-type endopeptidase activity,calcium ion binding,peptidase activity,serine-type peptidase activity,hydrolase activity,metal ion binding,calcium-dependent protein binding	70	0.8638074820261737	6.063531617759637	NA	NA	42.405460357666	241.787719726562	90.4188003540039	44.649227142334	NA	50.727912902832	29.8936958312988	95.36279296875	NA	NA	42.405460357666016	241.7877197265625	90.4188003540039	44.649227142333984	NA	50.72791290283203	29.893695831298828	95.36279296875	NaN	NaN	3.3	24.2	7.6	2.9	NaN	3.3	1.9	8	40	20	TRUE
0	0	F6YCC0	F6YCC0	CSTA	Equus caballus	Cystatin A	11	18	cytosol,cornified envelope,extracellular space,cytoplasm	keratinocyte differentiation,negative regulation of proteolysis,cell-cell adhesion	protease binding,endopeptidase inhibitor activity,cysteine-type endopeptidase inhibitor activity,peptidase inhibitor activity	100	1.2353760584301583	9.41135815343377	112.888999938965	65.6433410644531	823.70361328125	110.580062866211	1245.85534667969	412.555999755859	5109.34375	1372.86462402344	1585.34790039062	5554.6025390625	112.88899993896484	65.643341064453125	823.70361328125	110.58006286621094	1245.8553466796875	412.5559997558594	5109.34375	1372.8646240234375	1585.347900390625	5554.6025390625	48.3	33.3	458.1	57.7	741.7	238.8	3016.1	901.9	919	3235.2	0	0	TRUE
2.1478950960710766e-256	0	F6YCJ3	F6YCJ3	LOC100070567	Equus caballus	Ig-like domain-containing protein	2	3	plasma membrane,apical junction complex,membrane	positive regulation of immunoglobulin mediated immune response,homophilic cell adhesion via plasma membrane adhesion molecules,signal transduction,positive regulation of T cell receptor signaling pathway	receptor agonist activity	60	0.6513140833182721	4.214308717020313	NA	NA	29.0277500152588	11.2126350402832	NA	27.3138542175293	NA	46.7421760559082	6.41783761978149	15.3390445709229	NA	NA	29.02775001525879	11.212635040283203	NA	27.313854217529297	NA	46.7421760559082	6.417837619781494	15.339044570922852	NaN	NaN	2.4	0.9	NaN	2.2	NaN	4.2	0.5	0.6	60	20	TRUE
0	0	F6YCN2	F6YCN2	FBLN2	Equus caballus	Fibulin 2	11	20	extracellular region,extracellular matrix	positive regulation of cell-substrate adhesion	extracellular matrix structural constituent,calcium ion binding,extracellular matrix binding	90	0.5773155277358445	8.056422517317465	110.208213806152	NA	214.555877685547	271.219940185547	210.146179199219	255.775924682617	298.166961669922	695.057312011719	206.613571166992	454.911987304688	110.20821380615234	NA	214.55587768554688	271.2199401855469	210.14617919921875	255.7759246826172	298.1669616699219	695.05731201171875	206.6135711669922	454.9119873046875	8.8	NaN	18.7	32.2	21.9	29.2	25.4	99.8	14.5	54.6	20	0	TRUE
1.038160906834188e-65	0	F6YDQ9	F6YDQ9	RNF167	Equus caballus	Ring finger protein 167	3	3	cytoplasm,lysosome,endolysosome membrane,lysosomal membrane,endosome,plasma membrane,endosome membrane,organelle membrane	protein polyubiquitination,ubiquitin-dependent protein catabolic process,lysosome localization,protein K29-linked ubiquitination,negative regulation of cell cycle,regulation of synaptic transmission, glutamatergic,protein K63-linked ubiquitination,negative regulation of intracellular signal transduction,negative regulation of TORC1 signaling,positive regulation of TORC1 signaling,cellular response to leucine starvation	ubiquitin-protein transferase activity,zinc ion binding,transferase activity,metal ion binding,ubiquitin protein ligase activity	60	0.5917964819655419	5.446866701685491	NA	NA	21.7815093994141	NA	NA	18.8386554718018	78.7868423461914	36.5829544067383	63.0745239257812	92.3203048706055	NA	NA	21.781509399414062	NA	NA	18.83865547180176	78.7868423461914	36.58295440673828	63.07452392578125	92.32030487060548	NaN	NaN	3.3	NaN	NaN	2.9	14.6	6.5	11.4	15.4	80	0	TRUE
0	0	F6YFV7	F6YFV7	IFNGR1	Equus caballus	Interferon gamma receptor 1	5	7	plasma membrane,membrane	immune system process,defense response,response to virus,cytokine-mediated signaling pathway,type III interferon signaling pathway,interferon-gamma-mediated signaling pathway	cytokine receptor activity,interferon-gamma receptor activity,cytokine binding	70	0.6345803972675443	4.77497322628127	NA	NA	54.6218223571777	20.3853607177734	45.5540084838867	44.5480575561523	NA	64.5666351318359	10.7184410095215	7.37380170822144	NA	NA	54.621822357177734	20.38536071777344	45.55400848388672	44.548057556152344	NA	64.56663513183594	10.718441009521484	7.3738017082214355	NaN	NaN	8.7	3.8	8.9	7.4	NaN	8.4	0.5	0.2	40	20	TRUE
6.159029241350168e-148	0	F6YL55	F6YL55	IL1R1	Equus caballus	Interleukin 1 receptor type 1	4	5	extracellular region,plasma membrane,membrane	inflammatory response,signal transduction,interleukin-1-mediated signaling pathway	interleukin-1 receptor activity,interleukin-1, Type I, activating receptor activity,hydrolase activity	80	0.5594295804385998	4.747947928785932	NA	NA	26.2438278198242	3.32118582725525	26.0490245819092	29.7101726531982	39.9234924316406	71.1293563842773	36.2482757568359	39.1395835876465	NA	NA	26.24382781982422	3.321185827255249	26.04902458190918	29.71017265319824	39.923492431640625	71.12935638427734	36.24827575683594	39.13958358764648	NaN	NaN	3	0.2	2.4	3	4.3	8.9	3.3	4.2	40	0	TRUE
0	0	F6YP18	F6YP18	LRRC19	Equus caballus	Leucine rich repeat containing 19	2	3	plasma membrane,membrane	regulation of cytokine production,toll-like receptor signaling pathway,positive regulation of I-kappaB kinase/NF-kappaB signaling,homeostasis of number of cells in a free-living population,regulation of inflammatory response,positive regulation of NIK/NF-kappaB signaling	signaling receptor activity	70	0.6302723300525109	4.861334785436336	NA	NA	6.52358150482178	NA	10.9059753417969	34.0884971618652	65.6656341552734	34.9881591796875	67.243766784668	46.793270111084	NA	NA	6.523581504821777	NA	10.905975341796877	34.088497161865234	65.66563415527344	34.9881591796875	67.24376678466797	46.793270111083984	NaN	NaN	1	NaN	1.7	7.8	15.5	5.3	17.5	10.7	60	0	TRUE
0	0	F6YR34	F6YR34	THBS1	Equus caballus	Thrombospondin 1	10	12	extracellular matrix,extracellular region,extracellular space,endoplasmic reticulum,external side of plasma membrane,cell surface,sarcoplasmic reticulum,secretory granule,platelet alpha granule,fibrinogen complex	negative regulation of endothelial cell proliferation,negative regulation of cell-matrix adhesion,sprouting angiogenesis,chronic inflammatory response,negative regulation of antigen processing and presentation of peptide or polysaccharide antigen via MHC class II,negative regulation of dendritic cell antigen processing and presentation,positive regulation of immune system process,inflammatory response,immune response,response to unfolded protein,cell adhesion,positive regulation of cell proliferation,negative regulation of cell proliferation,response to xenobiotic stimulus,response to glucose,positive regulation of endothelial cell migration,negative regulation of endothelial cell migration,negative regulation of plasma membrane long-chain fatty acid transport,negative regulation of cGMP-mediated signaling,negative regulation of plasminogen activation,positive regulation of fibroblast migration,regulation of cell-substrate adhesion,cell migration,negative regulation of angiogenesis,positive regulation of cell migration,positive regulation of transforming growth factor beta receptor signaling pathway,response to magnesium ion,negative regulation of interleukin-10 production,negative regulation of interleukin-12 production,negative regulation of tumor necrosis factor production,positive regulation of tumor necrosis factor production,negative regulation of fibroblast growth factor receptor signaling pathway,positive regulation of phosphorylation,positive regulation of macrophage activation,negative regulation of apoptotic process,positive regulation of blood vessel endothelial cell migration,negative regulation of blood vessel endothelial cell migration,engulfment of apoptotic cell,positive regulation of translation,positive regulation of angiogenesis,blood vessel morphogenesis,positive regulation of smooth muscle cell proliferation,positive regulation of chemotaxis,response to calcium ion,positive regulation of protein kinase B signaling,negative regulation of fibrinolysis,blood coagulation, fibrin clot formation,negative regulation of cell migration involved in sprouting angiogenesis,Requires Ontology,positive regulation of extrinsic apoptotic signaling pathway via death domain receptors,negative regulation of blood vessel endothelial cell proliferation involved in sprouting angiogenesis,negative regulation of sprouting angiogenesis,positive regulation of endothelial cell apoptotic process,positive regulation of reactive oxygen species metabolic process	phosphatidylserine binding,fibronectin binding,protease binding,endopeptidase inhibitor activity,integrin binding,calcium ion binding,heparin binding,fibroblast growth factor binding,low-density lipoprotein particle binding,protein homodimerization activity,laminin binding,extracellular matrix binding,fibrinogen binding,collagen V binding	90	0.7086990442056806	6.747553613729635	161.751815795898	NA	95.0807495117188	61.868293762207	288.694244384766	31.4309196472168	77.4615097045898	290.298187255859	84.195671081543	116.820526123047	161.75181579589844	NA	95.08074951171876	61.86829376220703	288.6942443847656	31.430919647216797	77.46150970458984	290.2981872558594	84.19567108154297	116.82052612304688	7.4	NaN	4.5	44.4	72.4	1.4	3	23	3.6	6.3	20	0	TRUE
0	0	F6YU15	F6YU15	LOC111769984	Equus caballus	Latherin	4	5	extracellular region	NA	lipid binding	70	0.6955525962234045	4.7985402728538995	NA	50.1101760864258	29.5103435516357	79.2355499267578	13.5750198364258	23.2037601470947	NA	35.9918212890625	9.73215389251709	NA	NA	50.11017608642578	29.510343551635746	79.23554992675781	13.57501983642578	23.203760147094727	NA	35.9918212890625	9.73215389251709	NA	NaN	43.1	14.8	69.4	2.6	14.1	NaN	18.4	3.8	NaN	20	40	TRUE
0	0	F6YWH3	F6YWH3	NECTIN2	Equus caballus	Nectin cell adhesion molecule 2	14	20	plasma membrane	cell adhesion	cell adhesion molecule binding	80	0.4634389130125543	7.552226993956106	NA	NA	339.462493896484	108.936904907227	64.0684814453125	320.491455078125	165.680786132812	282.189361572266	214.556671142578	202.205215454102	NA	NA	339.4624938964844	108.93690490722656	64.0684814453125	320.491455078125	165.6807861328125	282.1893615722656	214.55667114257812	202.20521545410156	NaN	NaN	98.2	34.2	11.6	100.8	46.9	83.5	70.7	59.7	40	0	TRUE
0	0	F6Z041	F6Z041	APOH	Equus caballus	Beta-2-glycoprotein 1	14	20	extracellular region,extracellular space,Golgi apparatus,cell surface,very-low-density lipoprotein particle,high-density lipoprotein particle,chylomicron	negative regulation of endothelial cell proliferation,blood coagulation, intrinsic pathway,negative regulation of endothelial cell migration,negative regulation of angiogenesis,negative regulation of blood coagulation,plasminogen activation,negative regulation of myeloid cell apoptotic process,chylomicron remodeling,very-low-density lipoprotein particle remodeling,negative regulation of smooth muscle cell apoptotic process,regulation of fibrinolysis,negative regulation of fibrinolysis,positive regulation of triglyceride metabolic process	phospholipid binding,heparin binding,lipid binding,lipase binding,identical protein binding,lipoprotein lipase activator activity	90	0.7893137511332871	8.315576929004107	365.568328857422	NA	236.238296508789	348.027099609375	1168.95141601562	89.0833969116211	394.778564453125	527.979858398438	184.842819213867	280.442687988281	365.5683288574219	NA	236.23829650878903	348.027099609375	1168.951416015625	89.0833969116211	394.778564453125	527.9798583984375	184.8428192138672	280.44268798828125	100.1	NaN	76	132	436	31.6	116.2	183.6	58.1	94.2	20	0	TRUE
0	0	F6Z129	F6Z129	VNN1	Equus caballus	Pantetheinase	17	37	plasma membrane,side of membrane	acute inflammatory response,chronic inflammatory response,inflammatory response,coenzyme A catabolic process,pantothenate metabolic process,positive regulation of T cell differentiation in thymus,innate immune response,cell-cell adhesion,positive regulation of oxidative stress-induced intrinsic apoptotic signaling pathway	hydrolase activity,hydrolase activity, acting on carbon-nitrogen (but not peptide) bonds, in linear amides,pantetheine hydrolase activity	90	0.8019319536564569	9.09823377340555	168.6064453125	NA	2100.6064453125	140.029098510742	487.054412841797	849.019470214844	787.908325195312	475.020294189453	620.78564453125	936.504028320312	168.6064453125	NA	2100.6064453125	140.0290985107422	487.0544128417969	849.01947021484375	787.9083251953125	475.0202941894531	620.78564453125	936.5040283203124	56.4	NaN	927.8	54.8	185.8	338.1	323	188.7	239.6	371.1	20	0	TRUE
0	0	F6Z4A7	F6Z4A7	NA	Equus caballus	Ig-like domain-containing protein	2	2	extracellular region,plasma membrane,immunoglobulin complex	immune response	NA	90	0.5881298106200141	6.997998653548141	136.82682800293	NA	14.644567489624	224.827377319336	253.336578369141	50.1812782287598	103.69694519043	226.061447143555	212.490615844727	319.299835205078	136.8268280029297	NA	14.644567489624023	224.8273773193359	253.33657836914065	50.181278228759766	103.69694519042967	226.0614471435547	212.49061584472656	319.2998352050781	47.8	NaN	4.3	84.5	74.2	17.9	34.9	66.2	70.8	102.3	20	0	TRUE
1.1309686474945654e-25	1.664178340325154e-21	F6Z7G6	F6Z7G6	MIA2	Equus caballus	SH3 domain-containing protein	2	2	endoplasmic reticulum membrane,endoplasmic reticulum exit site	ER to Golgi vesicle-mediated transport,protein secretion,cargo loading into vesicle	NA	80	0.44282135987822785	4.877797282477001	NA	NA	36.8913650512695	44.1513023376465	57.0230712890625	36.2883720397949	22.7305850982666	13.070460319519	19.2217044830322	29.0085906982422	NA	NA	36.89136505126953	44.15130233764648	57.0230712890625	36.28837203979492	22.7305850982666	13.070460319519045	19.221704483032227	29.008590698242188	NaN	NaN	0.9	1	0.3	0.8	0.4	0.2	0.3	0.5	40	0	TRUE
4.917908540153869e-171	0	F6Z7X8	F6Z7X8	ENPP2	Equus caballus	Ectonucleotide pyrophosphatase/phosphodiesterase 2	6	7	extracellular space,extracellular region	lipid metabolic process,chemotaxis,immune response,lipid catabolic process,vesicle-mediated transport,phosphatidylcholine catabolic process,estrous cycle	nucleic acid binding,phosphodiesterase I activity,lysophospholipase activity,phospholipase D activity,scavenger receptor activity,calcium ion binding,zinc ion binding,hydrolase activity,polysaccharide binding,metal ion binding,alkylglycerophosphoethanolamine phosphodiesterase activity	70	0.43038149611388066	3.3272717151835596	NA	NA	18.6782379150391	6.62557315826416	14.2956037521362	6.75447940826416	NA	9.18304920196533	7.07414484024048	13.2204284667969	NA	NA	18.678237915039062	6.62557315826416	14.29560375213623	6.75447940826416	NA	9.183049201965332	7.0741448402404785	13.220428466796877	NaN	NaN	0.1	0.2	0.7	0.8	NaN	0.7	0.7	2	40	20	TRUE
0	0	F6Z8T7	F6Z8T7	ESAM	Equus caballus	Endothelial cell adhesion molecule	7	11	plasma membrane,adherens junction,cell-cell junction,bicellular tight junction,macromolecular complex	homophilic cell adhesion via plasma membrane adhesion molecules,protein localization,regulation of actin filament polymerization,regulation of actin cytoskeleton organization,bicellular tight junction assembly,cell-cell adhesion	identical protein binding,protein binding involved in cell-cell adhesion	90	0.6260250271474688	8.211544452928402	30.8169822692871	NA	378.418426513672	94.8548431396484	431.144714355469	350.827545166016	575.98193359375	550.056945800781	376.433837890625	885.618957519531	30.81698226928711	NA	378.4184265136719	94.85484313964844	431.1447143554687	350.8275451660156	575.98193359375	550.05694580078125	376.433837890625	885.61895751953125	6.5	NaN	73.1	20.9	99.7	76.1	145	142.3	79.5	260.9	20	0	TRUE
0	0	F6ZC75	F6ZC75	THY1	Equus caballus	Thy-1 membrane glycoprotein	6	12	external side of plasma membrane,dendrite,membrane raft,plasma membrane,cell surface,side of membrane	regulation of immune system process,cell adhesion,cell surface receptor signaling pathway,integrin-mediated signaling pathway,regulation of cell migration,positive regulation of cell adhesion,positive regulation of focal adhesion assembly	GTPase activator activity,integrin binding	90	0.8942993255799678	9.959202829556022	102.558059692383	NA	868.468322753906	1139.96728515625	4059.57299804688	449.229797363281	1642.29248046875	457.729400634766	1869.35498046875	3688.5263671875	102.5580596923828	NA	868.46832275390625	1139.96728515625	4059.572998046875	449.2297973632813	1642.29248046875	457.7294006347656	1869.35498046875	3688.5263671875	42.9	NaN	418.7	566.2	1984.2	214.2	895.6	216.8	973.9	1894.1	20	0	TRUE
0	0	F6ZDJ2	F6ZDJ2	LAMA4	Equus caballus	Laminin subunit alpha 4	7	9	basement membrane,plasma membrane,neuromuscular junction,synaptic cleft,synapse,extracellular region	cell adhesion,signal transduction,nervous system development,regulation of cell adhesion,regulation of cell migration,regulation of embryonic development,Requires Ontology	receptor binding	90	0.5804763106511236	5.242632961182823	22.9967403411865	NA	28.4777774810791	26.5779361724854	33.6942405700684	44.3942031860351	45.9543647766113	103.036628723145	44.8893051147461	28.8849182128906	22.996740341186523	NA	28.4777774810791	26.57793617248535	33.69424057006836	44.39420318603515	45.95436477661133	103.03662872314452	44.889305114746094	28.884918212890625	0.6	NaN	1.6	1.3	1.8	1.9	2.1	5.8	2.1	1.4	20	0	TRUE
4.5672278511050265e-269	0	F6ZGF1	F6ZGF1	EFNA4	Equus caballus	Ephrin A4	2	3	plasma membrane,membrane,side of membrane	axon guidance,ephrin receptor signaling pathway	ephrin receptor binding	80	0.778272005484133	5.441116536362566	NA	NA	47.2493553161621	12.2562007904053	22.6126365661621	25.7785491943359	89.574089050293	36.3139610290527	80.0528259277344	144.384368896484	NA	NA	47.24935531616211	12.256200790405272	22.61263656616211	25.778549194335938	89.57408905029297	36.313961029052734	80.052825927734375	144.38436889648438	NaN	NaN	10.4	3.1	4.8	6.2	17.6	2.7	17.6	32.1	40	0	TRUE
6.2949778553214316e-117	0	F6ZI51	F6ZI51	ANXA2	Equus caballus	Annexin	12	13	nucleus,cytoplasm,plasma membrane,vesicle membrane,basement membrane	cell adhesion,positive regulation of plasminogen activation	phosphatidylserine binding,phospholipase inhibitor activity,calcium ion binding,calcium-dependent phospholipid binding,cytoskeletal protein binding	80	0.5761738346430272	4.137349080498272	NA	NA	10.0965757369995	17.3361167907715	15.0550031661987	43.6747589111328	25.0239715576172	28.0688705444336	25.0666618347168	4.53956699371338	NA	NA	10.096575736999512	17.336116790771484	15.05500316619873	43.67475891113281	25.023971557617188	28.068870544433594	25.066661834716797	4.539566993713379	NaN	NaN	4.6	6.5	5.6	22.1	3.4	12	10.7	0.7	40	0	TRUE
3.214078845706286e-120	0	F6ZJN9	F6ZJN9	LOC100065733	Equus caballus	Ig-like domain-containing protein	5	5	external side of plasma membrane,plasma membrane	antibody-dependent cellular cytotoxicity,regulation of immune system process,cell surface receptor signaling pathway,positive regulation of tumor necrosis factor production,Fc-gamma receptor signaling pathway,positive regulation of phagocytosis	IgG receptor activity,IgG binding	80	0.6712631666288359	4.762768283732252	NA	NA	16.5713214874268	23.7298641204834	66.0936965942383	7.59521007537842	31.4870758056641	39.1403007507324	17.7500991821289	68.3249664306641	NA	NA	16.571321487426758	23.7298641204834	66.09369659423828	7.595210075378418	31.487075805664062	39.14030075073242	17.750099182128906	68.32496643066406	NaN	NaN	1.8	3.9	11.3	0.8	4.1	6.4	1.9	12	40	0	TRUE
6.405406025759786e-151	0	F6ZJP9	F6ZJP9	LCAT	Equus caballus	Lecithin-cholesterol acyltransferase	4	4	extracellular space,extracellular region,high-density lipoprotein particle	lipid metabolic process,phospholipid metabolic process,phosphatidylcholine biosynthetic process,steroid metabolic process,cholesterol metabolic process,very-low-density lipoprotein particle remodeling,high-density lipoprotein particle remodeling,cholesterol homeostasis,reverse cholesterol transport,phosphatidylcholine metabolic process,regulation of high-density lipoprotein particle assembly	1-alkyl-2-acetylglycerophosphocholine esterase activity,phosphatidylcholine-sterol O-acyltransferase activity,sterol esterase activity,O-acyltransferase activity,transferase activity,transferase activity, transferring acyl groups,apolipoprotein A-I binding,platelet-activating factor acetyltransferase activity	70	0.3400572525870032	5.629276392543382	NA	NA	28.624002456665	41.3466453552246	43.1599006652832	46.0954132080078	NA	66.3588485717773	57.1229858398438	81.5546646118164	NA	NA	28.62400245666504	41.34664535522461	43.1599006652832	46.09541320800781	NA	66.35884857177734	57.12298583984375	81.5546646118164	NaN	NaN	4.1	4.7	1	6.6	NaN	0.4	4.2	5.9	40	20	TRUE
0	0	F6ZRU5	F6ZRU5	PLD3	Equus caballus	5'-3' exonuclease PLD3	6	6	endomembrane system,Golgi membrane,lysosomal membrane,endoplasmic reticulum,endoplasmic reticulum membrane,early endosome membrane,late endosome membrane,lysosomal lumen	DNA metabolic process,myotube differentiation,negative regulation of toll-like receptor 9 signaling pathway,regulation of cytokine production involved in inflammatory response	catalytic activity,nuclease activity,exonuclease activity,hydrolase activity,5'-3' exodeoxyribonuclease activity,single-stranded DNA 5'-3' exodeoxyribonuclease activity	80	0.4229606604417976	4.910710236852864	NA	NA	23.2761344909668	49.9762306213379	15.272084236145	47.5902938842773	32.7218246459961	19.29856300354	47.2809982299805	26.5477962493896	NA	NA	23.276134490966797	49.97623062133789	15.27208423614502	47.590293884277344	32.721824645996094	19.29856300354004	47.28099822998047	26.54779624938965	NaN	NaN	3.8	13.8	1.8	8.2	2.7	1.7	9	2.2	40	0	TRUE
0	0	F6ZV64	F6ZV64	DSP	Equus caballus	Desmoplakin	47	57	intermediate filament,cytoplasm,plasma membrane,intercalated disc,cornified envelope,cytoskeleton,cell-cell junction,adherens junction,basolateral plasma membrane,cell junction,desmosome	desmosome organization,ventricular compact myocardium morphogenesis,keratinocyte differentiation,wound healing,skin development,intermediate filament cytoskeleton organization,intermediate filament organization,bundle of His cell-Purkinje myocyte adhesion involved in cell communication,regulation of heart rate by cardiac conduction,cell-cell adhesion,regulation of ventricular cardiac muscle cell action potential,Requires Ontology	protein kinase C binding,structural molecule activity,scaffold protein binding	100	0.6695646254037991	5.392802918563603	33.9897880554199	73.5346603393555	30.1302452087402	43.0205154418945	36.8295974731445	12.7297239303589	59.1797332763672	130.718826293945	64.9995040893555	22.4387378692627	33.98978805541992	73.53466033935547	30.13024520874023	43.02051544189453	36.82959747314453	12.729723930358888	59.17973327636719	130.7188262939453	64.99950408935547	22.438737869262695	2.9	3.3	2.8	5	4.1	1	6.4	18.3	8.4	1.9	0	0	TRUE
0	0	F6ZW56	F6ZW56	CUBN	Equus caballus	Cubilin	60	76	plasma membrane,microvillus membrane,cytoplasm,lysosomal membrane,endosome,endoplasmic reticulum,Golgi apparatus,brush border,clathrin-coated pit,membrane,apical plasma membrane,endocytic vesicle,apical part of cell,extracellular exosome	lipid metabolic process,steroid metabolic process,cholesterol metabolic process,cobalamin metabolic process,protein transport,cobalamin transport,vesicle-mediated transport	calcium ion binding,cobalamin binding,cargo receptor activity,protein homodimerization activity,metal ion binding	70	0.6730187353531569	6.084174016353923	NA	NA	159.254928588867	41.0324058532715	33.9130020141602	146.234786987305	NA	42.0239715576172	120.150253295898	40.4365005493164	NA	NA	159.2549285888672	41.03240585327149	33.913002014160156	146.2347869873047	NA	42.02397155761719	120.15025329589844	40.436500549316406	NaN	NaN	20.5	3.7	0.6	20.4	NaN	1.4	13.6	1.8	40	20	TRUE
0	0	F6ZXW9	F6ZXW9	FCGBP	Equus caballus	VWFD domain-containing protein	18	18	extracellular space,extracellular matrix,extracellular region	NA	extracellular matrix structural constituent	70	0.5415137345671877	5.6905194907419485	NA	NA	28.6703815460205	51.6213264465332	55.2898826599121	42.316104888916	49.9379234313965	45.8187141418457	NA	123.660797119141	NA	NA	28.670381546020508	51.6213264465332	55.28988265991211	42.316104888916016	49.93792343139648	45.8187141418457	NA	123.66079711914062	NaN	NaN	0.7	3	1.6	2.3	1.5	1.5	NaN	2.6	40	20	TRUE
0	0	F6ZY40	F6ZY40	LMNA	Equus caballus	Lamin A/C	5	5	nuclear envelope,nuclear lamina,nucleoplasm,intermediate filament,nuclear matrix,nuclear lumen	NA	NA	80	0.4404981887540584	4.737102999590335	NA	NA	8.57523822784424	44.5537528991699	31.062686920166	32.6722831726074	29.8466815948486	42.0038795471191	12.709587097168	41.4204559326172	NA	NA	8.575238227844238	44.55375289916992	31.062686920166016	32.67228317260742	29.846681594848633	42.00387954711914	12.709587097167969	41.42045593261719	NaN	NaN	0.5	2.6	2.4	1.5	0.9	1.7	0.4	1.3	40	0	TRUE
0	0	F7A1S2	F7A1S2	MMRN1	Equus caballus	Multimerin 1	5	6	extracellular region,extracellular matrix,platelet alpha granule	negative regulation of vascular endothelial growth factor receptor signaling pathway,cell adhesion mediated by integrin,negative regulation of wound healing,negative regulation of cell migration involved in sprouting angiogenesis,positive regulation of platelet aggregation	calcium ion binding	90	1.3596727831913795	6.324265255756526	18.7701873779297	26.8091220855713	NA	42.2447471618652	35.7846298217773	96.457649230957	724.789733886719	29.2273502349854	382.928741455078	228.804901123047	18.770187377929688	26.80912208557129	NA	42.244747161865234	35.784629821777344	96.45764923095705	724.78973388671875	29.22735023498535	382.9287414550781	228.80490112304688	0.5	1.2	NaN	1.4	2.5	6.5	53.5	1.8	32.3	19.8	20	0	TRUE
2.4028050561004427e-268	0	F7A2X2	F7A2X2	PDGFRA	Equus caballus	Platelet-derived growth factor receptor alpha	2	2	plasma membrane,nucleus,cytoplasm,Golgi apparatus,microvillus,cilium,external side of plasma membrane,cell surface,membrane,macromolecular complex,receptor complex	chemotaxis,transmembrane receptor protein tyrosine kinase signaling pathway,positive regulation of cell proliferation,negative regulation of platelet activation,cell migration,positive regulation of cell migration,platelet-derived growth factor receptor-alpha signaling pathway,positive regulation of cell proliferation by VEGF-activated platelet derived growth factor receptor signaling pathway,wound healing,platelet-derived growth factor receptor signaling pathway,positive regulation of fibroblast proliferation,embryonic digestive tract morphogenesis,embryonic cranial skeleton morphogenesis,positive regulation of calcium-mediated signaling,positive regulation of chemotaxis,cardiac myofibril assembly,cell chemotaxis,retina vasculature development in camera-type eye,positive regulation of ERK1 and ERK2 cascade,platelet aggregation,metanephric glomerular capillary formation,regulation of mesenchymal stem cell differentiation	nucleotide binding,protein kinase activity,protein tyrosine kinase activity,transmembrane receptor protein tyrosine kinase activity,platelet-derived growth factor alpha-receptor activity,vascular endothelial growth factor-activated receptor activity,platelet-derived growth factor receptor binding,ATP binding,kinase activity,transferase activity,vascular endothelial growth factor binding,protein homodimerization activity,macromolecular complex binding,metal ion binding,platelet-derived growth factor binding,Requires Ontology	80	0.5029408050234931	7.240512435037105	NA	NA	181.1708984375	55.0901908874512	121.440361022949	84.0079727172852	283.289703369141	298.227874755859	166.928527832031	190.430084228516	NA	NA	181.1708984375	55.09019088745117	121.44036102294922	84.00797271728516	283.2897033691406	298.2278747558594	166.92852783203125	190.4300842285156	NaN	NaN	6.6	1.9	5.2	3.2	10	11.1	6	7.4	40	0	TRUE
1.2506440496955506e-225	0	F7A311	F7A311	NECTIN3	Equus caballus	Nectin cell adhesion molecule 3	4	4	plasma membrane,adherens junction,apical junction complex,postsynaptic membrane	cell adhesion,homophilic cell adhesion via plasma membrane adhesion molecules,heterophilic cell-cell adhesion via plasma membrane cell adhesion molecules,viral entry into host cell	identical protein binding,cell adhesion molecule binding,protein binding involved in cell adhesion	80	0.5237569528836269	4.958658791978654	NA	NA	34.9698448181152	2.5272912979126	36.3353462219238	39.0613746643066	39.9015693664551	80.5243530273438	50.8432731628418	42.6642112731934	NA	NA	34.969844818115234	2.5272912979125977	36.33534622192383	39.06137466430664	39.90156936645508	80.52435302734375	50.8432731628418	42.66421127319336	NaN	NaN	5.1	0.3	5.3	5.7	6.1	11.4	4.5	6.1	40	0	TRUE
0	0	F7A7E0	F7A7E0	MSMB	Equus caballus	Beta-microseminoprotein	7	23	extracellular region	NA	NA	80	1.8219054587657617	7.793394407911187	NA	NA	264.325622558594	776.562255859375	3362.25512695312	79.248908996582	49.6736259460449	179.444961547852	60.2858695983887	199.595947265625	NA	NA	264.32562255859375	776.562255859375	3362.255126953125	79.24890899658203	49.67362594604492	179.44496154785156	60.28586959838867	199.595947265625	NaN	NaN	237.4	814.7	3425.3	57.3	21.1	119.1	39.5	156.4	40	0	TRUE
0	0	F7A808	F7A808	KRT80	Equus caballus	Keratin 80	4	5	keratin filament,intermediate filament,intermediate filament cytoskeleton	keratinization,intermediate filament organization	structural constituent of epidermis	100	0.5087212924639772	5.923060389813747	48.6326942443848	70.2444229125977	46.0616645812988	67.1089019775391	57.6188468933105	31.8532333374023	78.9444732666016	147.418823242188	92.1034393310547	32.558162689209	48.632694244384766	70.24442291259766	46.06166458129883	67.10890197753906	57.61884689331055	31.853233337402344	78.94447326660156	147.4188232421875	92.10343933105467	32.558162689208984	3.1	5.9	3.7	5.3	4.4	1.7	5.9	11.5	7.4	2.1	0	0	TRUE
0	0	F7AB03	F7AB03	GRN	Equus caballus	Granulin	9	26	extracellular region,Requires Ontology,extracellular space,lysosome,lysosomal membrane,endosome,late endosome,endoplasmic reticulum,Golgi apparatus,trans-Golgi network,plasma membrane,membrane,vesicle	astrocyte activation involved in immune response,microglial cell activation involved in immune response,lysosome organization,lysosomal transport,lysosomal lumen acidification,signal transduction,positive regulation of cell proliferation,positive regulation of endothelial cell migration,positive regulation of cell migration,negative regulation of neuron apoptotic process,positive regulation of neuron apoptotic process,positive regulation of angiogenesis,negative regulation of innate immune response,positive regulation of axon regeneration,positive regulation of epithelial cell proliferation,regulation of inflammatory response,negative regulation of inflammatory response,regulation of developmental process,protein stabilization,positive regulation of cellular component organization,establishment of localization in cell,negative regulation of respiratory burst involved in inflammatory response,maintenance of synapse structure,Requires Ontology,positive regulation of defense response to bacterium,negative regulation of neutrophil activation,positive regulation of protein folding,negative regulation of microglial cell activation	cytokine activity,chaperone binding	90	0.7509983702279114	8.054606609809138	219.455276489258	NA	231.759674072266	97.1503982543945	123.12215423584	150.312362670898	269.587127685547	830.35009765625	534.669067382812	606.595092773438	219.4552764892578	NA	231.7596740722656	97.15039825439452	123.12215423583984	150.31236267089844	269.5871276855469	830.35009765625	534.6690673828125	606.5950927734375	95.9	NaN	85.5	45.1	64.4	55.4	105.1	277	171.7	211.2	20	0	TRUE
0	0	F7AGL5	F7AGL5	MMP9	Equus caballus	Matrix metalloproteinase-9	10	13	extracellular space,extracellular matrix	proteolysis,cell migration,extracellular matrix organization,collagen catabolic process,endodermal cell differentiation,negative regulation of apoptotic process,positive regulation of epidermal growth factor receptor signaling pathway,regulation of multicellular organismal process,positive regulation of keratinocyte migration,cellular response to UV-A,positive regulation of release of cytochrome c from mitochondria,negative regulation of cation transmembrane transport,response to beta-amyloid,positive regulation of vascular smooth muscle cell proliferation,negative regulation of epithelial cell differentiation involved in kidney development,negative regulation of intrinsic apoptotic signaling pathway	endopeptidase activity,metalloendopeptidase activity,peptidase activity,metallopeptidase activity,zinc ion binding,hydrolase activity,identical protein binding,metal ion binding	90	0.984792601759828	7.932088681501723	348.816528320312	NA	185.328582763672	93.6224212646484	366.899108886719	65.6203918457031	389.113983154297	1178.39184570312	188.527984619141	245.427032470703	348.8165283203125	NA	185.32858276367188	93.62242126464844	366.8991088867187	65.620391845703125	389.1139831542969	1178.391845703125	188.52798461914065	245.42703247070312	33.1	NaN	15.5	6.9	35.6	4.1	39.5	98.4	17.6	25.7	20	0	TRUE
2.237135851969103e-220	0	F7AGY4	F7AGY4	KRT73	Equus caballus	Keratin 73	3	5	keratin filament,intermediate filament	keratinization,intermediate filament organization	structural constituent of epidermis	100	0.5138222194207201	9.72179318524983	575.752502441406	789.360229492188	712.671203613281	989.671997070312	869.838195800781	328.408935546875	1496.10290527344	1625.40051269531	1721.15002441406	480.870361328125	575.75250244140625	789.3602294921875	712.67120361328125	989.6719970703124	869.83819580078125	328.408935546875	1496.1029052734375	1625.4005126953125	1721.1500244140625	480.870361328125	58.4	0.3	63.8	96.1	93.3	29.5	155.9	138.9	147.4	56.7	0	0	TRUE
0	0	F7AH43	F7AH43	OTOR	Equus caballus	Otoraplin	7	12	extracellular region	cartilage condensation	NA	90	1.034605917001005	6.82236843305661	NA	41.1455230712891	170.278091430664	90.2962875366211	269.504669189453	59.3691177368164	78.2599716186523	562.704223632812	123.154907226562	55.4738273620605	NA	41.14552307128906	170.27809143066406	90.2962875366211	269.5046691894531	59.369117736816406	78.25997161865234	562.7042236328125	123.1549072265625	55.47382736206055	NaN	22.3	82.2	47.7	164.4	30.8	41	314.2	75.8	32.5	20	0	TRUE
9.73892260980625e-137	0	F7AJB8	F7AJB8	SIAE	Equus caballus	Sialic acid acetylesterase	9	9	lysosome	regulation of immune system process,carbohydrate metabolic process	sialate O-acetylesterase activity,hydrolase activity,carboxylic ester hydrolase activity	80	0.44903589207325934	5.223745406946978	NA	NA	46.6398620605469	68.6049118041992	48.4138374328613	32.5036888122559	26.2266864776611	27.6839504241943	16.5344352722168	62.9009170532227	NA	NA	46.639862060546875	68.60491180419922	48.41383743286133	32.50368881225586	26.226686477661133	27.683950424194336	16.534435272216797	62.900917053222656	NaN	NaN	10.2	14.4	10.2	5.3	3	3.4	2.6	11.6	40	0	TRUE
0	0	F7AN01	F7AN01	LOC100068275	Equus caballus	C-type lectin domain-containing protein	8	19	extracellular space,extracellular region	signal transduction,positive regulation of cell proliferation,response to peptide hormone,Requires Ontology	hormone activity,growth factor activity,carbohydrate binding	50	1.8447865708939215	6.2604435279904145	15.5320463180542	NA	26.3320293426514	1185.13745117188	56.6821784973145	NA	NA	96.378059387207	NA	NA	15.5320463180542	NA	26.332029342651367	1185.137451171875	56.68217849731445	NA	NA	96.37805938720705	NA	NA	11.8	NaN	13.9	1005.9	55.4	NaN	NaN	81.1	NaN	NaN	20	80	TRUE
4.032339271147178e-231	0	F7APS7	F7APS7	TNFRSF8	Equus caballus	TNF receptor superfamily member 8	5	6	plasma membrane	signal transduction,positive regulation of TRAIL production,positive regulation of tumor necrosis factor production,positive regulation of apoptotic process,cellular response to mechanical stimulus	protease binding,transmembrane signaling receptor activity	80	0.7118071587454942	3.218648666974327	NA	NA	22.6792049407959	11.5493335723877	7.40367555618286	3.21261096000671	9.87124633789062	25.5680332183838	5.93172073364258	6.04697370529175	NA	NA	22.6792049407959	11.549333572387695	7.403675556182861	3.212610960006714	9.871246337890623	25.56803321838379	5.931720733642578	6.046973705291748	NaN	NaN	0.6	0.3	0.5	0.3	0.4	5.5	0.5	0.7	40	0	TRUE
0	0	F7APT4	F7APT4	RNASE6	Equus caballus	Ribonuclease A D1	6	12	extracellular space,extracellular region,lysosome,cytoplasmic vesicle	antibacterial humoral response,defense response to bacterium,innate immune response,defense response to Gram-negative bacterium,defense response to Gram-positive bacterium,defense response to virus,Requires Ontology	nucleic acid binding,nuclease activity,endonuclease activity,ribonuclease activity,hydrolase activity	70	2.023848659240358	5.860435534613516	NA	NA	18.167652130127	78.2717361450195	980.187194824219	NA	23.461727142334	31.2633380889893	34.2433967590332	63.8238830566406	NA	NA	18.167652130126953	78.27173614501953	980.18719482421875	NA	23.461727142333984	31.263338088989254	34.2433967590332	63.823883056640625	NaN	NaN	2.9	22.4	385.6	NaN	3.8	6.9	8.7	15.8	40	20	TRUE
0	0	F7B450	F7B450	SERPINI1	Equus caballus	Serpin family I member 1	20	44	extracellular space,extracellular region,secretory granule lumen,neuronal cell body,cytoplasmic membrane-bounded vesicle lumen	NA	serine-type endopeptidase inhibitor activity,peptidase inhibitor activity	80	0.9430016497880817	7.578533265461595	NA	NA	760.643615722656	138.780487060547	159.736587524414	558.631408691406	84.6911849975586	221.37939453125	148.878555297852	67.7765960693359	NA	NA	760.64361572265625	138.78048706054688	159.73658752441406	558.63140869140625	84.6911849975586	221.37939453125	148.87855529785156	67.77659606933594	NaN	NaN	426.8	76.1	78.8	315.5	33.1	103.1	76.1	31.4	40	0	TRUE
0	0	F7B5J2	F7B5J2	FAM3D	Equus caballus	FAM3 metabolism regulating signaling molecule D	4	4	extracellular space,extracellular region	signal transduction,negative regulation of insulin secretion	cytokine activity,carbohydrate binding	80	0.3808533783778809	5.161364637503177	NA	NA	28.525390625	14.4133462905884	48.7934989929199	24.8523025512695	55.6455268859863	49.0900535583496	51.0833778381348	38.6701812744141	NA	NA	28.525390625	14.41334629058838	48.79349899291992	24.85230255126953	55.64552688598633	49.09005355834961	51.083377838134766	38.67018127441406	NaN	NaN	8.4	2.9	13.7	7.1	15.9	14.8	15.4	11	40	0	TRUE
0	0	F7B610	F7B610	LY6D	Equus caballus	Lymphocyte antigen 6 family member D	4	11	cell surface,plasma membrane,membrane,side of membrane	lymphocyte differentiation	NA	90	0.8444929074094221	7.715598138138726	112.089752197266	NA	114.687622070312	85.8493194580078	590.01953125	106.079528808594	186.191619873047	736.914733886719	213.855484008789	395.205718994141	112.08975219726562	NA	114.6876220703125	85.84931945800781	590.01953125	106.07952880859376	186.19161987304688	736.91473388671875	213.85548400878903	395.2057189941406	56.3	NaN	31.6	40.4	240	39.3	91.3	266.7	79	167	20	0	TRUE
0	0	F7B6C3	F7B6C3	F11R	Equus caballus	Junctional adhesion molecule A	12	17	bicellular tight junction,plasma membrane,cell-cell junction,cell junction,occluding junction,macromolecular complex	system process,cell adhesion,leukocyte cell-cell adhesion,regulation of cell shape,cell differentiation,actomyosin structure organization,regulation of actin cytoskeleton organization,positive regulation of Rho protein signal transduction,memory T cell extravasation,intestinal absorption,regulation of cytoskeleton organization,negative regulation of stress fiber assembly,cellular response to mechanical stimulus,protein localization to plasma membrane,establishment of endothelial intestinal barrier,regulation of membrane permeability,cell-cell adhesion,positive regulation of platelet aggregation,protein localization to bicellular tight junction,positive regulation of establishment of endothelial barrier,regulation of bicellular tight junction assembly	integrin binding,PDZ domain binding,protein homodimerization activity	90	0.7755995202428102	8.323403376186876	77.3245315551758	NA	224.655258178711	162.875091552734	528.513916015625	150.37451171875	782.315490722656	483.695495605469	381.203308105469	1094.7548828125	77.32453155517578	NA	224.65525817871097	162.87509155273438	528.513916015625	150.37451171875	782.31549072265625	483.6954956054687	381.2033081054687	1094.7548828125	15.5	NaN	56.4	36.4	134.6	38.8	305.9	140	157.4	317	20	0	TRUE
1.0413098287932714e-127	0	F7BCJ8	F7BCJ8	KIT	Equus caballus	Mast/stem cell growth factor receptor	5	5	plasma membrane,extracellular space,cell-cell junction,external side of plasma membrane,cell surface,membrane,receptor complex	ovarian follicle development,hematopoietic progenitor cell differentiation,immature B cell differentiation,mast cell chemotaxis,positive regulation of cytokine production involved in immune response,positive regulation of dendritic cell cytokine production,chemotaxis,inflammatory response,transmembrane receptor protein tyrosine kinase signaling pathway,spermatogenesis,positive regulation of cell proliferation,regulation of cell shape,gonad development,male gonad development,cell migration,cytokine-mediated signaling pathway,lamellipodium assembly,actin cytoskeleton organization,hemopoiesis,B cell differentiation,T cell differentiation,erythrocyte differentiation,melanocyte differentiation,positive regulation of cell migration,positive regulation of mast cell cytokine production,embryonic hemopoiesis,megakaryocyte development,Fc receptor signaling pathway,Kit signaling pathway,erythropoietin-mediated signaling pathway,regulation of cell proliferation,mast cell degranulation,positive regulation of MAPK cascade,pigmentation,leukocyte activation,positive regulation of JAK-STAT cascade,digestive tract development,stem cell differentiation,regulation of developmental process,detection of mechanical stimulus involved in sensory perception of sound,cell chemotaxis,mast cell differentiation,mast cell proliferation,melanocyte migration,melanocyte adhesion,positive regulation of vascular smooth muscle cell differentiation	nucleotide binding,protease binding,protein kinase activity,protein tyrosine kinase activity,transmembrane receptor protein tyrosine kinase activity,stem cell factor receptor activity,ATP binding,kinase activity,transferase activity,growth factor binding,cytokine binding,SH2 domain binding,protein homodimerization activity,metal ion binding	60	0.5611864261199387	5.408461459942102	NA	NA	30.1633396148682	NA	31.2933235168457	NA	94.0475158691406	23.7049198150635	64.4767608642578	43.2647933959961	NA	NA	30.163339614868164	NA	31.293323516845703	NA	94.047515869140625	23.704919815063477	64.47676086425781	43.264793395996094	NaN	NaN	1.4	NaN	0.8	NaN	4.4	0.6	4.7	2.4	60	20	TRUE
0	0	F7BDA1	F7BDA1	CHODL	Equus caballus	Chondrolectin	6	9	cytoplasm,membrane,perinuclear region of cytoplasm	positive regulation of axonogenesis	carbohydrate binding	80	0.7774394567170316	5.720377883973927	NA	NA	46.9815979003906	6.00094747543335	31.5883102416992	29.0453147888184	147.027557373047	174.660766601562	113.667869567871	79.0789184570312	NA	NA	46.981597900390625	6.00094747543335	31.58831024169922	29.04531478881836	147.02755737304688	174.6607666015625	113.6678695678711	79.07891845703125	NaN	NaN	13.1	0.3	11.9	8.3	47.5	62.4	31.7	28.1	40	0	TRUE
0	0	F7BFJ1	F7BFJ1	F2	Equus caballus	Prothrombin	15	26	external side of plasma membrane,extracellular space,extracellular matrix,extracellular region	proteolysis,acute-phase response,cell surface receptor signaling pathway,G-protein coupled receptor signaling pathway,blood coagulation,hemostasis,response to wounding,platelet activation,positive regulation of blood coagulation,negative regulation of blood coagulation,positive regulation of collagen biosynthetic process,fibrinolysis,negative regulation of proteolysis,negative regulation of astrocyte differentiation,positive regulation of release of sequestered calcium ion into cytosol,regulation of cytosolic calcium ion concentration,cytolysis by host of symbiont cells,Requires Ontology,thrombin-activated receptor signaling pathway,neutrophil mediated killing of gram-negative bacterium,negative regulation of cytokine production involved in inflammatory response,positive regulation of protein localization to nucleus,positive regulation of phospholipase C-activating G-protein coupled receptor signaling pathway,positive regulation of reactive oxygen species metabolic process	lipopolysaccharide binding,endopeptidase activity,serine-type endopeptidase activity,receptor binding,calcium ion binding,heparin binding,peptidase activity,serine-type peptidase activity,hydrolase activity,receptor agonist activity,thrombospondin receptor activity	100	0.9849643756021113	10.157339933480666	989.203063964844	204.035049438477	2329.908203125	301.160919189453	4343.53955078125	5215.83203125	601.268493652344	4225.103515625	709.867980957031	652.020935058594	989.20306396484375	204.03504943847656	2329.908203125	301.1609191894531	4343.53955078125	5215.83203125	601.26849365234375	4225.103515625	709.86798095703125	652.02093505859375	145.8	23.6	331.1	57	688.2	783.3	82.1	698.2	96.5	102.7	0	0	TRUE
1.3798646107671565e-213	0	F7BG55	F7BG55	EPHB4	Equus caballus	receptor protein-tyrosine kinase	11	11	plasma membrane,membrane,receptor complex	angiogenesis,cell migration involved in sprouting angiogenesis,cell adhesion,transmembrane receptor protein tyrosine kinase signaling pathway,ephrin receptor signaling pathway	nucleotide binding,protein kinase activity,protein tyrosine kinase activity,transmembrane receptor protein tyrosine kinase activity,ephrin receptor activity,ATP binding,kinase activity,transferase activity	70	0.4575239243220272	5.168937972814391	NA	NA	18.2235717773438	35.3047790527344	54.655216217041	56.5334701538086	NA	62.9661827087402	32.0646629333496	19.4311866760254	NA	NA	18.22357177734375	35.304779052734375	54.655216217041016	56.533470153808594	NA	62.966182708740234	32.06466293334961	19.43118667602539	NaN	NaN	1.7	4.9	6.1	4.8	NaN	7.4	1.2	1.3	40	20	TRUE
0	0	F7BH02	F7BH02	FLNA	Equus caballus	Filamin A	44	61	nucleus,cytoplasm,cytosol,cytoskeleton,plasma membrane,cell-cell junction,actin cytoskeleton,nucleolus,Myb complex	adenylate cyclase-inhibiting dopamine receptor signaling pathway,negative regulation of transcription from RNA polymerase I promoter,actin cytoskeleton organization,regulation of cell migration,protein localization to cell surface,negative regulation of protein catabolic process,positive regulation of protein import into nucleus,negative regulation of apoptotic process,receptor clustering,wound healing, spreading of cells,establishment of protein localization,protein stabilization,actin crosslink formation,cilium morphogenesis,semaphorin-plexin signaling pathway,protein localization to plasma membrane,positive regulation of substrate adhesion-dependent cell spreading,positive regulation of potassium ion transmembrane transport,positive regulation of integrin-mediated signaling pathway	G-protein coupled receptor binding,actin binding,potassium channel regulator activity,kinase binding,small GTPase binding,Fc-gamma receptor I complex binding,protein homodimerization activity,ion channel binding,actin filament binding,GTPase binding,Requires Ontology	80	0.4940292462539388	8.833467935494172	NA	NA	324.301696777344	367.707946777344	1039.98254394531	220.408081054688	458.507720947266	469.534118652344	559.033325195312	570.102844238281	NA	NA	324.30169677734375	367.70794677734375	1039.9825439453125	220.4080810546875	458.5077209472656	469.53411865234375	559.0333251953125	570.10284423828125	NaN	NaN	16.4	21.8	76.8	9.6	19.1	19.4	18.2	27.3	40	0	TRUE
0.0117975138467697	0.03684971109032631	F7BK38	F7BK38	LAMB2	Equus caballus	Laminin subunit beta 2	3	3	neuromuscular junction,synaptic cleft,extracellular region,basement membrane,synapse,laminin-3 complex,laminin complex	cell adhesion,axon guidance,animal organ morphogenesis,tissue development,cell migration,substrate adhesion-dependent cell spreading,basement membrane assembly	integrin binding,Requires Ontology	50	0.2736192199194647	4.257565031493603	NA	NA	NA	14.995924949646	NA	28.2913780212402	NA	19.5301818847656	20.2250080108643	15.2774744033813	NA	NA	NA	14.995924949645996	NA	28.29137802124023	NA	19.530181884765625	20.225008010864254	15.277474403381348	NaN	NaN	NaN	0.5	NaN	0.6	NaN	0.2	0.2	0.4	80	20	TRUE
1.7206814284502926e-50	5.2842530687164905e-39	F7BME5	F7BME5	CRK	Equus caballus	Adapter molecule crk	5	5	cytoplasm,cytosol,neuromuscular junction,plasma membrane,actin cytoskeleton,membrane,macromolecular complex	enzyme linked receptor protein signaling pathway,cell proliferation,regulation of cell shape,regulation of signal transduction,cell migration,actin cytoskeleton organization,regulation of actin cytoskeleton organization,positive regulation of Rac protein signal transduction,ephrin receptor signaling pathway,negative regulation of wound healing,Requires Ontology,positive regulation of substrate adhesion-dependent cell spreading,regulation of intracellular signal transduction,regulation of cell motility,negative regulation of cell motility	phosphotyrosine binding,receptor binding,SH3 domain binding,enzyme binding,kinase binding,receptor signaling complex scaffold activity,protein binding, bridging,receptor tyrosine kinase binding,ubiquitin protein ligase binding,signaling adaptor activity,SH2 domain binding,protein phosphorylated amino acid binding,protein tyrosine kinase binding	80	0.38040615002743366	4.718663741742024	NA	NA	29.9532604217529	51.4993743896484	18.2290306091309	28.2028255462646	23.4047431945801	18.8450927734375	23.2510585784912	28.4071369171143	NA	NA	29.95326042175293	51.49937438964844	18.22903060913086	28.20282554626465	23.40474319458008	18.8450927734375	23.25105857849121	28.407136917114254	NaN	NaN	4.4	8	2.3	4	1.9	1	1.1	1.4	40	0	TRUE
3.5330009571701185e-281	0	F7BN14	F7BN14	IFI30	Equus caballus	Gamma-interferon-inducible lysosomal thiol reductase	4	4	lysosome,extracellular region	immune system process,antigen processing and presentation of exogenous peptide antigen via MHC class I	oxidoreductase activity,oxidoreductase activity, acting on a sulfur group of donors,oxidoreductase activity, acting on a sulfur group of donors, disulfide as acceptor	60	0.5106250279561391	5.429422803211238	24.2547817230225	NA	67.0090560913086	36.7755393981934	46.156566619873	26.8009090423584	NA	86.6247100830078	NA	NA	24.25478172302246	NA	67.0090560913086	36.77553939819336	46.15656661987305	26.8009090423584	NA	86.62471008300781	NA	NA	4.6	NaN	16.8	8.8	11.1	3.9	NaN	5.7	NaN	NaN	20	60	TRUE
0	0	F7BN45	F7BN45	UMOD	Equus caballus	Uromodulin	44	118	extracellular space,cell surface,apical plasma membrane,spindle pole,extracellular region,endoplasmic reticulum,plasma membrane,cilium,membrane,basolateral plasma membrane,ciliary membrane,side of membrane	immune system process,heterophilic cell-cell adhesion via plasma membrane cell adhesion molecules,leukocyte cell-cell adhesion,innate immune response,ion homeostasis,defense response to Gram-negative bacterium,metanephric ascending thin limb development,metanephric distal convoluted tubule development,metanephric thick ascending limb development,Requires Ontology,neutrophil migration	calcium ion binding,IgG binding	100	0.7056533714480765	15.57675837279766	42525.5234375	5869.18896484375	72160.1328125	12699.37109375	38123.03515625	79191.84375	66495.1328125	83888.203125	165193.921875	122195.4453125	42525.5234375	5869.18896484375	72160.1328125	12699.37109375	38123.03515625	79191.84375	66495.1328125	83888.203125	165193.921875	122195.4453125	29452	3983.3	37274.898	8874.1	21619.301	41854.602	43713.199	45049.898	62547.102	51152.602	0	0	TRUE
0	0	F7BP93	F7BP93	NA	Equus caballus	IF rod domain-containing protein	3	6	keratin filament,intermediate filament	keratinization,intermediate filament organization	structural constituent of epidermis	100	0.3684032489690027	7.711691263039666	235.449249267578	319.537689208984	184.881011962891	219.143035888672	200.392211914062	102.335594177246	229.186416625977	379.684295654297	246.075653076172	122.426879882812	235.44924926757812	319.5376892089844	184.88101196289065	219.14303588867188	200.3922119140625	102.3355941772461	229.18641662597656	379.6842956542969	246.07565307617188	122.4268798828125	18.3	17.2	18.2	16.9	19.6	8.7	17.9	46.2	26.2	10.4	0	0	TRUE
0	0	F7BPX8	F7BPX8	CTSV	Equus caballus	Cathepsin V	15	16	extracellular space,lysosome	proteolysis,proteolysis involved in cellular protein catabolic process	cysteine-type endopeptidase activity,peptidase activity,cysteine-type peptidase activity,hydrolase activity	70	0.5435548398501496	5.474552162675799	NA	NA	34.9823303222656	38.7066459655762	103.614112854004	45.5946769714355	NA	63.7702369689941	39.3639068603516	21.3967266082764	NA	NA	34.982330322265625	38.70664596557617	103.6141128540039	45.59467697143555	NA	63.77023696899414	39.36390686035156	21.396726608276367	NaN	NaN	4.9	9.3	33.9	14	NaN	13.1	2.3	2.6	40	20	TRUE
0	0	F7BQD6	F7BQD6	C1S	Equus caballus	Complement C1s	8	8	extracellular region	proteolysis,complement activation,complement activation, classical pathway	serine-type endopeptidase activity,calcium ion binding,peptidase activity,serine-type peptidase activity,hydrolase activity,metal ion binding	80	0.4633151802841489	4.212961665563162	NA	NA	17.7118530273438	25.3412170410156	22.9253330230713	8.19981670379639	39.5942306518555	13.2680587768555	18.436616897583	17.1194915771484	NA	NA	17.71185302734375	25.341217041015625	22.92533302307129	8.199816703796387	39.59423065185547	13.268058776855469	18.436616897583008	17.119491577148438	NaN	NaN	2.3	4.4	2.7	0.2	0.7	1.6	0.3	2.3	40	0	TRUE
1.1204133682861898e-291	0	F7BVG5	F7BVG5	NBL1	Equus caballus	Neuroblastoma suppressor of tumorigenicity 1	4	4	extracellular space,extracellular region	signal transduction,negative regulation of BMP signaling pathway,sequestering of extracellular ligand from receptor,sequestering of BMP from receptor via BMP binding	BMP binding,receptor agonist activity	80	1.0177815496953453	5.234123685385639	8.58417415618896	NA	58.271354675293	182.456848144531	NA	38.7161750793457	17.21897315979	49.9520072937012	31.3437194824219	42.277458190918	8.584174156188965	NA	58.27135467529297	182.45684814453125	NA	38.7161750793457	17.21897315979004	49.95200729370117	31.343719482421875	42.27745819091797	1.5	NaN	26.9	104.4	NaN	17	5.9	18.5	5.4	7.3	40	0	TRUE
0	0	F7BXV9	F7BXV9	LAMA5	Equus caballus	Laminin subunit alpha 5	7	8	basement membrane,neuromuscular junction,synaptic cleft,extracellular matrix of synaptic cleft,glutamatergic synapse,extracellular region,extracellular space,extracellular matrix,laminin-10 complex	cell adhesion,integrin-mediated signaling pathway,axon guidance,animal organ morphogenesis,tissue development,cell migration,regulation of cell adhesion,regulation of cell migration,substrate adhesion-dependent cell spreading,regulation of embryonic development,skeletal system morphogenesis,system development,Requires Ontology	receptor binding,integrin binding,extracellular matrix structural constituent,receptor agonist activity	80	0.4188597464514324	5.193665005923014	NA	NA	23.5623588562012	19.1441097259521	35.0116195678711	28.4608192443848	66.6442565917969	48.6766128540039	56.77587890625	38.8714866638184	NA	NA	23.562358856201172	19.14410972595215	35.011619567871094	28.46081924438477	66.644256591796875	48.676612854003906	56.77587890625	38.87148666381836	NaN	NaN	0.2	0.3	0.7	0.4	1.2	1	1.2	0.9	40	0	TRUE
3.4633098470552e-294	0	F7BY80	F7BY80	HYI	Equus caballus	Putative hydroxypyruvate isomerase	9	14	NA	glyoxylate metabolic process	hydroxypyruvate isomerase activity,isomerase activity	80	0.760628713106356	5.5809844419954375	NA	NA	45.2414894104004	49.3455619812012	41.4264678955078	159.338256835938	20.990535736084	82.6560974121094	18.8959197998047	57.0558738708496	NA	NA	45.24148941040039	49.34556198120117	41.42646789550781	159.3382568359375	20.990535736083984	82.656097412109375	18.895919799804688	57.05587387084961	NaN	NaN	16.6	32	17.3	86.6	8.7	39.9	4.7	17.3	40	0	TRUE
2.2981802034245823e-269	0	F7C2J3	F7C2J3	CILP	Equus caballus	Cartilage intermediate layer protein	9	9	extracellular space,extracellular matrix	negative regulation of gene expression,negative regulation of transforming growth factor beta receptor signaling pathway,negative regulation of insulin-like growth factor receptor signaling pathway,negative regulation of SMAD protein import into nucleus	NA	80	0.6565100600370656	4.72261044144256	NA	NA	28.1690559387207	5.6570873260498	28.0267715454102	76.2177886962891	49.2467384338379	16.8142471313477	25.1807632446289	33.2706146240234	NA	NA	28.169055938720703	5.657087326049805	28.026771545410156	76.21778869628906	49.24673843383789	16.814247131347656	25.180763244628903	33.27061462402344	NaN	NaN	1.9	0.2	1.9	5.6	2.5	0.9	1.7	2.4	40	0	TRUE
0	0	F7C3C6	F7C3C6	ACAN	Equus caballus	Aggrecan core protein	30	43	extracellular space,synapse,perineuronal net,perisynaptic extracellular matrix,glutamatergic synapse,GABA-ergic synapse,basement membrane,extracellular matrix	skeletal system development,cell adhesion,central nervous system development	hyaluronic acid binding,metal ion binding	90	1.385306225664814	6.5506922551191265	90.7039184570312	NA	141.054626464844	16.4259757995605	31.6775302886963	30.9013385772705	431.380615234375	848.111694335938	144.635467529297	51.3726654052734	90.70391845703124	NA	141.05462646484375	16.425975799560547	31.67753028869629	30.901338577270508	431.380615234375	848.1116943359375	144.63546752929688	51.37266540527344	15.6	NaN	14.1	2.3	1.7	1.9	47.3	161.2	11.5	3.6	20	0	TRUE
0	0	F7C3F9	F7C3F9	HMCN2	Equus caballus	Hemicentin 2	35	42	neuronal cell body membrane,extracellular region,basement membrane,cell cortex,cell junction,cleavage furrow	homophilic cell adhesion via plasma membrane adhesion molecules	calcium ion binding	80	0.5834850724187396	7.06096983367176	NA	NA	104.940361022949	33.9883728027344	134.993438720703	86.8748092651367	317.108428955078	153.942993164062	186.680236816406	265.072235107422	NA	NA	104.94036102294922	33.988372802734375	134.99343872070312	86.87480926513672	317.1084289550781	153.9429931640625	186.68023681640625	265.0722351074219	NaN	NaN	7.2	3.1	9.5	4.3	14.3	9.1	8.8	14.6	40	0	TRUE
0	0	F7C456	F7C456	NA	Equus caballus	UPAR/Ly6 domain-containing protein	11	16	plasma membrane raft,plasma membrane	leukocyte cell-cell adhesion,positive regulation of neutrophil degranulation,cell-cell junction maintenance,regulation of integrin-mediated signaling pathway	NA	80	0.38476155017338715	8.455752212780222	NA	NA	345.789916992188	357.926971435547	575.825927734375	198.112289428711	235.349990844727	365.77490234375	317.907318115234	597.643798828125	NA	NA	345.7899169921875	357.9269714355469	575.825927734375	198.11228942871097	235.34999084472656	365.77490234375	317.9073181152344	597.643798828125	NaN	NaN	70.6	74.1	131.2	37	47.1	75.1	63.8	137	40	0	TRUE
0	0	F7CCP9	F7CCP9	CILP2	Equus caballus	Cartilage intermediate layer protein 2	22	38	extracellular space	NA	NA	80	0.8534633591048072	6.6746305397643475	NA	NA	382.734649658203	83.966552734375	16.232063293457	303.67529296875	104.942085266113	154.409744262695	118.623573303223	38.951961517334	NA	NA	382.7346496582031	83.966552734375	16.23206329345703	303.67529296875	104.94208526611328	154.4097442626953	118.62357330322266	38.951961517333984	NaN	NaN	63.8	12.3	0.6	49.1	9.8	27	22.6	3.6	40	0	TRUE
0	0	F7CJ64	F7CJ64	KRT82	Equus caballus	Keratin 82	10	13	keratin filament,intermediate filament	keratinization,intermediate filament organization	structural constituent of epidermis	100	0.6378361284752729	10.151364903313112	1023.13793945312	2585.17944335938	1412.57690429688	816.603271484375	748.427062988281	552.906372070312	1274.23913574219	2882.78198242188	2243.88427734375	347.809112548828	1023.137939453125	2585.179443359375	1412.576904296875	816.603271484375	748.42706298828125	552.9063720703125	1274.2391357421875	2882.781982421875	2243.88427734375	347.8091125488281	53.1	107	71.1	41.7	38.6	28.6	64.7	145.5	110.1	22.1	0	0	TRUE
0	0	F7CJW5	F7CJW5	ARSA	Equus caballus	Arylsulfatase A	8	12	plasma membrane,membrane	NA	arylsulfatase activity,hydrolase activity,metal ion binding	90	0.7892745308850644	6.2476249253565275	27.5765800476074	NA	77.1202087402344	35.9749984741211	70.3835525512695	98.3751525878906	79.6800689697266	220.402114868164	38.3251113891602	236.803253173828	27.576580047607425	NA	77.120208740234375	35.974998474121094	70.38355255126953	98.375152587890625	79.68006896972656	220.4021148681641	38.32511138916016	236.80325317382812	7.2	NaN	42.3	17.1	38.4	55.4	41.9	121.3	15.5	134	20	0	TRUE
0	0	F7CKI7	F7CKI7	FBN1	Equus caballus	Fibrillin 1	53	67	extracellular region,extracellular matrix,microfibril,basement membrane,extracellular space	skeletal system development,glucose metabolic process,signal transduction,heart development,negative regulation of transforming growth factor beta receptor signaling pathway,negative regulation of BMP signaling pathway,cell adhesion mediated by integrin,glucose homeostasis,camera-type eye development,negative regulation of osteoclast differentiation,embryonic eye morphogenesis,post-embryonic eye morphogenesis,system development,negative regulation of osteoclast development	integrin binding,hormone activity,extracellular matrix structural constituent,calcium ion binding,heparin binding,identical protein binding,macromolecular complex binding	90	0.5864104522179765	8.307214886991206	113.838310241699	NA	328.390899658203	156.043121337891	617.355651855469	176.761306762695	364.126251220703	750.520324707031	333.050598144531	554.00830078125	113.83831024169922	NA	328.3908996582031	156.04312133789062	617.35565185546875	176.7613067626953	364.1262512207031	750.52032470703125	333.05059814453125	554.00830078125	6.7	NaN	18.6	8.1	39.8	10.6	25.3	48.6	25.3	36.8	20	0	TRUE
0.00551552486577669	0.03684971109032631	F7CN19	F7CN19	PLXDC1	Equus caballus	Plexin domain containing 1	2	2	membrane	NA	NA	50	0.27364973284849464	4.031574754683569	NA	NA	18.7278747558594	NA	NA	12.3206853866577	20.8549861907959	21.0307579040527	NA	11.5594310760498	NA	NA	18.727874755859375	NA	NA	12.320685386657717	20.8549861907959	21.030757904052734	NA	11.559431076049805	NaN	NaN	1.4	NaN	NaN	0.4	0.8	1.5	NaN	0.4	80	20	TRUE
3.595338437166939e-274	0	F7CNQ3	F7CNQ3	MEGF9	Equus caballus	Multiple EGF like domains 9	5	5	basement membrane,membrane,laminin complex	axon guidance,animal organ morphogenesis,tissue development,cell migration,substrate adhesion-dependent cell spreading,basement membrane assembly	NA	80	0.5677581915552811	5.118441260946532	23.0040798187256	NA	29.9247035980225	NA	23.4483547210693	28.6017379760742	42.8837928771973	88.7471923828125	44.610179901123	27.0528793334961	23.004079818725582	NA	29.92470359802246	NA	23.448354721069336	28.60173797607422	42.883792877197266	88.7471923828125	44.61017990112305	27.052879333496097	2.4	NaN	3	NaN	2.1	3.3	2.9	11.5	6.7	3.5	40	0	TRUE
5.2286616746282135e-83	0	F7CPZ3	F7CPZ3	CLSTN1	Equus caballus	Calsyntenin 1	2	3	cell surface,postsynaptic density membrane,postsynaptic endosome,glutamatergic synapse,Golgi membrane,extracellular region,nucleus,cytoplasm,endoplasmic reticulum membrane,postsynaptic density,membrane,neuron projection,postsynaptic membrane,macromolecular complex	negative regulation of transcription from RNA polymerase II promoter,cell adhesion,homophilic cell adhesion via plasma membrane adhesion molecules,negative regulation of cell proliferation,Wnt signaling pathway,positive regulation of synaptic transmission,positive regulation of synapse assembly,negative regulation of canonical Wnt signaling pathway,regulation of synapse maturation,neurotransmitter receptor transport to postsynaptic membrane	beta-amyloid binding,calcium ion binding,beta-catenin binding,kinesin binding,X11-like protein binding,protein binding involved in cell-cell adhesion	50	0.48451852602866335	2.6860925145604977	8.82574367523193	NA	5.17263317108154	10.481481552124	10.2917652130127	2.24179840087891	NA	NA	NA	NA	8.825743675231934	NA	5.172633171081543	10.481481552124023	10.291765213012695	2.2417984008789062	NA	NA	NA	NA	0.2	NaN	0.4	1.4	1.9	0.2	NaN	0	NaN	NaN	20	80	TRUE
0	0	F7CTX0	F7CTX0	CXCL16	Equus caballus	C-X-C motif chemokine 16	5	10	extracellular space,membrane	receptor-mediated endocytosis,chemotaxis,signal transduction,T cell chemotaxis,positive regulation of cell growth,positive regulation of cell migration,response to cytokine,response to interferon-gamma,response to tumor necrosis factor,lymphocyte chemotaxis	low-density lipoprotein receptor activity,scavenger receptor activity,cytokine activity,chemokine activity	80	0.9503749837251396	7.640040721368627	213.766250610352	NA	60.8698043823242	202.004302978516	226.15559387207	NA	141.091567993164	401.6796875	85.8248825073242	866.858581542969	213.76625061035156	NA	60.86980438232422	202.0043029785156	226.1555938720703	NA	141.09156799316406	401.6796875	85.82488250732422	866.85858154296875	79.9	NaN	20.1	74.4	81.6	NaN	55.9	187.9	27.1	346.9	20	20	TRUE
0	0	F7CU94	F7CU94	LYZ	Equus caballus	lysozyme	7	9	extracellular space,Golgi apparatus	killing of cells of other organism,defense response to bacterium,defense response to Gram-negative bacterium,defense response to Gram-positive bacterium	lysozyme activity,catalytic activity,hydrolase activity,hydrolase activity, acting on glycosyl bonds,identical protein binding,metal ion binding	90	1.3131202226439291	5.125019395284543	NA	25.8887310028076	11.3492832183838	92.3580627441406	251.087432861328	16.7323322296143	26.7855644226074	56.9450912475586	15.1394338607788	29.1513652801514	NA	25.888731002807617	11.349283218383787	92.358062744140625	251.08743286132812	16.732332229614258	26.785564422607425	56.945091247558594	15.139433860778809	29.151365280151367	NaN	5.4	1.3	49.1	130.9	4	3	25.9	3.9	10.6	20	0	TRUE
7.35227014641389e-277	0	F7CW51	F7CW51	SDCBP	Equus caballus	Syndecan binding protein	8	9	cytoplasm,plasma membrane,nucleus	positive regulation of transforming growth factor beta receptor signaling pathway	lipid binding,syndecan binding	70	0.48294258256634626	5.374006100335106	NA	NA	56.8145980834961	37.4794731140137	NA	89.0689010620117	29.7337951660156	36.3229789733887	39.3048324584961	26.2000408172607	NA	NA	56.814598083496094	37.47947311401367	NA	89.06890106201172	29.733795166015625	36.32297897338867	39.304832458496094	26.200040817260746	NaN	NaN	20.8	9.7	NaN	37.2	5.8	15.4	9.5	1.7	60	0	TRUE
7.748753361840263e-129	0	F7CXP1	F7CXP1	FGFR2	Equus caballus	Fibroblast growth factor receptor	3	3	plasma membrane,nucleus,cytoplasm,Golgi apparatus,cell cortex,cell surface,membrane,cytoplasmic vesicle,receptor complex	angiogenesis,apoptotic process,positive regulation of cell proliferation,fibroblast growth factor receptor signaling pathway,negative regulation of keratinocyte proliferation,regulation of osteoblast proliferation,chordate embryonic development,positive regulation of MAPK cascade,regulation of cell differentiation,embryonic organ morphogenesis,embryonic cranial skeleton morphogenesis,skeletal system morphogenesis,negative regulation of epithelial cell proliferation,cranial skeletal system development	nucleotide binding,protein kinase activity,protein tyrosine kinase activity,transmembrane receptor protein tyrosine kinase activity,fibroblast growth factor-activated receptor activity,ATP binding,kinase activity,transferase activity,fibroblast growth factor binding,protein homodimerization activity	90	0.6810564980512949	3.6673004174812616	4.52788209915161	NA	9.65738105773926	8.79011535644531	34.6075439453125	18.7391223907471	9.3420467376709	30.3796367645264	10.9738597869873	11.1084575653076	4.527882099151611	NA	9.657381057739258	8.7901153564453125	34.6075439453125	18.73912239074707	9.342046737670898	30.379636764526367	10.973859786987305	11.108457565307615	0.1	NaN	0.2	0.4	1.6	0.9	0.2	1.6	0	0.5	20	0	TRUE
0	0	F7CYR1	F7CYR1	SERPINC1	Equus caballus	Antithrombin-III	34	74	extracellular space,extracellular region	blood coagulation,hemostasis,regulation of blood coagulation	serine-type endopeptidase inhibitor activity,heparin binding,peptidase inhibitor activity	80	1.0961921107130728	8.997899951304268	136.469024658203	NA	3829.12744140625	2418.30615234375	2010.27160644531	1303.54943847656	NA	308.188110351562	72.4689025878906	63.1113204956055	136.46902465820312	NA	3829.12744140625	2418.30615234375	2010.2716064453125	1303.5494384765625	NA	308.1881103515625	72.468902587890625	63.11132049560547	67.5	NaN	1505.5	920	787.4	466.7	NaN	106	17.4	14.1	20	20	TRUE
2.3214660383517537e-113	0	F7CZH3	F7CZH3	TXNDC5	Equus caballus	protein disulfide-isomerase	5	7	endoplasmic reticulum,cytoplasm,endoplasmic reticulum lumen,endomembrane system,intracellular organelle lumen	protein folding	protein disulfide isomerase activity,protein disulfide oxidoreductase activity,oxidoreductase activity,isomerase activity	60	0.44219653688181926	3.497026843432154	NA	NA	17.4091529846191	13.8587198257446	NA	5.84881496429443	14.861065864563	17.9606113433838	NA	5.49946117401123	NA	NA	17.40915298461914	13.858719825744627	NA	5.848814964294434	14.861065864562988	17.96061134338379	NA	5.4994611740112305	NaN	NaN	2.1	8	NaN	0.4	1.6	4.5	NaN	0.7	60	20	TRUE
0	0	F7CZW9	F7CZW9	SERPING1	Equus caballus	Serpin family G member 1	15	18	extracellular space,extracellular region	negative regulation of complement activation, lectin pathway,blood coagulation,hemostasis,fibrinolysis	serine-type endopeptidase inhibitor activity,peptidase inhibitor activity	80	0.27934541420805165	7.135671636764912	NA	NA	201.559997558594	138.891311645508	126.490798950195	160.159286499023	134.922760009766	107.837379455566	203.180084228516	91.1976089477539	NA	NA	201.55999755859375	138.8913116455078	126.49079895019533	160.15928649902344	134.92276000976562	107.8373794555664	203.1800842285156	91.1976089477539	NaN	NaN	51.1	31.8	29.6	31	34.2	22.2	46.5	21.3	40	0	TRUE
0	0	F7D216	F7D216	NA	Equus caballus	Kazal-like domain-containing protein	4	5	acrosomal vesicle,extracellular region	spermatid development	serine-type endopeptidase inhibitor activity,peptidase inhibitor activity	90	0.6651120290930628	6.162159957627507	9.2702169418335	NA	119.943519592285	16.4588432312012	139.772659301758	79.2239685058594	125.113800048828	64.6839065551758	133.584686279297	226.126739501953	9.270216941833496	NA	119.94351959228516	16.458843231201172	139.7726593017578	79.223968505859375	125.11380004882812	64.68390655517578	133.58468627929688	226.12673950195312	7.8	NaN	43.3	9.3	73.1	39	72.3	39.4	67.4	120.1	20	0	TRUE
0	0	F7D281	F7D281	NA	Equus caballus	IF rod domain-containing protein	13	17	keratin filament,intermediate filament	keratinization,intermediate filament organization	structural constituent of epidermis	100	0.5180860750311588	12.024110343919538	3963.78125	5737.6767578125	3887.19116210938	3053.62182617188	3337.57592773438	1900.03356933594	5954.29150390625	8755.6474609375	8453.70703125	2082.20727539062	3963.78125	5737.6767578125	3887.191162109375	3053.621826171875	3337.575927734375	1900.0335693359375	5954.29150390625	8755.6474609375	8453.70703125	2082.207275390625	466	758.8	322.2	319	337.1	146	795	779	772.2	228.6	0	0	TRUE
2.5834098779366244e-78	0	F7D7I2	F7D7I2	SERPINB12	Equus caballus	Serpin family B member 12	3	3	cornified envelope,extracellular space	NA	serine-type endopeptidase inhibitor activity,peptidase inhibitor activity	90	0.5361969753758042	4.171982103407205	4.49987602233887	28.7738990783691	8.29434585571289	23.8199462890625	17.8192348480225	NA	33.5238914489746	38.5405006408691	26.9935855865479	12.6381120681763	4.499876022338867	28.77389907836914	8.29434585571289	23.8199462890625	17.81923484802246	NA	33.52389144897461	38.54050064086914	26.99358558654785	12.63811206817627	0.1	1.3	0.7	3.2	2.6	NaN	4.8	5.6	3.5	1.9	0	20	TRUE
0	0	F7DGR1	F7DGR1	F12	Equus caballus	Coagulation factor XII	10	11	extracellular space,extracellular region	plasma kallikrein-kinin cascade,Factor XII activation,proteolysis,blood coagulation,hemostasis,positive regulation of plasminogen activation,protein processing,protein autoprocessing,positive regulation of blood coagulation,zymogen activation,fibrinolysis,response to misfolded protein,positive regulation of fibrinolysis	serine-type endopeptidase activity,calcium ion binding,peptidase activity,serine-type peptidase activity,hydrolase activity	80	0.907281287337396	5.879585959636695	NA	NA	75.4260330200195	25.6564254760742	41.1671524047851	16.9408359527588	90.5160980224609	245.519805908203	70.4956893920898	68.277229309082	NA	NA	75.42603302001953	25.65642547607422	41.16715240478515	16.94083595275879	90.51609802246094	245.51980590820312	70.49568939208984	68.27722930908203	NaN	NaN	7.9	4.9	4.2	0.9	9.6	28.5	7.6	7.6	40	0	TRUE
0	0	F7DGV7	F7DGV7	MIEN1	Equus caballus	Migration and invasion enhancer 1	4	5	cytosol,plasma membrane	apoptotic process	NA	80	0.5970293877345587	5.905791528148111	NA	NA	64.2232055664062	13.8866100311279	62.5849113464355	26.8149452209473	130.426345825195	140.006500244141	69.5344009399414	87.8446197509766	NA	NA	64.22320556640625	13.88661003112793	62.58491134643555	26.814945220947266	130.4263458251953	140.00650024414062	69.5344009399414	87.84461975097656	NaN	NaN	105.3	5.3	88.3	10	172.4	140.9	90.8	115.7	40	0	TRUE
0	0	F7DI80	F7DI80	FOLR1	Equus caballus	Folate receptor-like domain-containing protein	6	9	NA	NA	NA	80	0.6436964714438527	7.213991462611435	NA	NA	98.7074127197266	120.845626831055	131.822769165039	74.9817428588867	214.783432006836	107.192832946777	209.659225463867	414.777679443359	NA	NA	98.70741271972656	120.84562683105467	131.82276916503906	74.98174285888672	214.7834320068359	107.19283294677734	209.6592254638672	414.7776794433594	NaN	NaN	30.4	30	37.4	27.6	84.2	35.7	73.2	168.3	40	0	TRUE
1.068298550626525e-214	0	F7DJ83	F7DJ83	MPZL1	Equus caballus	Myelin protein zero like 1	2	2	plasma membrane,membrane	NA	identical protein binding	60	0.40833412780184686	4.807340077143471	NA	NA	NA	18.6666049957275	51.988655090332	NA	33.0036506652832	22.9239921569824	21.8106689453125	30.0902805328369	NA	NA	NA	18.66660499572754	51.98865509033203	NA	33.0036506652832	22.923992156982425	21.8106689453125	30.09028053283691	NaN	NaN	NaN	2.8	7.9	NaN	5.1	3.5	3.5	4.6	60	20	TRUE
0	0	F7DRG2	F7DRG2	GPC1	Equus caballus	Glypican-1	13	14	cell surface,extracellular matrix,synapse,extracellular region,plasma membrane,side of membrane	regulation of signal transduction,cell migration,negative regulation of fibroblast growth factor receptor signaling pathway,regulation of protein localization to membrane	fibroblast growth factor binding	70	0.7639446632993516	7.046062369396572	NA	NA	48.9309043884277	28.1221771240234	95.5439682006836	136.650497436523	NA	340.221618652344	319.149627685547	360.852691650391	NA	NA	48.930904388427734	28.12217712402344	95.5439682006836	136.65049743652344	NA	340.22161865234375	319.1496276855469	360.8526916503906	NaN	NaN	9.9	6	4.6	19.1	NaN	15.7	16.5	18.1	40	20	TRUE
0	0	F7DRS2	F7DRS2	SERPINA6	Equus caballus	Corticosteroid-binding globulin	14	24	extracellular space,extracellular region	NA	serine-type endopeptidase inhibitor activity,steroid binding,lipid binding,Requires Ontology	80	1.464339548261222	7.245372309323886	NA	NA	1554.84143066406	155.184005737305	18.4894256591797	1255.22192382812	45.6230621337891	143.866882324219	127.102165222168	60.1339797973633	NA	NA	1554.8414306640625	155.1840057373047	18.489425659179688	1255.221923828125	45.62306213378906	143.86688232421875	127.10216522216795	60.13397979736328	NaN	NaN	523.7	50.4	2.4	430.7	14.5	51.8	50.5	16.9	40	0	TRUE
3.583154256870355e-292	0	F7DS10	F7DS10	C7H11orf54	Equus caballus	Chromosome 7 C11orf54 homolog	8	10	nucleus	NA	hydrolase activity,metal ion binding	70	0.5765300514002857	5.784238336191365	NA	NA	117.004356384277	14.7335023880005	47.8586006164551	50.4810218811035	49.2301254272461	64.6580657958984	NA	116.454124450684	NA	NA	117.00435638427734	14.733502388000488	47.85860061645508	50.48102188110352	49.230125427246094	64.65806579589844	NA	116.4541244506836	NaN	NaN	34.6	2.1	13.2	15.4	3	20.4	NaN	33.7	40	20	TRUE
0	0	F7DSZ5	F7DSZ5	SULF2	Equus caballus	Extracellular sulfatase	3	7	extracellular space,cell surface,extracellular region,endoplasmic reticulum,Golgi apparatus,Golgi stack,plasma membrane	kidney development,chondrocyte development,glomerular filtration,positive regulation of vascular endothelial growth factor production,esophagus smooth muscle contraction,positive regulation of Wnt signaling pathway,heparan sulfate proteoglycan catabolic process,heparan sulfate proteoglycan metabolic process,glomerular basement membrane development,glial cell-derived neurotrophic factor receptor signaling pathway,negative regulation of fibroblast growth factor receptor signaling pathway,embryonic skeletal system development,cartilage development,bone development,innervation	arylsulfatase activity,calcium ion binding,N-acetylglucosamine-6-sulfatase activity,sulfuric ester hydrolase activity,hydrolase activity,metal ion binding	80	1.5607637140299475	8.235672861237306	NA	NA	31.7532501220703	34.5429878234863	24.8312110900879	568.075866699219	7080.72509765625	115.284172058105	3683.63671875	1464.873046875	NA	NA	31.753250122070312	34.54298782348633	24.83121109008789	568.07586669921875	7080.72509765625	115.28417205810548	3683.63671875	1464.873046875	NaN	NaN	0.7	1	0.6	41.5	264.5	3.5	149.8	59.7	40	0	TRUE
0	0	F7DTU0	F7DTU0	GPA33	Equus caballus	Glycoprotein A33	7	11	plasma membrane,membrane	NA	NA	80	0.7064375755561547	7.377538844980763	NA	NA	113.98307800293	41.2811660766602	96.2891159057617	82.9436798095703	425.974700927734	407.829650878906	262.830902099609	340.715606689453	NA	NA	113.98307800292967	41.28116607666016	96.28911590576172	82.94367980957031	425.9747009277344	407.82965087890625	262.8309020996094	340.7156066894531	NaN	NaN	29.2	3.2	27.4	20	110	108.6	76.1	100.9	40	0	TRUE
0	0	F7DUF2	F7DUF2	LOC100062179	Equus caballus	Pepsin A	6	9	NA	proteolysis,digestion	aspartic-type endopeptidase activity,peptidase activity,hydrolase activity	100	1.3601589361300153	7.735345214232571	140.71516418457	148.92219543457	2088.13452148438	751.205993652344	367.094573974609	948.208618164062	38.8137588500977	176.70166015625	57.1435508728027	43.054256439209	140.7151641845703	148.9221954345703	2088.134521484375	751.20599365234375	367.0945739746094	948.2086181640624	38.813758850097656	176.70166015625	57.143550872802734	43.054256439208984	57.8	49.5	992.8	344	161.4	479.3	13.6	81.3	36	16	0	0	TRUE
0	0	F7DVQ8	F7DVQ8	TFF3	Equus caballus	Trefoil factor 3	5	5	extracellular space,extracellular region,cytoplasm,secretory granule	regulation of glucose metabolic process,maintenance of gastrointestinal epithelium	identical protein binding	60	0.6986755445908528	4.7071668058054295	NA	NA	NA	36.6825828552246	52.9353828430176	7.46859169006348	68.0031280517578	18.8656673431396	NA	17.074369430542	NA	NA	NA	36.68258285522461	52.93538284301758	7.468591690063477	68.00312805175781	18.86566734313965	NA	17.074369430541992	NaN	NaN	NaN	22.4	40.4	1.6	37	3.9	NaN	12.3	60	20	TRUE
1.313366221371957e-177	0	F7DXY0	F7DXY0	NA	Equus caballus	Glutathione hydrolase	6	6	plasma membrane,membrane,vesicle	regulation of immune system process,glutathione metabolic process,glutathione biosynthetic process,glutathione catabolic process,cysteine biosynthetic process,peptide modification,regulation of inflammatory response	transferase activity,transferase activity, transferring acyl groups,hydrolase activity,glutathione hydrolase activity,Requires Ontology	70	0.7851626112144341	4.839373153280031	NA	NA	58.4122695922851	43.6329956054688	12.0939798355103	94.3297805786133	NA	7.88372898101807	34.5356941223145	19.9084892272949	NA	NA	58.41226959228515	43.63299560546875	12.093979835510254	94.32978057861328	NA	7.883728981018066	34.53569412231445	19.90848922729492	NaN	NaN	5.8	5.7	0.8	10.8	NaN	1.1	3.7	1.2	40	20	TRUE
0	0	F7DYB1	F7DYB1	LOC100051073	Equus caballus	Alpha-amylase	16	16	extracellular space	carbohydrate metabolic process	catalytic activity,alpha-amylase activity,amylase activity,hydrolase activity,hydrolase activity, acting on glycosyl bonds,cation binding,metal ion binding	70	0.7480841336129818	5.4718718023558415	NA	NA	32.1154632568359	46.3836364746094	104.236938476562	NA	26.3701572418213	41.5694732666016	15.8557243347168	125.663414001465	NA	NA	32.11546325683594	46.383636474609375	104.2369384765625	NA	26.37015724182129	41.56947326660156	15.855724334716797	125.66341400146484	NaN	NaN	5	9.9	28.1	NaN	2.8	6.6	2	20.9	40	20	TRUE
1.4342958821251185e-71	0	F7DZ01	F7DZ01	F5	Equus caballus	Coagulation factor V	3	5	extracellular space,platelet alpha granule,extracellular region	blood coagulation,hemostasis,blood circulation	copper ion binding,metal ion binding	60	0.6464533317868291	3.425347022192104	NA	NA	NA	18.5033550262451	7.25078296661377	3.05762195587158	25.7849178314209	NA	18.4442653656006	7.88037538528442	NA	NA	NA	18.503355026245117	7.2507829666137695	3.057621955871582	25.7849178314209	NA	18.444265365600582	7.880375385284424	NaN	NaN	NaN	0.2	0.3	0	3.3	NaN	0.9	0.1	60	20	TRUE
0	0	H9GZT5	H9GZT5	NA	Equus caballus	Ig-like domain-containing protein	20	46	immunoglobulin complex, circulating	complement activation, classical pathway,antibacterial humoral response	antigen binding,immunoglobulin receptor binding	100	0.7299052544060848	13.409403855377024	749.123718261719	3991.0849609375	33398.18359375	17854.875	28450.056640625	14508.1162109375	11799.7236328125	33391.234375	9050.35546875	8858.0791015625	749.12371826171875	3991.0849609375	33398.18359375	17854.875	28450.056640625	14508.1162109375	11799.7236328125	33391.234375	9050.35546875	8858.0791015625	130	724.4	6546.1	3370.2	5407.2	2808	2409.1	7345.9	1732.4	1903.4	0	0	TRUE
0	0	O02722	O02722	TIMP1	Equus caballus	Metalloproteinase inhibitor 1	8	17	extracellular space,extracellular matrix,extracellular region	signal transduction,positive regulation of cell proliferation,response to hormone,negative regulation of endopeptidase activity,response to cytokine,negative regulation of catalytic activity,negative regulation of membrane protein ectodomain proteolysis,cellular response to UV-A,regulation of integrin-mediated signaling pathway	enzyme inhibitor activity,cytokine activity,growth factor activity,metalloendopeptidase inhibitor activity,peptidase inhibitor activity,metal ion binding	80	1.8147052094126004	6.492626597448578	NA	NA	27.0240306854248	363.482788085938	1452.22692871094	9.69777297973633	78.5987777709961	103.900039672852	49.5344047546387	77.254524230957	NA	NA	27.024030685424805	363.4827880859375	1452.2269287109375	9.697772979736328	78.5987777709961	103.90003967285156	49.53440475463867	77.25452423095703	NaN	NaN	7.3	190.9	843.2	0.6	24.3	31.8	16.1	25.7	40	0	TRUE
0	0	O97508	O97508	TXN	Equus caballus	Thioredoxin	7	10	extracellular region,nucleus,cytoplasm	transcription, DNA-templated,response to radiation,cellular homeostasis,positive regulation of DNA binding	protein disulfide oxidoreductase activity	100	0.6793972059936686	5.8093580620579814	8.97888946533203	15.8333721160889	106.49242401123	149.818710327148	155.921539306641	106.69554901123	45.7992630004883	71.393684387207	34.0290641784668	73.2501983642578	8.978889465332031	15.833372116088867	106.49242401123048	149.81871032714844	155.92153930664062	106.69554901123048	45.79926300048828	71.39368438720703	34.0290641784668	73.25019836425781	4.3	12.1	113	157.2	191.8	95.3	23.7	70.4	16.7	70.3	0	0	TRUE
0	0	O97921	O97921	PTGDS	Equus caballus	Prostaglandin-H2 D-isomerase	5	10	extracellular space,extracellular region,rough endoplasmic reticulum,Golgi apparatus,nuclear membrane,perinuclear region of cytoplasm	prostaglandin biosynthetic process,lipid metabolic process,fatty acid metabolic process,fatty acid biosynthetic process,prostaglandin metabolic process,gene expression,cyclooxygenase pathway,mast cell degranulation,regulation of circadian sleep/wake cycle, sleep	prostaglandin-D synthase activity,retinoid binding,fatty acid binding,isomerase activity,small molecule binding	80	1.7000481091322088	7.958562433936485	NA	NA	217.370330810547	577.586059570312	2782.55053710938	72.6287460327148	150.720901489258	101.840507507324	124.470520019531	302.411987304688	NA	NA	217.37033081054688	577.5860595703125	2782.550537109375	72.62874603271484	150.7209014892578	101.84050750732422	124.47052001953124	302.4119873046875	NaN	NaN	98.6	323.2	1080.4	25.7	49.1	38.3	45.6	118.5	40	0	TRUE
0	0	P00443	P00443	SOD1	Equus caballus	Superoxide dismutase [Cu-Zn]	13	24	nucleus,mitochondrion,peroxisome,cytosol,cytoplasm	superoxide metabolic process,removal of superoxide radicals,reactive oxygen species metabolic process	superoxide dismutase activity,copper ion binding,antioxidant activity,oxidoreductase activity,metal ion binding	90	0.8236698151378347	8.612681216308179	79.7894058227539	NA	314.819061279297	1463.42395019531	848.886962890625	336.306579589844	275.007629394531	416.358184814453	211.413284301758	849.518310546875	79.7894058227539	NA	314.8190612792969	1463.4239501953125	848.886962890625	336.30657958984375	275.00762939453125	416.3581848144531	211.4132843017578	849.518310546875	30.1	NaN	189.8	787.9	409	171.1	148.6	239	96.7	438.7	20	0	TRUE
0	0	P00674	P00674	RNASE1	Equus caballus	Ribonuclease pancreatic	4	5	extracellular region	defense response to Gram-positive bacterium	nucleic acid binding,nuclease activity,endonuclease activity,ribonuclease A activity,ribonuclease activity,hydrolase activity,lyase activity	80	0.6125141762192781	5.107048737788661	NA	NA	19.9497489929199	20.9681549072266	58.3230972290039	19.9101638793945	33.0601348876953	32.0313911437988	42.9621505737305	90.0781326293945	NA	NA	19.94974899291992	20.96815490722656	58.323097229003906	19.91016387939453	33.06013488769531	32.03139114379883	42.96215057373047	90.07813262939452	NaN	NaN	7.5	8.9	25	5.9	6.4	6.2	14.1	43.1	40	0	TRUE
0	0	P01176	P01176	OXT	Equus caballus	Oxytocin-neurophysin 1 (Fragment)	6	6	extracellular space,secretory granule,extracellular region	maternal aggressive behavior,response to mechanical stimulus,response to food,intracellular signal transduction,response to external biotic stimulus,positive regulation of uterine smooth muscle contraction	hormone activity,neuropeptide hormone activity,neurohypophyseal hormone activity,oxytocin receptor binding	90	1.1791994525501537	6.839377769375342	NA	42.3113059997559	101.162086486816	28.1559047698975	58.0527038574219	38.4483070373535	656.276062011719	140.30354309082	621.582763671875	219.949615478516	NA	42.31130599975586	101.1620864868164	28.15590476989746	58.052703857421875	38.44830703735352	656.27606201171875	140.3035430908203	621.582763671875	219.9496154785156	NaN	14.6	52.8	9.5	22.9	19.5	371.7	72.5	377.3	115.7	20	0	TRUE
0	0	P01958	P01958	HBA	Equus caballus	Hemoglobin subunit alpha	11	21	hemoglobin complex,haptoglobin-hemoglobin complex	oxygen transport,erythrocyte development	oxygen transporter activity,iron ion binding,oxygen binding,heme binding,metal ion binding	60	2.2169253334752907	7.24551589697989	41.1521530151367	NA	7311.51171875	18.3612022399902	338.075653076172	204.600143432617	NA	NA	31.951042175293	NA	41.15215301513672	NA	7311.51171875	18.36120223999023	338.0756530761719	204.6001434326172	NA	NA	31.95104217529297	NA	28.2	NaN	4838.3	10.6	238	125.9	NaN	NaN	8.6	NaN	20	60	TRUE
0	0	P02801	P02801	NA	Equus caballus	Metallothionein-1B	3	9	nucleus,cytoplasm	cellular zinc ion homeostasis,detoxification of copper ion,negative regulation of growth,cellular response to cadmium ion,cellular response to copper ion,cellular response to zinc ion	zinc ion binding,metal ion binding	90	1.7897499343034564	5.094256388167925	11.5664215087891	NA	37.4281921386719	51.9071769714355	414.255737304688	12.1121139526367	27.286190032959	27.5708713531494	13.82106590271	54.0340003967285	11.566421508789062	NA	37.428192138671875	51.90717697143555	414.2557373046875	12.11211395263672	27.286190032958984	27.570871353149418	13.82106590270996	54.03400039672851	5.8	NaN	13.8	38.4	370.9	6.1	15.6	14.6	4.2	36.7	20	0	TRUE
0	0	P27425	P27425	TF	Equus caballus	Serotransferrin	59	115	extracellular space,early endosome,plasma membrane,recycling endosome,extracellular region	ion transport,iron ion transport,cellular iron ion homeostasis,antibacterial humoral response,negative regulation of multicellular organismal process	ferric iron binding,metal ion binding	100	1.2114990912790369	9.429987771405516	96.0939788818359	431.476837158203	3238.10791015625	5268.6201171875	1850.42785644531	5185.3525390625	115.879814147949	653.112426757812	246.759963989258	192.366317749023	96.09397888183594	431.4768371582031	3238.10791015625	5268.6201171875	1850.4278564453125	5185.3525390625	115.87981414794922	653.1124267578125	246.7599639892578	192.36631774902344	31.8	125.9	1201	2020.5	679.5	2135.7	29.8	265.5	92.1	63.4	0	0	TRUE
0	0	P30441	P30441	B2M	Equus caballus	Beta-2-microglobulin	7	15	lysosomal membrane,late endosome membrane,extracellular region,MHC class I protein complex,MHC class II protein complex	immune system process,antigen processing and presentation of peptide antigen via MHC class I,peptide antigen assembly with MHC class II protein complex,immune response,response to metal ion,antigen processing and presentation of exogenous peptide antigen via MHC class II,positive regulation of immune response,positive regulation of T cell activation	MHC class II protein complex binding,peptide antigen binding	90	1.3301285942210384	7.560425551739797	21.3109874725342	NA	148.276489257812	1485.66943359375	1075.716796875	80.0157241821289	281.229248046875	162.044311523438	156.019500732422	105.898384094238	21.31098747253418	NA	148.2764892578125	1485.66943359375	1075.716796875	80.0157241821289	281.229248046875	162.0443115234375	156.01950073242188	105.89838409423828	9.7	NaN	138.8	1825.6	1466.8	78	141.3	221.6	158.7	111.7	20	0	TRUE
0	0	P81634	P81634	SPINK1	Equus caballus	Serine protease inhibitor Kazal-type 1	3	11	extracellular region	NA	serine-type endopeptidase inhibitor activity,peptidase inhibitor activity	100	1.2428225760646134	8.564223232933596	450.26953125	87.3902359008789	97.223991394043	64.4556350708008	122.817276000977	302.211883544922	3207.81420898438	786.481079101562	2023.31652832031	1292.345703125	450.26953125	87.3902359008789	97.22399139404295	64.45563507080078	122.81727600097656	302.2118835449219	3207.814208984375	786.4810791015625	2023.3165283203125	1292.345703125	619.3	38.1	70.9	74.7	204.1	473	7734.3	1369.4	3114.2	2316.1	0	0	TRUE
0	0	Q28377	Q28377	FN1	Equus caballus	Fibronectin	68	128	extracellular region,basement membrane,extracellular space,endoplasmic reticulum-Golgi intermediate compartment,apical plasma membrane,extracellular matrix,extracellular exosome,fibrinogen complex	neural crest cell migration,acute-phase response,cell-substrate junction assembly,cell adhesion,cell-matrix adhesion,integrin-mediated signaling pathway,nervous system development,heart development,positive regulation of cell proliferation,regulation of cell shape,positive regulation of gene expression,response to muscle activity,integrin activation,substrate adhesion-dependent cell spreading,endodermal cell differentiation,endothelial cell migration,positive regulation of fibroblast proliferation,enteric nervous system development,interaction with symbiont,positive regulation of protein kinase B signaling,regulation of ERK1 and ERK2 cascade,negative regulation of transforming growth factor beta production,blood coagulation, fibrin clot formation,Requires Ontology,neural crest cell migration involved in autonomic nervous system development,positive regulation of substrate-dependent cell migration, cell attachment to substrate	protease binding,DNA binding,receptor binding,integrin binding,heparin binding,peptidase activator activity,identical protein binding,proteoglycan binding,receptor agonist activity	90	1.011000002004072	8.940800025157593	351.756683349609	NA	407.1064453125	187.998443603516	398.423004150391	250.488296508789	858.790100097656	2350.57250976562	463.182647705078	665.260192871094	351.7566833496094	NA	407.1064453125	187.9984436035156	398.4230041503906	250.48829650878903	858.79010009765625	2350.572509765625	463.1826477050781	665.26019287109375	72.5	NaN	86.3	39.6	82.4	46.7	192.6	646.3	101.6	136.2	20	0	TRUE
0	0	Q2TU62	Q2TU62	CLCA1	Equus caballus	Calcium-activated chloride channel regulator 1	30	36	plasma membrane,extracellular region,microvillus,membrane,secretory granule	proteolysis,ion transport,calcium ion transport,chloride transport,chloride transmembrane transport	intracellular calcium activated chloride channel activity,peptidase activity,metallopeptidase activity,hydrolase activity,metal ion binding	80	0.5613410792352536	6.726789347186706	NA	NA	118.381614685059	190.560287475586	52.7324638366699	208.710861206055	70.131706237793	94.3898849487305	208.954376220703	46.1202697753906	NA	NA	118.3816146850586	190.5602874755859	52.73246383666992	208.7108612060547	70.13170623779297	94.38988494873048	208.95437622070312	46.120269775390625	NaN	NaN	31	53.6	10.6	59.8	12.3	20.2	57.2	8.1	40	0	TRUE
0	0	Q3S4D6	Q3S4D6	GM2A	Equus caballus	GM2 activator protein	11	18	cytoplasmic side of plasma membrane	ganglioside catabolic process,lipid transport	beta-N-acetylhexosaminidase activity,lipid transporter activity,enzyme activator activity	90	1.8702579282998169	6.377444312096345	23.0949859619141	NA	62.5309944152832	1215.38891601562	262.96337890625	21.0196990966797	58.9257850646973	80.5626220703125	55.562744140625	74.155876159668	23.094985961914062	NA	62.5309944152832	1215.388916015625	262.96337890625	21.019699096679688	58.925785064697266	80.5626220703125	55.562744140625	74.15587615966797	8.1	NaN	37.5	787.9	177.1	12	10.7	51.4	26.3	42.4	20	0	TRUE
0	0	Q4AEE3	Q4AEE3	DNASE1	Equus caballus	Deoxyribonuclease-1	2	3	nucleus,extracellular region,nuclear envelope,cytoplasmic vesicle,zymogen granule	neutrophil activation involved in immune response,regulation of acute inflammatory response,DNA catabolic process,apoptotic process,regulation of neutrophil mediated cytotoxicity	DNA binding,actin binding,catalytic activity,nuclease activity,endonuclease activity,deoxyribonuclease I activity,deoxyribonuclease activity,hydrolase activity	80	0.49068857138896976	7.030709393448333	NA	NA	62.2535362243652	94.7363967895508	125.087425231934	131.355331420898	99.0143432617188	178.973526000977	290.252380371094	171.407730102539	NA	NA	62.253536224365234	94.73639678955078	125.0874252319336	131.35533142089844	99.01434326171876	178.97352600097656	290.25238037109375	171.40773010253906	NaN	NaN	12.6	19.7	26.7	31.4	18.6	37.8	62.7	39.6	40	0	TRUE
0.00554925565101191	0.03684971109032631	Q865V3	Q865V3	S100G	Equus caballus	Protein S100-G	2	2	cytoplasm,basolateral plasma membrane,apical plasma membrane	NA	vitamin D binding,calcium ion binding,metal ion binding,transition metal ion binding,calcium-dependent protein binding	60	0.8234103094328997	5.971608056408043	NA	NA	NA	54.0294303894043	14.7253332138062	NA	213.00048828125	83.4077529907227	105.729949951172	40.8618774414062	NA	NA	NA	54.0294303894043	14.725333213806152	NA	213.00048828125	83.40775299072266	105.72994995117188	40.86187744140625	NaN	NaN	NaN	21.8	3.7	NaN	82.8	50.3	46.9	15.1	60	20	TRUE
0	0	Q95182	Q95182	NA	Equus caballus	Major allergen Equ c 1	18	33	extracellular space,extracellular region	NA	odorant binding,small molecule binding	80	1.197050384672239	9.452634293005527	NA	NA	2223.63037109375	3883.31689453125	5059.236328125	307.971954345703	203.712005615234	726.143798828125	346.945343017578	84.1491622924805	NA	NA	2223.63037109375	3883.31689453125	5059.236328125	307.9719543457031	203.7120056152344	726.143798828125	346.9453430175781	84.14916229248047	NaN	NaN	1010.4	1578.4	2303.9	98.3	36.2	249.1	124.4	27.2	40	0	TRUE
