Protein.Group	Protein.Names	Genes	First.Protein.Description	N.Sequences	N.Proteotypic.Sequences	S:\Research\Proteomics-MS\Horse_urine\Horse_urine_U1_STRAP_250ng_21min_85vw_290525_1.wiff	S:\Research\Proteomics-MS\Horse_urine\Horse_urine_Pooled-U1-U_STRAP_250ng_21min_85vw_290525_1.wiff	S:\Research\Proteomics-MS\Horse_urine\Horse_urine_U3_STRAP_250ng_21min_85vw_290525_1.wiff
A0A061DBP6	A0A061DBP6_HORSE	VWF	von Willebrand factor	3	3	28.4527	33.1603	48.3971
A0A1K0FUK6	A0A1K0FUK6_HORSE	GLNB2	Globin B2	1	1	154.759	133.062	77.1707
A0A2L0PQU5	A0A2L0PQU5_HORSE	LOC100065387	Carcinoembryonic antigen-related cell adhesion molecule 1 isoform 4L	3	3	146.016	118.798	80.6713
A0A3Q2GRV5	A0A3Q2GRV5_HORSE	PVRIG	PVR related immunoglobulin domain containing	1	1			21.9524
A0A3Q2GS47;A0A9L0R2R5	A0A3Q2GS47_HORSE;A0A9L0R2R5_HORSE	GPC4;GPC6	Glypican 4	1	0		6.91362	
A0A3Q2GSE1	A0A3Q2GSE1_HORSE	LTBP4	Latent transforming growth factor beta binding protein 4	11	11	911.453	853.399	899.749
A0A3Q2GT41	A0A3Q2GT41_HORSE	FLG2	Filaggrin 2	1	1	53.0316	80.7517	101.317
A0A3Q2GT53	A0A3Q2GT53_HORSE	CLEC3B	C-type lectin domain family 3 member B	3	3	49.4952	77.4589	70.15
A0A3Q2GTE1	A0A3Q2GTE1_HORSE	FBP1	Fructose-1,6-bisphosphatase 1	13	12	262.344	283.125	289.772
A0A3Q2GTN6	A0A3Q2GTN6_HORSE	HSPB1	Heat shock protein beta-1	4	4	421.045	454.64	538.661
A0A3Q2GTT0	A0A3Q2GTT0_HORSE		Ig-like domain-containing protein	1	1	25.3495	32.213	
A0A3Q2GU19	A0A3Q2GU19_HORSE	OLFM1	Olfactomedin 1	1	1	27.0837	28.3239	22.7825
A0A3Q2GUE0;F6YHJ7	A0A3Q2GUE0_HORSE;F6YHJ7_HORSE	SLK;STK10	non-specific serine/threonine protein kinase	1	0			6.24587
A0A3Q2GUP3	A0A3Q2GUP3_HORSE	PAFAH1B1	Platelet-activating factor acetylhydrolase IB subunit alpha	1	1	151.053	117.682	158.359
A0A3Q2GVL2	A0A3Q2GVL2_HORSE	ACTN4	Actinin alpha 4	17	10	77.9005	80.494	71.2657
A0A3Q2GVR9	A0A3Q2GVR9_HORSE	BSG	Basigin	2	2	273.025	207.346	190.28
A0A3Q2GVS1	A0A3Q2GVS1_HORSE	SPINK9	Serine peptidase inhibitor Kazal type 9	2	2	162.376	172.982	170.855
A0A3Q2GVY8	A0A3Q2GVY8_HORSE	SELL	L-selectin	6	6	1541.05	1424.53	1213.05
A0A3Q2GW51	A0A3Q2GW51_HORSE	RNH1	Ribonuclease inhibitor	4	4	49.3536	46.9062	43.3639
A0A3Q2GW64	A0A3Q2GW64_HORSE	HNRNPA2B1	Heterogeneous nuclear ribonucleoproteins A2/B1	5	5	89.5514	102.636	112.802
A0A3Q2GWB7	A0A3Q2GWB7_HORSE	SUMO2	Rad60/SUMO-like domain-containing protein	1	1	24.6906	44.3408	28.1166
A0A3Q2GWI8	A0A3Q2GWI8_HORSE	PGM2	Phosphoglucomutase 2	2	2	8.83627		27.9468
A0A3Q2GWT4	A0A3Q2GWT4_HORSE	CDSN	Corneodesmosin	1	1	1341.52	1120.17	1006.34
A0A3Q2GX00	A0A3Q2GX00_HORSE	LOC100061707	Ig-like domain-containing protein	6	5	369.25	338.835	318.159
A0A3Q2GX84	A0A3Q2GX84_HORSE	TPM1	Tropomyosin 1	7	7	52.8666	62.7339	75.9066
A0A3Q2GXQ7	A0A3Q2GXQ7_HORSE	LGALS3	Galectin	4	4	284.451	298.416	270.048
A0A3Q2GXS6	A0A3Q2GXS6_HORSE	GSTA4	glutathione transferase	5	4	417.354	385.215	272.291
A0A3Q2GXW5	A0A3Q2GXW5_HORSE	GRAMD1B	GRAM domain containing 1B	1	1	1577.62	1455.15	1378.08
A0A3Q2GXX5	A0A3Q2GXX5_HORSE	FBLN1	Fibulin-1	10	10	5290.01	5183.6	4868.89
A0A3Q2GY34	A0A3Q2GY34_HORSE	LOC100059308	Pepsin A	2	2	494.544	655.878	682.091
A0A3Q2GY65;A0A9L0SDH3	A0A3Q2GY65_HORSE;A0A9L0SDH3_HORSE		Immunoglobulin V-set domain-containing protein	1	0	86.7694	182.229	
A0A3Q2GYC1	A0A3Q2GYC1_HORSE	PTPRM	protein-tyrosine-phosphatase	3	3	79.9306	86.9378	100.635
A0A3Q2GZ88	A0A3Q2GZ88_HORSE	ADGRL2	Adhesion G protein-coupled receptor L2	3	3	16.5237	15.628	15.0901
A0A3Q2GZB6	A0A3Q2GZB6_HORSE	CTSZ	cathepsin X	8	8	474.439	414.819	403.287
A0A3Q2H049;F6R1X9;F6Z8K0	A0A3Q2H049_HORSE;F6R1X9_HORSE;F6Z8K0_HORSE	ACTA2;ACTC1;ACTG2	Actin alpha 2, smooth muscle	1	0		34.0445	
A0A3Q2H0H3	A0A3Q2H0H3_HORSE	CACNA2D1	Calcium voltage-gated channel auxiliary subunit alpha2delta 1	1	1			60.4839
A0A3Q2H0Y0	A0A3Q2H0Y0_HORSE	GSTA3	Glutathione S-transferase	1	1	85.1626	63.4818	32.4558
A0A3Q2H1B7	A0A3Q2H1B7_HORSE	OXCT1	3-oxoacid CoA-transferase	1	1			10.8963
A0A3Q2H1N1	A0A3Q2H1N1_HORSE	LOC100056462	glutathione transferase	2	0	239.127	158.508	38.3935
A0A3Q2H2B2	A0A3Q2H2B2_HORSE	MYLK	Myosin light chain kinase, smooth muscle	2	2	427.479	421.647	466.148
A0A3Q2H2E8	A0A3Q2H2E8_HORSE	SPINT1	Serine peptidase inhibitor, Kunitz type 1	10	10	251.075	295.538	269.841
A0A3Q2H2F5;A0A3Q2H905;A0A3Q2HT77;A0A3Q2IDV7	A0A3Q2H2F5_HORSE;A0A3Q2H905_HORSE;A0A3Q2HT77_HORSE;A0A3Q2IDV7_HORSE		protein-tyrosine-phosphatase	2	0	13.4147	15.9952	22.7015
A0A3Q2H2S7	A0A3Q2H2S7_HORSE	IGDCC4	Immunoglobulin superfamily DCC subclass member 4	2	2	26.795	26.2702	28.8619
A0A3Q2H306	A0A3Q2H306_HORSE		Ig-like domain-containing protein	1	1	37.8646	30.8118	39.6719
A0A3Q2H319	A0A3Q2H319_HORSE	C7	Complement C7	9	9	588.101	568.901	561.82
A0A3Q2H3C1	A0A3Q2H3C1_HORSE		glutathione transferase	1	1	20.9907	27.3848	20.5259
A0A3Q2H3F6	A0A3Q2H3F6_HORSE	ITIH4	Inter-alpha-trypsin inhibitor heavy chain 4	11	11	97.156	106.735	117.043
A0A3Q2H3R5	A0A3Q2H3R5_HORSE	TUBB4B	Tubulin beta chain	2	1	68.6019	66.1004	67.5409
A0A3Q2H3X2	A0A3Q2H3X2_HORSE	CD109	CD109 molecule	13	13	85.847	89.5647	81.2292
A0A3Q2H473	A0A3Q2H473_HORSE		Galectin	1	1		13.5669	11.7914
A0A3Q2H482	A0A3Q2H482_HORSE	LOX	Lysyl oxidase homolog	1	1	13.9463	13.6853	8.62592
A0A3Q2H4D7	A0A3Q2H4D7_HORSE	NECTIN4	Nectin cell adhesion molecule 4	5	5	57.9849	49.8816	51.5665
A0A3Q2H4R0	A0A3Q2H4R0_HORSE	ADGRL3	Adhesion G protein-coupled receptor L3	3	3	27.9404	53.8283	46.1989
A0A3Q2H4T0	A0A3Q2H4T0_HORSE	NEGR1	Neuronal growth regulator 1	4	4	140.071	144.588	124.697
A0A3Q2H5U7	A0A3Q2H5U7_HORSE	IGSF8	Immunoglobulin superfamily member 8	5	5	155.068	107.132	117.771
A0A3Q2H613	A0A3Q2H613_HORSE	LOC100051754	Prothymosin alpha	1	1	123.301	145.428	166.952
A0A3Q2H6B9	A0A3Q2H6B9_HORSE	LCN1	Lipocalin 1	4	4	433.152	377.156	342.412
A0A3Q2H6E4;F6UBF6	A0A3Q2H6E4_HORSE;F6UBF6_HORSE	NONO;SFPQ	Splicing factor proline and glutamine rich	1	0		13.7066	
A0A3Q2H6E7	A0A3Q2H6E7_HORSE	CAPN5	Calpain 5	4	4	317.093	353.029	302.383
A0A3Q2H6Q8	A0A3Q2H6Q8_HORSE	SRC	Tyrosine-protein kinase	2	0	25.6909	34.951	23.6908
A0A3Q2H6U9	A0A3Q2H6U9_HORSE	LOC100053579	Ig-like domain-containing protein	3	3	104.463	196.161	163.561
A0A3Q2H6X4	A0A3Q2H6X4_HORSE	LOC102150154	Uncharacterized protein	2	2	69.0873	52.6813	
A0A3Q2H830;F6SG30	A0A3Q2H830_HORSE;F6SG30_HORSE	LOC100061598;LOC100061663	Protein S100-A9	2	0	73.0385	74.4738	40.5228
A0A3Q2H8C4	A0A3Q2H8C4_HORSE	PFN2	Profilin	3	3	64.7938	63.7198	70.9475
A0A3Q2H8G8	A0A3Q2H8G8_HORSE	LOC100050764	Carboxylic ester hydrolase	3	1	7.40806		5.34439
A0A3Q2H8U6	A0A3Q2H8U6_HORSE	LAMP2	Lysosomal associated membrane protein 2	4	4	783.139	980.198	910.566
A0A3Q2H908	A0A3Q2H908_HORSE	IGHM	Immunoglobulin heavy constant mu	10	10	2407.71	2056.65	2146.23
A0A3Q2H916	A0A3Q2H916_HORSE	SORL1	Sortilin-related receptor	4	4	64.6397	57.5065	54.5474
A0A3Q2H9I9	A0A3Q2H9I9_HORSE	LOC102149234	Adenylyl cyclase-associated protein	1	1	70.5697	53.064	26.3948
A0A3Q2H9S9	A0A3Q2H9S9_HORSE		Ig-like domain-containing protein	1	1		91.8372	
A0A3Q2HA46	A0A3Q2HA46_HORSE	MASP1	MBL associated serine protease 1	4	3	43.0901	38.8417	32.8415
A0A3Q2HA78	A0A3Q2HA78_HORSE	CD248	CD248 molecule	7	7	543.972	540.303	481.208
A0A3Q2HAB3	A0A3Q2HAB3_HORSE	CA15	carbonic anhydrase	3	3	112.273	81.2676	99.7161
A0A3Q2HAN3	A0A3Q2HAN3_HORSE	PROS1	Vitamin K-dependent protein S	6	6	458.655	454.237	348.589
A0A3Q2HAV0	A0A3Q2HAV0_HORSE	CD200	CD200 molecule	2	2	596.234	700.627	620.217
A0A3Q2HBF8;A0A9L0QXG3;A0A9L0R633;A0A9L0SXI9;F6WFI8	A0A3Q2HBF8_HORSE;A0A9L0QXG3_HORSE;A0A9L0R633_HORSE;A0A9L0SXI9_HORSE;F6WFI8_HORSE	H2AC8;H2BC15;H2BC18;H2BC4;H2BC5	Histone H2B	4	0	859.075	925.28	1077.08
A0A3Q2HBF9	A0A3Q2HBF9_HORSE	SLC3A2	Solute carrier family 3 member 2	5	5	26.1497	26.5516	31.099
A0A3Q2HBM3	A0A3Q2HBM3_HORSE	TNN	Tenascin N	2	2	23.1092	27.226	
A0A3Q2HBN1	A0A3Q2HBN1_HORSE	ART3	NAD(P)(+)--arginine ADP-ribosyltransferase	3	3	39.1557	45.702	42.6642
A0A3Q2HBS4	A0A3Q2HBS4_HORSE	PRNP	Major prion protein	3	3	72.8848	81.0537	67.8529
A0A3Q2HC40	A0A3Q2HC40_HORSE	CPQ	Carboxypeptidase Q	5	5	69.9182	65.6112	78.6546
A0A3Q2HC57	A0A3Q2HC57_HORSE	RAN	GTP-binding nuclear protein Ran	3	3	58.6202	63.2314	61.6194
A0A3Q2HCD2	A0A3Q2HCD2_HORSE	AKR1B1	Aldo-keto reductase family 1 member B	13	10	2871.98	2616.4	2171.22
A0A3Q2HCN8	A0A3Q2HCN8_HORSE	VSTM1	V-set and transmembrane domain containing 1	5	5	52.6062	42.1933	39.4971
A0A3Q2HDD9	A0A3Q2HDD9_HORSE	TBCA	Tubulin-specific chaperone A	3	3	24.5061	24.3301	26.7327
A0A3Q2HE13	A0A3Q2HE13_HORSE	IFT172	Intraflagellar transport 172	1	1		46.2179	64.7637
A0A3Q2HEA5	A0A3Q2HEA5_HORSE	PPP1CB	Serine/threonine-protein phosphatase	2	1		13.4686	13.5609
A0A3Q2HEG2	A0A3Q2HEG2_HORSE	PCMT1	Protein-L-isoaspartate O-methyltransferase	2	2	16.4144	35.4994	
A0A3Q2HEJ5	A0A3Q2HEJ5_HORSE	CD44	CD44 antigen	4	4	5653.27	5664.48	5421.62
A0A3Q2HF40	A0A3Q2HF40_HORSE		VWFD domain-containing protein	17	17	472.954	416.081	402.126
A0A3Q2HF81	A0A3Q2HF81_HORSE	HSPA6	Heat shock protein family A (Hsp70) member 6	1	1			142.782
A0A3Q2HF85	A0A3Q2HF85_HORSE	EZR	Ezrin	16	13	905.153	966.76	914.862
A0A3Q2HFE4	A0A3Q2HFE4_HORSE	NHLRC3	NHL repeat containing 3	6	6	742.966	705.437	589.481
A0A3Q2HFH0	A0A3Q2HFH0_HORSE	ENPP5	Ectonucleotide pyrophosphatase/phosphodiesterase family member 5	7	7	103.808	132.135	113.576
A0A3Q2HHY7;A0A5F5PN23	A0A3Q2HHY7_HORSE;A0A5F5PN23_HORSE		SRCR domain-containing protein	4	0	87.1739	56.5022	40.1168
A0A3Q2HHZ5	A0A3Q2HHZ5_HORSE	ADAM12	ADAM metallopeptidase domain 12	2	2	166.109	171.105	177.566
A0A3Q2HIA5	A0A3Q2HIA5_HORSE	DNER	Delta/notch like EGF repeat containing	1	1	96.2768	74.431	81.0548
A0A3Q2HIF9	A0A3Q2HIF9_HORSE	APP	Amyloid-beta A4 protein	3	2	308.418	288.143	293.4
A0A3Q2HJE7;A0A9L0S5K9	A0A3Q2HJE7_HORSE;A0A9L0S5K9_HORSE		Cystatin domain-containing protein	3	0	355.688	485.755	583.554
A0A3Q2HJG4	A0A3Q2HJG4_HORSE	ENG	Endoglin	3	3	39.6507	54.6825	46.0938
A0A3Q2HJJ4	A0A3Q2HJJ4_HORSE	B4GALT1	Beta-1,4-galactosyltransferase	2	2	61.6441	67.43	69.1112
A0A3Q2HK14	A0A3Q2HK14_HORSE	HAGH	Hydroxyacylglutathione hydrolase, mitochondrial	1	1		24.9373	19.3682
A0A3Q2HL82	A0A3Q2HL82_HORSE	CAPZB	F-actin-capping protein subunit beta	2	2	22.6939	22.4667	21.5226
A0A3Q2HLJ4	A0A3Q2HLJ4_HORSE	TUBB	Tubulin beta chain	10	1	283.493	271.191	274.664
A0A3Q2HLJ5	A0A3Q2HLJ5_HORSE	TCP1	T-complex protein 1 subunit alpha	1	1		18.8116	23.6016
A0A3Q2HLK8	A0A3Q2HLK8_HORSE	LOC102150542	Secretoglobin family 1A member 1	4	4	305.689	255.668	253.932
A0A3Q2HLR8	A0A3Q2HLR8_HORSE	EML2	EMAP like 2	5	5	45.7726	46.1112	46.0763
A0A3Q2HLX2	A0A3Q2HLX2_HORSE	LOC111770943	Acid ceramidase	4	4	49.3788	81.1672	54.6241
A0A3Q2HM18	A0A3Q2HM18_HORSE	MSN	Moesin	3	2	97.4865	100.885	113.033
A0A3Q2HM56;A0A5F5PHV0	A0A3Q2HM56_HORSE;A0A5F5PHV0_HORSE	ABI1;ABI2	Abl interactor 2	1	0	17.2681	25.6775	24.8055
A0A3Q2HM99	A0A3Q2HM99_HORSE	LOC102148710	WAP domain-containing protein	1	1	40.1019	28.5478	17.0671
A0A3Q2HMG5	A0A3Q2HMG5_HORSE	CA2	Carbonic anhydrase	2	2	37.7127	44.1177	51.7362
A0A3Q2HMH0	A0A3Q2HMH0_HORSE	LSAMP	Limbic system associated membrane protein	3	3	25.3078	28.0087	36.9588
A0A3Q2HN78	A0A3Q2HN78_HORSE	ALDOA	Fructose-bisphosphate aldolase	10	10	334.936	337.234	322.593
A0A3Q2HNH0	A0A3Q2HNH0_HORSE	MFAP4	Microfibril associated protein 4	2	2		9.65441	
A0A3Q2HNH8	A0A3Q2HNH8_HORSE	FBLN5	Fibulin 5	8	8	1152.5	1193.35	1165.68
A0A3Q2HNV2	A0A3Q2HNV2_HORSE	IGFBP2	Insulin-like growth factor-binding protein 2	3	3	100.722	92.5715	91.9388
A0A3Q2HNY9;F7B680;F7BVZ1;F7C7W3	A0A3Q2HNY9_HORSE;F7B680_HORSE;F7BVZ1_HORSE;F7C7W3_HORSE	GNAI1;GNAT1;GNAT2;GNAT3	G protein subunit alpha transducin 3	1	0	15.5432		
A0A3Q2HPM2	A0A3Q2HPM2_HORSE	RHOA	Ras homolog family member A	3	1	70.0138	72.4818	80.748
A0A3Q2HPS3	A0A3Q2HPS3_HORSE	PPT1	Palmitoyl-protein thioesterase 1	2	2	24.3704	30.6564	27.9624
A0A3Q2HPX3	A0A3Q2HPX3_HORSE	COL12A1	Collagen type XII alpha 1 chain	36	36	5425.69	4554.39	3976.11
A0A3Q2HQ12	A0A3Q2HQ12_HORSE	SUPT5H	Transcription elongation factor SPT5	3	3	27.762	46.3263	25.8848
A0A3Q2HQ76;F6RYF9	A0A3Q2HQ76_HORSE;F6RYF9_HORSE	ENPP4;ENPP7	Ectonucleotide pyrophosphatase/phosphodiesterase 7	1	0	2.0597		6.09387
A0A3Q2HQH1;F6ZW84	A0A3Q2HQH1_HORSE;F6ZW84_HORSE	LOC100053273;RPSA	Small ribosomal subunit protein uS2	1	0			20.1062
A0A3Q2HRJ9	A0A3Q2HRJ9_HORSE	RARRES1	Retinoic acid receptor responder 1	1	1	63.2794	48.6871	43.338
A0A3Q2HRP7	A0A3Q2HRP7_HORSE	PLCD1	Phosphoinositide phospholipase C	6	6	30.4096	30.2915	25.862
A0A3Q2HRQ0;A0A5F5PXE6	A0A3Q2HRQ0_HORSE;A0A5F5PXE6_HORSE	LOC100072592;LOC100072612	Purine nucleoside phosphorylase	1	0			29.3449
A0A3Q2HRV7	A0A3Q2HRV7_HORSE		Profilin	1	1	28.3052	43.8143	45.3328
A0A3Q2HRX3	A0A3Q2HRX3_HORSE	APOB	Apolipoprotein B	26	25	30.6129	30.0368	28.1417
A0A3Q2HSC8	A0A3Q2HSC8_HORSE	ACADM	Medium-chain specific acyl-CoA dehydrogenase, mitochondrial	1	1			22.0118
A0A3Q2HSI9	A0A3Q2HSI9_HORSE	LAMC1	Laminin subunit gamma 1	5	5	115.176	119.334	123.722
A0A3Q2HT17	A0A3Q2HT17_HORSE	EDIL3	EGF like repeats and discoidin domains 3	1	1	174.508	153.289	118.858
A0A3Q2HT63	A0A3Q2HT63_HORSE	LOC100051301	Serpin domain-containing protein	7	5	66.5356	76.989	82.6974
A0A3Q2HTD1	A0A3Q2HTD1_HORSE	LOC100071047	IGF like family member 1	1	1	66.3916	41.7645	37.2672
A0A3Q2HTG2	A0A3Q2HTG2_HORSE	FGA	Fibrinogen alpha chain	13	13	109.264	110.54	94.5797
A0A3Q2HTL2	A0A3Q2HTL2_HORSE	PROM2	Prominin 2	3	3	18.7613		43.0118
A0A3Q2HUA3	A0A3Q2HUA3_HORSE	VPS4A	vesicle-fusing ATPase	7	5	84.2333	102.857	82.6719
A0A3Q2HUS7	A0A3Q2HUS7_HORSE	LOC100056127	Lipocalin/cytosolic fatty-acid binding domain-containing protein	5	5	1076.5	1015.45	877.097
A0A3Q2HUU3;A0A9L0R372;A0A9L0RGT3;A0A9L0RJJ9;A0A9L0SCM3;A0A9L0THF4;F7B9F5	A0A3Q2HUU3_HORSE;A0A9L0R372_HORSE;A0A9L0RGT3_HORSE;A0A9L0RJJ9_HORSE;A0A9L0SCM3_HORSE;A0A9L0THF4_HORSE;F7B9F5_HORSE	H2AC19;H2AC20;H2AC4;H2AC5;H2AC6;H2AC7;H2AJ	Histone H2A	3	0	19.8524	22.2183	26.1922
A0A3Q2HUY8	A0A3Q2HUY8_HORSE	AHCY	S-adenosyl-L-homocysteine hydrolase NAD binding domain-containing protein	9	9	159.551	154.568	173.31
A0A3Q2HVD6	A0A3Q2HVD6_HORSE		Immunoglobulin V-set domain-containing protein	1	1	60.5785		52.5426
A0A3Q2HWG8	A0A3Q2HWG8_HORSE	CADM2	Cell adhesion molecule 2	1	1	8.51599	5.46857	9.73073
A0A3Q2HWP9	A0A3Q2HWP9_HORSE	VCP	Transitional endoplasmic reticulum ATPase	13	13	57.4442	67.8935	69.2796
A0A3Q2HX18	A0A3Q2HX18_HORSE	LOC100057500	Membrane cofactor protein	4	4	552.419	505.548	550.561
A0A3Q2HX90	A0A3Q2HX90_HORSE	LOC111770574	Lipocalin/cytosolic fatty-acid binding domain-containing protein	10	0	21160.3	20048.1	18464.6
A0A3Q2HXE2	A0A3Q2HXE2_HORSE		Ig-like domain-containing protein	2	2	37.7233	38.424	40.1189
A0A3Q2HZL6	A0A3Q2HZL6_HORSE	PLET1	Placenta-expressed transcript 1 protein	2	2	59.9171	52.22	
A0A3Q2HZW1	A0A3Q2HZW1_HORSE	HSPA2	Heat shock protein family A (Hsp70) member 2	1	1	6.5159		11.7438
A0A3Q2I008;A0A9L0SXX7;A0A9L0TCN0	A0A3Q2I008_HORSE;A0A9L0SXX7_HORSE;A0A9L0TCN0_HORSE	RAP2A;RAP2B;RAP2C	Ras-related protein Rap-2	1	0		10.3285	
A0A3Q2I085	A0A3Q2I085_HORSE	AOC1	Amine oxidase	4	4	30.8243	30.1043	26.4498
A0A3Q2I0E0	A0A3Q2I0E0_HORSE	RAB14	Ras-related protein Rab-14	1	1			14.9589
A0A3Q2I131	A0A3Q2I131_HORSE	PTPRD	protein-tyrosine-phosphatase	1	1	30.2773		15.0332
A0A3Q2I189	A0A3Q2I189_HORSE	GNS	N-acetylglucosamine-6-sulfatase	8	8	350.042	395.362	409.349
A0A3Q2I1A7	A0A3Q2I1A7_HORSE	CD274	CD274 molecule	1	1	15.7356	16.2205	9.94635
A0A3Q2I1K6	A0A3Q2I1K6_HORSE	UPK1A	Uroplakin 1A	1	1		6.60142	8.09753
A0A3Q2I2E9	A0A3Q2I2E9_HORSE	ALB	Albumin	53	53	63549.6	51714.6	44097.5
A0A3Q2I2Q5	A0A3Q2I2Q5_HORSE	CPHL1	ferroxidase	3	3	21.0246	21.9764	23.999
A0A3Q2I2V3	A0A3Q2I2V3_HORSE	CTSD	Cathepsin D	12	12	447.693	562.297	554.612
A0A3Q2I311	A0A3Q2I311_HORSE	AGRN	Agrin	12	12	682.711	731.034	766.26
A0A3Q2I375	A0A3Q2I375_HORSE	UGP2	UTP--glucose-1-phosphate uridylyltransferase	2	2		14.3697	14.0982
A0A3Q2I388	A0A3Q2I388_HORSE	ARPC2	Arp2/3 complex 34 kDa subunit	2	2	21.6013	21.7455	29.8131
A0A3Q2I3G5	A0A3Q2I3G5_HORSE	CDH13	Cadherin-13	8	8	420.783	472.083	454.277
A0A3Q2I3I7	A0A3Q2I3I7_HORSE	DPP4	Dipeptidyl peptidase 4	11	11	49.8202	63.0804	58.0341
A0A3Q2I3V7	A0A3Q2I3V7_HORSE	LOC100059232	Pepsin A	5	4	7236.31	6727.27	6416.43
A0A3Q2I444	A0A3Q2I444_HORSE		Lipocalin/cytosolic fatty-acid binding domain-containing protein	8	8	3043.6	3103.63	2800.61
A0A3Q2I484	A0A3Q2I484_HORSE	LYPLA1	Acyl-protein thioesterase 1	2	2	25.7871	41.046	37.7799
A0A3Q2I4G7	A0A3Q2I4G7_HORSE	PTPRS	protein-tyrosine-phosphatase	6	6	56.0282	66.1577	61.756
A0A3Q2I4H3	A0A3Q2I4H3_HORSE		Ig-like domain-containing protein	8	8	1977.02	1772.34	1396.59
A0A3Q2I543	A0A3Q2I543_HORSE		WAP domain-containing protein	1	1	186.647	93.8954	
A0A3Q2I5B1	A0A3Q2I5B1_HORSE	H1-0	Histone H1.0	2	2			33.905
A0A3Q2I5Q7	A0A3Q2I5Q7_HORSE	EGFR	Receptor protein-tyrosine kinase	5	5	9.81027	10.9697	4.34618
A0A3Q2I5T2	A0A3Q2I5T2_HORSE	CST3	Cystatin C	5	5	1509.79	1315.19	1022.1
A0A3Q2I5V5	A0A3Q2I5V5_HORSE	WFDC1	WAP four-disulfide core domain 1	1	1	18.4178		
A0A3Q2I6E8	A0A3Q2I6E8_HORSE	CAT	Catalase	3	3			90.0205
A0A3Q2I6F1	A0A3Q2I6F1_HORSE	GFRA2	GDNF family receptor alpha-2	1	1	13.3367	20.7072	13.9761
A0A3Q2I6I4	A0A3Q2I6I4_HORSE		EF-hand domain-containing protein	1	1		6.42224	12.7426
A0A3Q2I6K2	A0A3Q2I6K2_HORSE	LOC100049798	Ig-like domain-containing protein	3	2	743.769	725.237	770.247
A0A3Q2I6U4	A0A3Q2I6U4_HORSE	CNTN1	Contactin-1	2	2	16.8522	21.6917	18.1087
A0A3Q2I6V8	A0A3Q2I6V8_HORSE	PARK7	protein deglycase	3	3	29.2105	35.9179	31.6185
A0A3Q2I715	A0A3Q2I715_HORSE	CDHR2	Cadherin related family member 2	3	3	24.9567	29.6535	29.9109
A0A3Q2I744	A0A3Q2I744_HORSE		Ig-like domain-containing protein	3	3	13283.6	3112.13	7302.68
A0A3Q2I7I2	A0A3Q2I7I2_HORSE	NTM	Neurotrimin	2	2			38.5016
A0A3Q2I7K7	A0A3Q2I7K7_HORSE		Globin domain-containing protein	1	1	386.098	367.41	318.524
A0A3Q2I7P4	A0A3Q2I7P4_HORSE	MEGF6	Multiple EGF like domains 6	1	1	40.8751	23.9549	26.2774
A0A3Q2I803	A0A3Q2I803_HORSE	PDLIM5	PDZ and LIM domain 5	1	1			56.6992
A0A3Q2I854	A0A3Q2I854_HORSE		IF rod domain-containing protein	1	1	1555.9	2702.95	3247.09
A0A3Q2I8C9	A0A3Q2I8C9_HORSE	ACO1	Aconitase 1	5	4	100.368	88.6034	108.579
A0A3Q2I8G4	A0A3Q2I8G4_HORSE	FCER2	Fc epsilon receptor II	1	1			25.5294
A0A3Q2I8H8	A0A3Q2I8H8_HORSE	LGALS3BP	Galectin-3-binding protein	12	12	610.012	541.49	446.768
A0A3Q2I8J7	A0A3Q2I8J7_HORSE		Jacalin-type lectin domain-containing protein	4	4	290.247	292.042	286.799
A0A3Q2I8Q1	A0A3Q2I8Q1_HORSE		40S ribosomal protein S12	2	1			34.1314
A0A3Q2I943	A0A3Q2I943_HORSE	IDS	Iduronate 2-sulfatase	1	1	31.7158		18.3862
A0A3Q2I9D4	A0A3Q2I9D4_HORSE	ANXA5	Annexin	6	6	65.4272	67.8246	81.9558
A0A3Q2I9J3	A0A3Q2I9J3_HORSE	CDH19	Cadherin 19	7	7	94.5513	85.7093	99.2661
A0A3Q2I9K5	A0A3Q2I9K5_HORSE	OSCAR	Osteoclast associated Ig-like receptor	3	3	41.3631	43.637	43.491
A0A3Q2I9R9	A0A3Q2I9R9_HORSE		Glutathione S-transferase	9	2	433.844	354.768	293.321
A0A3Q2IA10	A0A3Q2IA10_HORSE	LOC100050047	trypsin	4	4	3209	3078.02	2614.97
A0A3Q2IA43	A0A3Q2IA43_HORSE	RPL7	Large ribosomal subunit protein uL30	2	2			100.915
A0A3Q2IAY3;A0A9L0R0B4;F7E3R8	A0A3Q2IAY3_HORSE;A0A9L0R0B4_HORSE;F7E3R8_HORSE	GNA11;GNA14;GNAQ	Guanine nucleotide-binding protein subunit alpha	2	0	33.0023	43.3054	38.732
A0A3Q2IB08	A0A3Q2IB08_HORSE	EEF2	Elongation factor 2	6	6	50.36	37.2201	53.8951
A0A3Q2IB37	A0A3Q2IB37_HORSE	ENO2	phosphopyruvate hydratase	1	1			27.9459
A0A3Q2IBR6	A0A3Q2IBR6_HORSE	SRPX	Sushi repeat containing protein X-linked	1	1	193.74	185.273	170.57
A0A3Q2ICB7	A0A3Q2ICB7_HORSE	DSG2	Desmoglein 2	4	4	20.9418	18.8428	17.048
A0A3Q2ICK5	A0A3Q2ICK5_HORSE	B4GALNT2	Beta-1,4-N-acetyl-galactosaminyltransferase 2	2	2	7.14251	18.8223	17.991
A0A3Q2ICQ8	A0A3Q2ICQ8_HORSE	ADGRL1	Adhesion G protein-coupled receptor L1	3	3	71.7827	66.6489	41.9671
A0A3Q2ID54	A0A3Q2ID54_HORSE	GLB1	Beta-galactosidase	9	9	932.14	986.48	1037.74
A0A3Q2ID58;A0A5F5PZA5;A0A9L0RT81;A0A9L0SGD8;A0A9L0SR46	A0A3Q2ID58_HORSE;A0A5F5PZA5_HORSE;A0A9L0RT81_HORSE;A0A9L0SGD8_HORSE;A0A9L0SR46_HORSE	H2BC11;H2BC19;H2BC21;H2BC25;H2BC3	Histone H2B	1	0	62.8575	77.6802	67.3395
A0A3Q2IDD2	A0A3Q2IDD2_HORSE	CFB	Complement factor B	23	23	19888.5	17251.5	15386.2
A0A3Q2IDE0	A0A3Q2IDE0_HORSE	C2	Complement C2	7	7	67.6516	63.5881	46.6036
A0A3Q2IDF6	A0A3Q2IDF6_HORSE	LOC100067431	Ig-like domain-containing protein	1	0	22.6834	11.0392	19.4249
A0A3Q2IDT4	A0A3Q2IDT4_HORSE		purine-nucleoside phosphorylase	2	1	27.5194		
A0A3Q2IEH6	A0A3Q2IEH6_HORSE	PDIA4	Protein disulfide-isomerase A4	5	5	30.9135	29.7452	38.4778
A0A3Q2IEM4	A0A3Q2IEM4_HORSE	ENO1	phosphopyruvate hydratase	19	15	940.367	987.57	985.182
A0A3Q2IET2	A0A3Q2IET2_HORSE	CTRC	Chymotrypsin C	4	4	191.66	221.135	221.311
A0A3Q2IEU2	A0A3Q2IEU2_HORSE	IL1R2	Interleukin 1 receptor type 2	1	1		23.8696	
A0A3Q2IF61	A0A3Q2IF61_HORSE	CANT1	Calcium activated nucleotidase 1	6	6	72.8714	70.1527	63.3373
A0A3Q2IGU2	A0A3Q2IGU2_HORSE	BAIAP2	BAR/IMD domain-containing adapter protein 2	3	3	11.055	12.4956	7.65693
A0A3Q2IKY4	A0A3Q2IKY4_HORSE	TGFBR1	TGF-beta receptor type-1	1	1	22.7168	25.9389	
A0A3Q2KJA9	A0A3Q2KJA9_HORSE	ITFG1	Integrin alpha FG-GAP repeat containing 1	3	3		40.1507	38.9358
A0A3Q2KLP0	A0A3Q2KLP0_HORSE	IL10RB	Interleukin 10 receptor subunit beta	8	8	659.604	588.589	628.273
A0A3Q2KM06	A0A3Q2KM06_HORSE	COL6A1	Collagen type VI alpha 1 chain	3	3	52.6268	42.8133	57.0737
A0A3Q2KN11	A0A3Q2KN11_HORSE	SIRPA	Ig-like domain-containing protein	5	2	129.411	138.108	119.74
A0A3Q2KN19	A0A3Q2KN19_HORSE	NUCB1	Nucleobindin-1	18	18	408.967	544.557	666.062
A0A3Q2KP77	A0A3Q2KP77_HORSE	DEFB1	Beta-defensin 1	2	2	1360.78	1854.46	1702.96
A0A3Q2KPZ5	A0A3Q2KPZ5_HORSE	BCAN	Brevican core protein	2	2	38.2328	41.8483	25.9602
A0A3Q2KQU3	A0A3Q2KQU3_HORSE	IL6ST	Interleukin 6 cytokine family signal transducer	4	4	205.634	175.107	179.774
A0A3Q2KRS4;A0A3Q2HW53	A0A3Q2HW53_HORSE;A0A3Q2KRS4_HORSE		Small ribosomal subunit protein uS5 C-terminal domain-containing protein	1	0	3.7729		
A0A3Q2KS36	A0A3Q2KS36_HORSE	SCIN	Scinderin	3	3	20.0481	21.8492	23.4445
A0A3Q2KS55	A0A3Q2KS55_HORSE		Jacalin-type lectin domain-containing protein	1	1	199.462	194.935	184.24
A0A3Q2KSD9	A0A3Q2KSD9_HORSE	SEC14L3	SEC14 like lipid binding 3	3	3	40.1204	39.2659	36.4922
A0A3Q2KTQ9	A0A3Q2KTQ9_HORSE	ACTB	Actin beta	1	1	77.6588	70.2614	68.0257
A0A3Q2KVZ1	A0A3Q2KVZ1_HORSE	NPTN	Neuroplastin	2	2	106.971	90.5008	79.8547
A0A3Q2KXH2	A0A3Q2KXH2_HORSE	LOC111767504	Aminopeptidase	17	17	444.901	410.127	423.893
A0A3Q2KXN9	A0A3Q2KXN9_HORSE	LOC100068317	Uncharacterized protein	4	2	408.048	419.311	454.608
A0A3Q2KY09	A0A3Q2KY09_HORSE		UV excision repair protein RAD23	3	0	24.1711	28.0663	34.8091
A0A3Q2KZE9	A0A3Q2KZE9_HORSE	IQGAP1	IQ motif containing GTPase activating protein 1	9	8	36.8282	35.5898	32.9017
A0A3Q2KZJ6	A0A3Q2KZJ6_HORSE	ALDH1A1	Aldehyde dehydrogenase 1 family member A1	23	21	1826.3	1844.14	1899.05
A0A3Q2KZQ1	A0A3Q2KZQ1_HORSE	ST3GAL6	Type 2 lactosamine alpha-2,3-sialyltransferase	5	5	194.587	196.367	189.443
A0A3Q2KZX1;A0A9L0T161	A0A3Q2KZX1_HORSE;A0A9L0T161_HORSE	ARF1;FKBP11	ADP-ribosylation factor	4	0	255.656	276.055	258.191
A0A3Q2L1G7	A0A3Q2L1G7_HORSE	LYPD2	LY6/PLAUR domain containing 2	1	1	40.4189		42.8847
A0A3Q2L2B2	A0A3Q2L2B2_HORSE	OGFOD3	2-oxoglutarate and iron dependent oxygenase domain containing 3	2	2	49.4856	56.4455	63.7391
A0A3Q2L425	A0A3Q2L425_HORSE	FABP4	Fatty acid binding protein 4	6	5	236.068	259	287.93
A0A3Q2L4I6	A0A3Q2L4I6_HORSE	MAN2B1	Alpha-mannosidase	8	8	91.0291	86.9148	90.0353
A0A3Q2L5E0	A0A3Q2L5E0_HORSE		Keratin, type I cytoskeletal 19	22	18	9127.73	7840.55	6998.61
A0A3Q2L5Z4	A0A3Q2L5Z4_HORSE	CD84	CD84 molecule	2	2	409.058	479.244	365.596
A0A3Q2L6D8	A0A3Q2L6D8_HORSE	PDCD6IP	Programmed cell death 6 interacting protein	22	22	123.554	110.927	97.815
A0A3Q2L8T3	A0A3Q2L8T3_HORSE	LOC102147390	Ig-like domain-containing protein	2	2	49.9949	42.13	54.8614
A0A3Q2L9E8	A0A3Q2L9E8_HORSE	SGCE	Epsilon-sarcoglycan	2	2	24.5182	15.1347	27.1016
A0A3Q2L9S0	A0A3Q2L9S0_HORSE		Ig-like domain-containing protein	1	1	24.4225		
A0A3Q2LAR7	A0A3Q2LAR7_HORSE	LOC100051065	Carboxylic ester hydrolase	5	3	126.614	131.037	117.794
A0A3Q2LB26	A0A3Q2LB26_HORSE	SPTAN1	Spectrin alpha, non-erythrocytic 1	3	3	18.0653		20.1901
A0A3Q2LB56	A0A3Q2LB56_HORSE	CTSB	Cathepsin B	5	5	190.439	178.944	192.068
A0A3Q2LBP6	A0A3Q2LBP6_HORSE	CFD	Complement factor D	2	2	52.2245	44.8559	58.056
A0A3Q2LCX5	A0A3Q2LCX5_HORSE	MVP	Major vault protein	6	6	29.8424	22.6776	11.4904
A0A3Q2LD29	A0A3Q2LD29_HORSE	ALDOC	Fructose-bisphosphate aldolase	2	2		54.0089	55.824
A0A3Q2LDB5	A0A3Q2LDB5_HORSE	MGAM	Maltase-glucoamylase	19	17	140.853	137.861	135.746
A0A3Q2LHJ5	A0A3Q2LHJ5_HORSE	ACP3	acid phosphatase	1	1	29.3138		31.1295
A0A3Q2LHV6	A0A3Q2LHV6_HORSE	CTSC	Dipeptidyl peptidase 1	4	4	27.2773	42.7555	47.4058
A0A3Q2LJM7	A0A3Q2LJM7_HORSE		Ig-like domain-containing protein	5	5	3810.31	3056.31	2420.97
A0A3Q2LM77	A0A3Q2LM77_HORSE	VLDLR	Very low density lipoprotein receptor	2	2	25.5183	23.2928	23.3698
A0A3Q2LMR5	A0A3Q2LMR5_HORSE	CPNE3	Copine 3	3	1	16.0424	17.0187	18.8136
A0A3Q2LMX0	A0A3Q2LMX0_HORSE	EPB41L2	Erythrocyte membrane protein band 4.1 like 2	1	1	69.0853	61.9164	60.7052
A0A3Q2LNW9	A0A3Q2LNW9_HORSE	NAXE	NAD(P)H-hydrate epimerase	2	2	217.335	251.077	226.68
A0A3Q2LQH7	A0A3Q2LQH7_HORSE	GNB1	G protein subunit beta 1	4	1	149.183	157.991	157.955
A0A3Q2LRA2	A0A3Q2LRA2_HORSE	FZD4	Frizzled-4	1	1	69.1592		
A0A3Q2LSP0	A0A3Q2LSP0_HORSE		3-hydroxyacyl-CoA dehydrogenase NAD binding domain-containing protein	2	2		31.2764	29.5775
A0A3Q2LTH0	A0A3Q2LTH0_HORSE	SELP	Selectin P	2	2	50.4886	58.7095	
A0A5F5PED9	A0A5F5PED9_HORSE	CAPN6	Calpain 6	4	4	29.1816	22.1445	25.0954
A0A5F5PEG5	A0A5F5PEG5_HORSE	AMBP	Protein AMBP	16	16	91424.4	72941.7	51248.6
A0A5F5PEH0	A0A5F5PEH0_HORSE	DLK1	Delta like non-canonical Notch ligand 1	1	1	263.386	221.432	181.743
A0A5F5PEV0	A0A5F5PEV0_HORSE	CPPED1	Calcineurin like phosphoesterase domain containing 1	2	1	8.03484		23.5549
A0A5F5PF68	A0A5F5PF68_HORSE		Ig-like domain-containing protein	1	1	41.0733		
A0A5F5PG69	A0A5F5PG69_HORSE	FLNC	Filamin C	10	10	773.302	705.067	711.803
A0A5F5PGG8	A0A5F5PGG8_HORSE	SH3BGRL3	SH3 domain-binding glutamic acid-rich-like protein 3	4	4	88.2211	74.4503	75.0398
A0A5F5PGJ5	A0A5F5PGJ5_HORSE	CADM1	Cell adhesion molecule 1	10	10	873.814	761.309	790.177
A0A5F5PH00	A0A5F5PH00_HORSE	LOC100055141	Immunoglobulin domain-containing protein	4	4	137.352	126.963	133.573
A0A5F5PI45	A0A5F5PI45_HORSE	LOC100059994	Butyrophilin subfamily 1 member A1-like	10	5	1954.2	1880.82	1741.98
A0A5F5PI48	A0A5F5PI48_HORSE	ARSB	Arylsulfatase B	5	5	146.013	194.54	181.222
A0A5F5PI95;A0A5F5PKK3;A0A5F5PRJ2	A0A5F5PI95_HORSE;A0A5F5PKK3_HORSE;A0A5F5PRJ2_HORSE	LOC100070604;LOC100072739;PCTP	START domain-containing protein	1	0		17.858	10.7224
A0A5F5PIA9	A0A5F5PIA9_HORSE	LOC100060815	Sushi domain-containing protein	1	1	32.3474	43.2627	50.2197
A0A5F5PIR2	A0A5F5PIR2_HORSE	PRDX1	thioredoxin-dependent peroxiredoxin	4	1	397.211	447.948	500.173
A0A5F5PIV8	A0A5F5PIV8_HORSE	YWHAE	Tyrosine 3-monooxygenase/tryptophan 5-monooxygenase activation protein epsilon	3	3	230.67	214.93	218.596
A0A5F5PJ00;A0A5F5PSN9;A0A9L0RUW9	A0A5F5PJ00_HORSE;A0A5F5PSN9_HORSE;A0A9L0RUW9_HORSE		Ig-like domain-containing protein	1	0	725.08	544.088	306.149
A0A5F5PJ04	A0A5F5PJ04_HORSE	SUB1	Activated RNA polymerase II transcriptional coactivator p15	1	1			40.0297
A0A5F5PJ61	A0A5F5PJ61_HORSE	LOC100053653	Lipocalin/cytosolic fatty-acid binding domain-containing protein	11	9	9690.44	8557.78	7923.61
A0A5F5PJZ0	A0A5F5PJZ0_HORSE	DBI	Acyl-CoA-binding protein	1	1	46.066	67.8001	81.2621
A0A5F5PKC5	A0A5F5PKC5_HORSE	TTN	Titin	9	9	26.1765	28.0056	37.4227
A0A5F5PKV5	A0A5F5PKV5_HORSE	SELENBP1	Methanethiol oxidase	14	14	61.7442	90.9941	80.284
A0A5F5PL29	A0A5F5PL29_HORSE	SPINK6	Serine peptidase inhibitor Kazal type 6	1	1	33.9786	73.7646	86.8347
A0A5F5PL39	A0A5F5PL39_HORSE	PLA1A	Phospholipase A1 member A	5	5	121.169	141.979	121.753
A0A5F5PL54	A0A5F5PL54_HORSE	EFEMP2	EGF containing fibulin extracellular matrix protein 2	8	8	696.086	562.392	544.583
A0A5F5PLI4	A0A5F5PLI4_HORSE	AGA	Aspartylglucosaminidase	4	4	183.328	227.581	212.82
A0A5F5PLV2	A0A5F5PLV2_HORSE	CPB2	Carboxypeptidase B2	13	13	1516.07	1517.37	1540.82
A0A5F5PM03	A0A5F5PM03_HORSE	LOC100071692	Peptidase S1 domain-containing protein	3	3	55.1997	60.3106	75.8536
A0A5F5PM05	A0A5F5PM05_HORSE	CD160	CD160 molecule	1	1	125.957	159.539	162.42
A0A5F5PM55	A0A5F5PM55_HORSE	ITIH2	Inter-alpha-trypsin inhibitor heavy chain 2	2	2		15.9453	14.8583
A0A5F5PMV5	A0A5F5PMV5_HORSE	ROBO4	Roundabout guidance receptor 4	4	4	183.808	220.904	201.987
A0A5F5PNA8	A0A5F5PNA8_HORSE	GSTO1	Glutathione S-transferase omega	1	1		11.3222	
A0A5F5PNJ7;A0A9L0RL41	A0A5F5PNJ7_HORSE;A0A9L0RL41_HORSE	AGR2;AGR3	Anterior gradient 2, protein disulphide isomerase family member	1	0	39.2478	61.13	55.1096
A0A5F5PNY6	A0A5F5PNY6_HORSE	FGFR1	Fibroblast growth factor receptor	4	4	53.5582	51.9005	63.2144
A0A5F5PNY8	A0A5F5PNY8_HORSE	LASP1	LIM and SH3 domain protein 1	1	1	187.362	180.058	132.907
A0A5F5PP70	A0A5F5PP70_HORSE	ANXA7	Annexin	3	3	11.8589	19.4546	
A0A5F5PP78;A0A9R1SHG0;F6Y7V5;F6YXV8	A0A5F5PP78_HORSE;A0A9R1SHG0_HORSE;F6Y7V5_HORSE;F6YXV8_HORSE	H3-3A;H3-3B;H3C12;LOC115945182	Histone H3	2	0	298.244	307.868	338.692
A0A5F5PPC4	A0A5F5PPC4_HORSE	HEXA	Beta-hexosaminidase	10	10	323.248	359.209	393.957
A0A5F5PPQ9	A0A5F5PPQ9_HORSE	GLRX	Glutaredoxin-1	1	1		15.9885	14.2979
A0A5F5PQE5	A0A5F5PQE5_HORSE	PLEC	Plectin	50	49	101.556	84.0954	54.969
A0A5F5PQI6	A0A5F5PQI6_HORSE	CDH1	Cadherin-1	22	22	7891.61	8114.11	8088.25
A0A5F5PQJ2	A0A5F5PQJ2_HORSE	JAML	Junction adhesion molecule like	3	3	84.0581	93.4114	86.7186
A0A5F5PQU7	A0A5F5PQU7_HORSE	PAM	Peptidylglycine alpha-amidating monooxygenase	5	5	186.37	178.95	180.208
A0A5F5PQU9	A0A5F5PQU9_HORSE		Mucin 4, cell surface associated	13	13	201.268	228.807	238.417
A0A5F5PRI0	A0A5F5PRI0_HORSE	NME2	Nucleoside diphosphate kinase	6	4	315.703	330.064	344.703
A0A5F5PRM8	A0A5F5PRM8_HORSE	CREB3L3	cAMP responsive element binding protein 3 like 3	1	1	69.8098	48.4765	23.7725
A0A5F5PRZ7	A0A5F5PRZ7_HORSE	COL5A1	Collagen type V alpha 1 chain	4	4	80.1998	90.6199	91.9791
A0A5F5PSK4	A0A5F5PSK4_HORSE	EIF5A2	Eukaryotic translation initiation factor 5A	1	1		12.1349	7.7964
A0A5F5PSN3	A0A5F5PSN3_HORSE	OAF	Out at first protein homolog	2	2	22.6863	21.8099	
A0A5F5PSS5	A0A5F5PSS5_HORSE	FOLH1	Folate hydrolase 1	7	7	35.5103	26.3372	36.0458
A0A5F5PT09	A0A5F5PT09_HORSE	LGMN	Legumain	4	4	276.214	274.178	280.31
A0A5F5PT22	A0A5F5PT22_HORSE	ITGB2	Integrin beta	1	1	50.587	28.9427	39.7411
A0A5F5PT72	A0A5F5PT72_HORSE	ADAM15	ADAM metallopeptidase domain 15	1	1	24.3355		
A0A5F5PTP6	A0A5F5PTP6_HORSE	COL6A3	Collagen type VI alpha 3 chain	43	43	2359.27	2018.87	1814.79
A0A5F5PTR6	A0A5F5PTR6_HORSE		Ig-like domain-containing protein	1	1	893.818	864.83	884.134
A0A5F5PU72	A0A5F5PU72_HORSE	RACK1	Small ribosomal subunit protein RACK1	1	1	28.9313		44.2645
A0A5F5PUE2	A0A5F5PUE2_HORSE	KNG1	Kininogen 1	17	17	8790.5	8020.46	7710.67
A0A5F5PUS7	A0A5F5PUS7_HORSE	LOC100066617	C-type lectin domain-containing protein	4	1	69.9703	104.334	101.235
A0A5F5PUZ2	A0A5F5PUZ2_HORSE	FSTL1	Follistatin-related protein 1	5	5	138.132	145.759	172.901
A0A5F5PUZ8	A0A5F5PUZ8_HORSE	KRT16	Keratin 16	4	3	488.193	1436.33	2026.52
A0A5F5PV20	A0A5F5PV20_HORSE	PSME2	Proteasome activator complex subunit 2	4	4	53.623	41.096	32.8148
A0A5F5PVD1	A0A5F5PVD1_HORSE	HDGF	Heparin binding growth factor	2	2	16.6457		15.1335
A0A5F5PVM9	A0A5F5PVM9_HORSE		Beta/alpha-defensin C-terminal domain-containing protein	1	1	783.793	662.322	529.167
A0A5F5PVN6	A0A5F5PVN6_HORSE	KRT8	Keratin, type II cytoskeletal 8	18	12	1385.52	1131	876.756
A0A5F5PVZ1	A0A5F5PVZ1_HORSE	TPT1	Translationally-controlled tumor protein	3	3	22.153	14.7438	24.9521
A0A5F5PWI9	A0A5F5PWI9_HORSE	THBS3	Thrombospondin 3	2	2	56.855	47.0246	42.6993
A0A5F5PXA0	A0A5F5PXA0_HORSE	KRT42	Keratin, type I cytoskeletal 17	4	4	26.3133	48.855	76.3757
A0A5F5PXP6	A0A5F5PXP6_HORSE	LDLR	Low density lipoprotein receptor	6	5	75.7054	60.8776	44.2326
A0A5F5PY53	A0A5F5PY53_HORSE	FABP5	Fatty acid binding protein 5	5	5	234.561	264.573	283.019
A0A5F5PY79	A0A5F5PY79_HORSE	CD7	CD7 molecule	1	1	295.413	363.868	303.385
A0A5F5PYW9	A0A5F5PYW9_HORSE		Serpin domain-containing protein	3	3	568.945	648.897	564.803
A0A5F5PZE0	A0A5F5PZE0_HORSE	LTBP3	Latent transforming growth factor beta binding protein 3	2	2	39.6021	27.9908	27.4149
A0A5F5PZS2	A0A5F5PZS2_HORSE	KCTD12	Potassium channel tetramerization domain containing 12	2	1	38.151		50.32
A0A5F5PZT3	A0A5F5PZT3_HORSE	LOC111775633	Cathepsin H	3	3	182.843	163.572	154.529
A0A5F5PZX4	A0A5F5PZX4_HORSE	ATRN	Attractin	2	2	26.3609	23.441	16.3512
A0A5F5Q006	A0A5F5Q006_HORSE		Lipocalin/cytosolic fatty-acid binding domain-containing protein	3	3	40.0229	21.3867	41.0434
A0A5F5Q0A5	A0A5F5Q0A5_HORSE	LOC100052045	Annexin	2	2	13.7737	15.8961	17.3198
A0A5F5Q0C3	A0A5F5Q0C3_HORSE	MANSC1	MANSC domain containing 1	1	1	29.7637	27.5432	46.8735
A0A5F5Q0F6	A0A5F5Q0F6_HORSE	VCAN	Versican core protein	1	1	20.3959		
A0A5F5Q0H4;A0A9L0TNA4	A0A5F5Q0H4_HORSE;A0A9L0TNA4_HORSE	RBBP4;RBBP7	RB binding protein 7, chromatin remodeling factor	1	0		14.8508	17.6471
A0A5F5Q0V8	A0A5F5Q0V8_HORSE	AHSG	Alpha-2-HS-glycoprotein	10	10	6480.85	5552.75	4652.3
A0A5F5Q155	A0A5F5Q155_HORSE	KRT7	Keratin, type II cytoskeletal 7	18	12	511.311	509.473	461.559
A0A5F5Q1G3	A0A5F5Q1G3_HORSE	HSPG2	Heparan sulfate proteoglycan 2	52	52	2220.26	2055.63	1886.96
A0A5F5Q1P7	A0A5F5Q1P7_HORSE	BTLA	B and T lymphocyte associated	2	2	89.9482	88.9483	72.719
A0A5F5Q1S9;F6QLC6;F6Z904	A0A5F5Q1S9_HORSE;F6QLC6_HORSE;F6Z904_HORSE	RAB5A;RAB5B;RAB5C	RAB5B, member RAS onco family	1	0	35.8137	19.5444	29.9533
A0A5F5Q1U4;F7CA25;F7DUK3	A0A5F5Q1U4_HORSE;F7CA25_HORSE;F7DUK3_HORSE	HS6ST1;HS6ST2;HS6ST3	Heparan-sulfate 6-O-sulfotransferase	1	0	25.0639	28.1109	18.6203
A0A5F5Q1W2	A0A5F5Q1W2_HORSE	LOC100069909	Ig-like domain-containing protein	4	4	199.737	167.04	183.58
A0A5F5Q204	A0A5F5Q204_HORSE	TNFRSF1A	Tumor necrosis factor receptor superfamily member 1A	5	5	247.054	226.885	221.542
A0A5F5Q220	A0A5F5Q220_HORSE	JUP	Junction plakoglobin	7	6	40.7994	120.623	181.099
A0A5F5Q248	A0A5F5Q248_HORSE		Myeloid derived growth factor	4	4	1777.76	1399.78	1153.54
A0A5F5Q264	A0A5F5Q264_HORSE		Immunoglobulin V-set domain-containing protein	2	2	983.496	841.945	767.135
A0A5F5Q2D7	A0A5F5Q2D7_HORSE	VCAM1	Vascular cell adhesion molecule 1	3	3	17.2769		
A0A5F5Q2T7	A0A5F5Q2T7_HORSE		Peptidoglycan recognition protein 1	2	2	158.65	184.001	170.915
A0A5F5Q3T2	A0A5F5Q3T2_HORSE	SH3BGRL2	SH3 domain-binding glutamic acid-rich-like protein	2	2	32.0216		34.7342
A0A5K1V901	A0A5K1V901_HORSE	LOC111767871	Solute carrier family 12 member 1	7	7	40.5641	46.0265	29.7353
A0A9L0QX12	A0A9L0QX12_HORSE	PROC	Vitamin K-dependent protein C	6	6	166.913	152.323	114.008
A0A9L0QXU6	A0A9L0QXU6_HORSE	ERAP1	Endoplasmic reticulum aminopeptidase 1	2	2	8.38273		14.119
A0A9L0QXV6	A0A9L0QXV6_HORSE	FMOD	Fibromodulin	3	3	840.929	634.676	367.211
A0A9L0QXY4	A0A9L0QXY4_HORSE	ISYNA1	Inositol-3-phosphate synthase 1	1	1	13.1308		
A0A9L0QY80	A0A9L0QY80_HORSE	KRT18	IF rod domain-containing protein	15	15	691.188	520.314	352.794
A0A9L0QYD5	A0A9L0QYD5_HORSE	DSG1	Desmoglein 1	6	6	37.0637	49.94	53.8912
A0A9L0QZH4	A0A9L0QZH4_HORSE	ITPA	Inosine triphosphate pyrophosphatase	1	1	30.6043	21.7554	26.8855
A0A9L0R065	A0A9L0R065_HORSE	PSMB10	Proteasome subunit beta	1	1	16.5024	15.1266	13.9164
A0A9L0R179	A0A9L0R179_HORSE	CST6	Cystatin E/M	7	7	4687.29	4955.42	5415.7
A0A9L0R1M0	A0A9L0R1M0_HORSE	RECK	Reversion inducing cysteine rich protein with kazal motifs	4	4	30.8912	46.3954	46.7519
A0A9L0R2D2	A0A9L0R2D2_HORSE	GGACT	Gamma-glutamylaminecyclotransferase	1	1			24.2456
A0A9L0R2I1	A0A9L0R2I1_HORSE	SPPL2A	Signal peptide peptidase like 2A	4	4	28.989	26.1708	17.8854
A0A9L0R2P7	A0A9L0R2P7_HORSE	BROX	BRO1 domain-containing protein BROX	3	3	63.3216	42.089	37.4777
A0A9L0R2Y7;A0A9L0S922	A0A9L0R2Y7_HORSE;A0A9L0S922_HORSE	ME2;ME3	Malic enzyme	1	0	12.0334		
A0A9L0R3F3	A0A9L0R3F3_HORSE	GOLM1	Golgi membrane protein 1	3	3	140.927	123.54	142.525
A0A9L0R3U8	A0A9L0R3U8_HORSE	GAS1	Growth arrest specific 1	2	2	44.6227	59.7146	51.8487
A0A9L0R458	A0A9L0R458_HORSE	TXN2	Thioredoxin 2	1	1		17.1573	7.43946
A0A9L0R472	A0A9L0R472_HORSE	MAN1A1	alpha-1,2-Mannosidase	4	4	186.403	184.512	203.135
A0A9L0R4H5	A0A9L0R4H5_HORSE	CLMP	CXADR like membrane protein	2	2	78.6472	131.57	109.249
A0A9L0R518	A0A9L0R518_HORSE	SHISA4	Shisa family member 4	1	1	28.551		21.4325
A0A9L0R598	A0A9L0R598_HORSE	OPCML	Opioid binding protein/cell adhesion molecule like	6	3	104.264	108.638	111.657
A0A9L0R5L7	A0A9L0R5L7_HORSE	TREM1	Triggering receptor expressed on myeloid cells 1	1	1	32.5193	33.9365	48.9097
A0A9L0R5P4	A0A9L0R5P4_HORSE	CAP1	Adenylyl cyclase-associated protein	10	7	69.6854	75.0561	70.4835
A0A9L0R6J1;A0A9L0TJJ6	A0A9L0R6J1_HORSE;A0A9L0TJJ6_HORSE	BRD3;BRD4	Bromodomain containing 4	1	0		248.329	483.465
A0A9L0R6X7	A0A9L0R6X7_HORSE	GSS	Glutathione synthetase	3	3	39.1409	49.8449	35.051
A0A9L0R7H5	A0A9L0R7H5_HORSE	LOC100059239	C4a anaphylatoxin	23	23	2862.21	2672.41	2459.43
A0A9L0R7R8	A0A9L0R7R8_HORSE	PGK1	Phosphoglycerate kinase	1	1	31.8006	26.3359	47.1106
A0A9L0R7T6	A0A9L0R7T6_HORSE	CD93	CD93 molecule	8	8	364.614	356.777	352.902
A0A9L0R7W9	A0A9L0R7W9_HORSE	CCS	Superoxide dismutase copper chaperone	3	3	25.2217	38.9503	22.9311
A0A9L0R8D9	A0A9L0R8D9_HORSE	SMS	Spermine synthase	3	3	16.5475	33.9483	30.1667
A0A9L0R8V1	A0A9L0R8V1_HORSE	CAB39	Calcium binding protein 39	2	2	24.1918		
A0A9L0R966;A0A9L0RAC4	A0A9L0R966_HORSE;A0A9L0RAC4_HORSE	LOC100067532	Peptidase S1 domain-containing protein	1	1	56.5778	83.3504	84.0946
A0A9L0R9C6	A0A9L0R9C6_HORSE	CPD	Carboxypeptidase D	6	6	21.7429	22.2608	
A0A9L0R9K9	A0A9L0R9K9_HORSE	DSC1	Desmocollin 1	7	7	752.819	718.553	886.781
A0A9L0R9U7	A0A9L0R9U7_HORSE	CLTC	Clathrin heavy chain	14	13	55.9737	62.2031	47.3395
A0A9L0R9V6	A0A9L0R9V6_HORSE	LAMP1	Lysosomal associated membrane protein 1	2	2	487.147	483.198	494.926
A0A9L0RAK2	A0A9L0RAK2_HORSE	SPARC	SPARC	11	11	565.434	568.734	532.785
A0A9L0RAU9	A0A9L0RAU9_HORSE	MUC5AC	Mucin 5AC, oligomeric mucus/gel-forming	12	12	265.463	260.234	265.625
A0A9L0RBA5	A0A9L0RBA5_HORSE	LOC100057342	Serpin domain-containing protein	1	1	49.2409	52.6602	35.9817
A0A9L0RBG4	A0A9L0RBG4_HORSE	CCT7	T-complex protein 1 subunit eta	1	1		21.3392	27.0473
A0A9L0RBQ7	A0A9L0RBQ7_HORSE	CALR	Calreticulin	8	8	108.187	110.74	117.02
A0A9L0RBZ8	A0A9L0RBZ8_HORSE	SUSD2	Sushi domain containing 2	1	1	55.6002	68.4706	60.5596
A0A9L0RCA7	A0A9L0RCA7_HORSE	TNXB	Tenascin XB	30	29	709.779	646.705	610.502
A0A9L0RCS2	A0A9L0RCS2_HORSE	PSMB3	Proteasome subunit beta	2	2	48.7052	63.7533	76.5074
A0A9L0RCU7	A0A9L0RCU7_HORSE	OGN	Mimecan	7	7	374	406.511	421.259
A0A9L0RCV8	A0A9L0RCV8_HORSE	TMEM106B	Transmembrane protein 106B	2	2	130.201	142.003	140.464
A0A9L0RCY0	A0A9L0RCY0_HORSE	EIF6	Eukaryotic translation initiation factor 6	4	4	108.634	102.581	73.9587
A0A9L0RD15	A0A9L0RD15_HORSE	COL14A1	Collagen type XIV alpha 1 chain	24	24	366.192	369.552	339.374
A0A9L0RDH1	A0A9L0RDH1_HORSE	GINM1	Glycosylated integral membrane protein 1	5	5	125.776	132.023	125.296
A0A9L0RDR1	A0A9L0RDR1_HORSE	LMAN2	Lectin, mannose binding 2	12	12	7908.34	7271.79	7069.64
A0A9L0RDT1	A0A9L0RDT1_HORSE	ALAD	Delta-aminolevulinic acid dehydratase	1	1		28.4733	25.1813
A0A9L0RE17	A0A9L0RE17_HORSE	CFI	Complement factor I	5	5	79.4904	86.8159	85.1816
A0A9L0RE37	A0A9L0RE37_HORSE	NHERF1	Na(+)/H(+) exchange regulatory cofactor NHE-RF	2	2	24.37	13.7133	17.7656
A0A9L0RE80	A0A9L0RE80_HORSE	L1CAM	L1 cell adhesion molecule	3	3	30.0629	43.4304	43.2815
A0A9L0REV6	A0A9L0REV6_HORSE	LOC100063474	VWFA domain-containing protein	3	2	31.0898	63.0368	66.1676
A0A9L0RFD4	A0A9L0RFD4_HORSE		Aminopeptidase	2	0	205.045	194.011	197.967
A0A9L0RFQ0	A0A9L0RFQ0_HORSE	CCN3	CCN family member 3	6	6	2683.91	2123.18	1814.13
A0A9L0RFX0	A0A9L0RFX0_HORSE	EPHB3	Ephrin type-B receptor 3	5	4	204.113	234.067	191.644
A0A9L0RG40	A0A9L0RG40_HORSE	CDHR5	Cadherin related family member 5	9	9	161.269	170.915	163.469
A0A9L0RG90	A0A9L0RG90_HORSE	CXADR	CXADR Ig-like cell adhesion molecule	9	9	85.6469	91.0301	87.8282
A0A9L0RGP1	A0A9L0RGP1_HORSE	CRP	Pentraxin family member	1	1			16.6437
A0A9L0RGY3	A0A9L0RGY3_HORSE	CLCN4	Chloride channel protein	1	1	49.8005		
A0A9L0RH73	A0A9L0RH73_HORSE	IGFBP3	Insulin-like growth factor-binding protein 3	1	1	26.9208	24.8663	16.2633
A0A9L0RHC5	A0A9L0RHC5_HORSE	BMPR2	receptor protein serine/threonine kinase	2	2	120.317	82.7405	72.3541
A0A9L0RHI1	A0A9L0RHI1_HORSE	PCDH7	Protocadherin 7	1	1	7.05723		
A0A9L0RHI6	A0A9L0RHI6_HORSE	SERPINA3	Serpin family A member 3	11	11	629.341	641.696	640.564
A0A9L0RHZ7	A0A9L0RHZ7_HORSE		Mucin 2, oligomeric mucus/gel-forming	1	1	417.552	441.938	432.079
A0A9L0RI06	A0A9L0RI06_HORSE	STBD1	Starch binding domain 1	1	1	21.2294	12.3289	
A0A9L0RI54	A0A9L0RI54_HORSE		EF-hand domain-containing protein	5	5	92.4173	101.854	120.451
A0A9L0RIQ9	A0A9L0RIQ9_HORSE	PSME1	Proteasome activator complex subunit 1	4	4	86.2175	87.6328	90.2016
A0A9L0RIU9	A0A9L0RIU9_HORSE	CRTAC1	Cartilage acidic protein 1	3	3	37.1081	59.6889	41.7179
A0A9L0RIY7	A0A9L0RIY7_HORSE		RING-type domain-containing protein	1	1	432.997	449.461	422.802
A0A9L0RJ82	A0A9L0RJ82_HORSE	PINLYP	UPAR/Ly6 domain-containing protein	3	3	75.1177	76.2425	72.4094
A0A9L0RJD6	A0A9L0RJD6_HORSE	GGH	folate gamma-glutamyl hydrolase	5	5	94.8502	92.0008	98.9019
A0A9L0RJG7	A0A9L0RJG7_HORSE	NOTCH2	Notch receptor 2	3	3	30.4728	27.4937	25.0289
A0A9L0RJJ4	A0A9L0RJJ4_HORSE	NECTIN1	Nectin cell adhesion molecule 1	1	1	28.5887	21.5429	13.2294
A0A9L0RK58	A0A9L0RK58_HORSE	CNTFR	Ciliary neurotrophic factor receptor	2	2	91.8445	94.603	93.5309
A0A9L0RK66	A0A9L0RK66_HORSE	KIRREL1	Kirre like nephrin family adhesion molecule 1	8	8	95.2351	97.764	95.4753
A0A9L0RKL4	A0A9L0RKL4_HORSE	CZIB	CXXC motif containing zinc binding protein	4	4	104.374	102.638	108.29
A0A9L0RL24	A0A9L0RL24_HORSE	ANTXR1	ANTXR cell adhesion molecule 1	3	3	94.0942	94.6071	88.3964
A0A9L0RLM0	A0A9L0RLM0_HORSE	YWHAB	Tyrosine 3-monooxygenase/tryptophan 5-monooxygenase activation protein beta	6	3	409.262	392.732	368.712
A0A9L0RLQ1	A0A9L0RLQ1_HORSE	HPN	Hepsin	9	9	88.1431	79.6838	84.59
A0A9L0RMF3	A0A9L0RMF3_HORSE	C5	Complement C5	2	2	13.0062		10.1716
A0A9L0RMI1	A0A9L0RMI1_HORSE	RTN4R	Reticulon 4 receptor	1	1	57.9273		33.6678
A0A9L0RMN0	A0A9L0RMN0_HORSE	IGLON5	IgLON family member 5	2	2	78.3436	80.4046	53.2323
A0A9L0RNJ7	A0A9L0RNJ7_HORSE	VSIG4	V-set and immunoglobulin domain containing 4	3	3	176.244	143.602	104.946
A0A9L0RNQ0	A0A9L0RNQ0_HORSE	VTA1	Vesicle trafficking 1	7	7	137.193	153.46	148.901
A0A9L0RNT8	A0A9L0RNT8_HORSE	PAFAH1B2	Platelet-activating factor acetylhydrolase IB subunit alpha2	1	1		15.3122	
A0A9L0RP90;A0A9L0TRS1	A0A9L0RP90_HORSE;A0A9L0TRS1_HORSE	RAB22A;RAB31	RAB22A, member RAS onco family	1	0			24.9351
A0A9L0RPC4	A0A9L0RPC4_HORSE	LOC100059533	Glutathione S-transferase	8	8	444.518	474.757	509.136
A0A9L0RPX9	A0A9L0RPX9_HORSE	QDPR	Quinoid dihydropteridine reductase	1	1	15.3893	10.3054	11.5963
A0A9L0RQL9	A0A9L0RQL9_HORSE	PDZK1	PDZ domain containing 1	1	1		12.6011	13.2117
A0A9L0RR06	A0A9L0RR06_HORSE	APOA1	Apolipoprotein A-I	19	19	5039.75	6113.15	7103.4
A0A9L0RR27	A0A9L0RR27_HORSE	PIGR	Polymeric immunoglobulin receptor	12	12	480.582	456.563	492.255
A0A9L0RR29	A0A9L0RR29_HORSE	PEPD	Xaa-Pro dipeptidase	4	4	7.49842	9.73226	15.0937
A0A9L0RRM0	A0A9L0RRM0_HORSE		ADF-H domain-containing protein	1	1	16.7882	30.3175	30.4527
A0A9L0RRX4	A0A9L0RRX4_HORSE	GPR180	G protein-coupled receptor 180	2	2	53.6495	51.42	60.3055
A0A9L0RS75	A0A9L0RS75_HORSE	LOC100050034	Lipocalin/cytosolic fatty-acid binding domain-containing protein	1	1			12.3369
A0A9L0RSB6	A0A9L0RSB6_HORSE	RPL34	Large ribosomal subunit protein eL34	2	2	28.223	12.4075	
A0A9L0RSF5	A0A9L0RSF5_HORSE	ERP29	Endoplasmic reticulum resident protein 29	1	1	39.4708	40.2936	39.9386
A0A9L0RSJ9	A0A9L0RSJ9_HORSE		Histone H4	6	2	236.814	291.328	302.193
A0A9L0RTG6	A0A9L0RTG6_HORSE	GALNT18	Polypeptide N-acetylgalactosaminyltransferase	3	3		17.9866	19.4894
A0A9L0RTH1	A0A9L0RTH1_HORSE	SCUBE2	Signal peptide, CUB domain and EGF like domain containing 2	1	1	37.1086	31.1075	
A0A9L0RTT2	A0A9L0RTT2_HORSE	MLEC	Malectin	2	2	19.4408		26.9658
A0A9L0RTX8	A0A9L0RTX8_HORSE	RPS16	Small ribosomal subunit protein uS9	1	1		11.8503	25.7264
A0A9L0RUH2	A0A9L0RUH2_HORSE	CDH17	Cadherin 17	3	3	32.0816	41.6814	40.9961
A0A9L0RUN0	A0A9L0RUN0_HORSE	CTHRC1	Collagen triple helix repeat containing 1	4	4	601.026	590.17	560.406
A0A9L0RUS5	A0A9L0RUS5_HORSE	LOC100067869	Haptoglobin	24	24	72010	66555.8	59800.5
A0A9L0RV42	A0A9L0RV42_HORSE	FUCA2	alpha-L-fucosidase	2	2	19.8331		
A0A9L0RV55	A0A9L0RV55_HORSE	JCHAIN	Joining chain of multimeric IgA and IgM	4	4	438.642	475.041	390
A0A9L0RVR8	A0A9L0RVR8_HORSE	HEBP1	Heme-binding protein 1	2	2	23.5716	10.9693	21.1651
A0A9L0RW16	A0A9L0RW16_HORSE	PTK7	Protein tyrosine kinase 7 (inactive)	9	9	187.959	184.47	165.342
A0A9L0RWE3	A0A9L0RWE3_HORSE		Copper transport protein ATOX1	3	3	1607.19	1404.72	1512.86
A0A9L0RXS7	A0A9L0RXS7_HORSE	RAB11A	RAB11A, member RAS onco family	4	4	75.2769	81.495	76.5981
A0A9L0RY15	A0A9L0RY15_HORSE	PPIC	Peptidyl-prolyl cis-trans isomerase	2	2		23.9639	23.9765
A0A9L0RY71	A0A9L0RY71_HORSE	TXNDC17	Thioredoxin domain-containing protein 17	4	4	238.59	271.169	299.142
A0A9L0RYA4	A0A9L0RYA4_HORSE	PSMA7	Proteasome subunit alpha type	6	2	54.5983	56.2599	59.6133
A0A9L0RYK0	A0A9L0RYK0_HORSE	CD9	Tetraspanin	1	1	57.0008	83.1641	84.4319
A0A9L0RZ38	A0A9L0RZ38_HORSE	VPS28	VPS28 subunit of ESCRT-I	1	1	34.4552	24.9416	13.5295
A0A9L0RZ59	A0A9L0RZ59_HORSE	PDCD6	Programmed cell death 6	2	2			23.1215
A0A9L0RZM6	A0A9L0RZM6_HORSE		Ig-like domain-containing protein	2	1	576.642	656.476	673.775
A0A9L0RZP4	A0A9L0RZP4_HORSE	HSPA1A	Heat shock 70kDa protein 1A	11	4	129.446	139.076	133.562
A0A9L0S0F6	A0A9L0S0F6_HORSE	LOC100055297	trypsin	5	5	414.255	363.919	331.51
A0A9L0S0R5	A0A9L0S0R5_HORSE	PSAP	Prosaposin	7	7	184.329	208.489	201.824
A0A9L0S0S2	A0A9L0S0S2_HORSE	IGFALS	Insulin like growth factor binding protein acid labile subunit	1	1	8.81597	17.7135	9.20631
A0A9L0S118	A0A9L0S118_HORSE	KRT78	Keratin 78	2	1		30.2051	42.5661
A0A9L0S187	A0A9L0S187_HORSE		Ig-like domain-containing protein	2	2			165.766
A0A9L0S1D6	A0A9L0S1D6_HORSE	PLBD1	Phospholipase B-like	2	2		21.2831	20.918
A0A9L0S1K0	A0A9L0S1K0_HORSE	QSOX1	Sulfhydryl oxidase	6	6	35.3296	31.5034	27.2245
A0A9L0S1S1	A0A9L0S1S1_HORSE	ITIH1	Inter-alpha-trypsin inhibitor heavy chain H1	3	3	13.1228	19.0252	11.7425
A0A9L0S1T3	A0A9L0S1T3_HORSE	ALDH9A1	Aldehyde dehydrogenase 9 family member A1	6	6	22.3276	31.0595	31.0128
A0A9L0S1U5	A0A9L0S1U5_HORSE	S100A2	S100 calcium binding protein A2	1	1		19.5696	24.3573
A0A9L0S254	A0A9L0S254_HORSE	TXNRD1	Thioredoxin reductase 1, cytoplasmic	1	1	22.5003	19.7006	22.877
A0A9L0S2F1	A0A9L0S2F1_HORSE	PTGR1	Prostaglandin reductase 1	9	9	185.996	175.683	186.042
A0A9L0S2G1	A0A9L0S2G1_HORSE	CSF1R	receptor protein-tyrosine kinase	6	6	990.364	886.145	871.535
A0A9L0S394	A0A9L0S394_HORSE	COLEC12	Collectin-12	8	8	886.65	982.037	944.984
A0A9L0S3K4	A0A9L0S3K4_HORSE	HEG1	Heart development protein with EGF like domains 1	6	6	387.424	345.207	262.278
A0A9L0S491	A0A9L0S491_HORSE	PCOLCE2	Procollagen C-endopeptidase enhancer 2	5	5	235.736	258.922	226.415
A0A9L0S4C1	A0A9L0S4C1_HORSE	ACVR1B	receptor protein serine/threonine kinase	3	3	74.3957	40.4552	43.5304
A0A9L0S4R5	A0A9L0S4R5_HORSE	KLKB1	Kallikrein B1	1	1	17.4581	21.9561	25.2685
A0A9L0S4U0	A0A9L0S4U0_HORSE	PSMD14	Proteasome 26S subunit, non-ATPase 14	1	1	3.98652		5.29036
A0A9L0S512	A0A9L0S512_HORSE	ACP2	Lysosomal acid phosphatase	4	4	379.246	370.425	405.628
A0A9L0S542	A0A9L0S542_HORSE	PLAUR	Urokinase plasminogen activator surface receptor	1	1	43.9965	45.8087	36.6046
A0A9L0S577	A0A9L0S577_HORSE	PPT2	Palmitoyl-protein thioesterase 2	1	1	45.5056	48.9809	37.7456
A0A9L0S5A1	A0A9L0S5A1_HORSE	CD300LF	Immunoglobulin V-set domain-containing protein	2	1	75.8535	89.5244	62.9086
A0A9L0S5Z4	A0A9L0S5Z4_HORSE	MDH1	Malate dehydrogenase	5	5	308.501	277.613	314.738
A0A9L0S621	A0A9L0S621_HORSE	MPI	Mannose-6-phosphate isomerase	1	1		25.9997	32.9214
A0A9L0S643	A0A9L0S643_HORSE	LIFR	LIF receptor subunit alpha	1	1	6.84445	6.06996	7.33832
A0A9L0S6A6	A0A9L0S6A6_HORSE	CD300LG	CD300 molecule like family member g	3	3	1209.8	993.681	818.135
A0A9L0S6U9	A0A9L0S6U9_HORSE	DPT	Dermatopontin	6	6	4908.22	3696.9	2573.62
A0A9L0S772	A0A9L0S772_HORSE	MDK	Midkine	1	1	176.116	130.999	79.213
A0A9L0S7B8	A0A9L0S7B8_HORSE	LDHA	L-lactate dehydrogenase	12	11	617.247	648.022	654.687
A0A9L0S7C9	A0A9L0S7C9_HORSE	ICAM2	Intercellular adhesion molecule 2	3	3	508.069	403.722	415.334
A0A9L0S7H7	A0A9L0S7H7_HORSE	SMPDL3A	Sphingomyelin phosphodiesterase acid like 3A	2	2	46.9744	45.3257	
A0A9L0S7T2	A0A9L0S7T2_HORSE	SOD2	Superoxide dismutase	2	2		18.1109	13.3128
A0A9L0S832	A0A9L0S832_HORSE	FRRS1	Ferric chelate reductase 1	2	2	401.483	494.391	452.374
A0A9L0S8L8	A0A9L0S8L8_HORSE	HSPD1	60 kDa heat shock protein, mitochondrial	3	3	9.49965		13.0133
A0A9L0S9R3	A0A9L0S9R3_HORSE	NUDT5	Nudix hydrolase 5	3	3	62.4843	49.929	50.4046
A0A9L0S9S1	A0A9L0S9S1_HORSE	CKB	Creatine kinase B-type	9	9	618.864	643.072	690.196
A0A9L0S9S5	A0A9L0S9S5_HORSE	IDH2	Isocitrate dehydrogenase [NADP]	2	2		13.9365	
A0A9L0S9U1	A0A9L0S9U1_HORSE	ARPC3	Actin-related protein 2/3 complex subunit 3	1	1	238.636	289.811	148.213
A0A9L0S9Z6	A0A9L0S9Z6_HORSE	MST1	Macrophage stimulating 1	17	17	154.235	150.763	156.502
A0A9L0SA05;A0A9L0SEH8	A0A9L0SA05_HORSE;A0A9L0SEH8_HORSE		Immunoglobulin domain-containing protein	1	0	25.2198		
A0A9L0SAP2	A0A9L0SAP2_HORSE	NIBAN2	Niban apoptosis regulator 2	2	2	18.3534	23.4992	
A0A9L0SB28	A0A9L0SB28_HORSE	DDI2	Regulatory solute carrier protein family 1 member 1	3	3	22.9817	25.0649	20.8056
A0A9L0SB75	A0A9L0SB75_HORSE	NID1	Nidogen 1	8	8	211.012	170.722	154.893
A0A9L0SBB2	A0A9L0SBB2_HORSE	GALM	Galactose mutarotase	3	3	28.4181	23.9604	21.4496
A0A9L0SBR0	A0A9L0SBR0_HORSE	PSMA6	Proteasome 20S subunit alpha 6	4	4	36.6133	57.8903	54.8023
A0A9L0SBW6	A0A9L0SBW6_HORSE	PDIA3	Protein disulfide-isomerase	13	13	158.363	173.654	188.35
A0A9L0SCB7	A0A9L0SCB7_HORSE	CRABP2	Cellular retinoic acid binding protein 2	3	2	23.3834	37.5958	28.9214
A0A9L0SCC2	A0A9L0SCC2_HORSE	ABI3	ABI family member 3	2	2	29.5668	24.5872	17.5042
A0A9L0SCD0	A0A9L0SCD0_HORSE		WAP domain-containing protein	1	1	180.238	226.778	254.956
A0A9L0SCE6	A0A9L0SCE6_HORSE	GCSH	Glycine cleavage system H protein	1	1		13.9534	29.7806
A0A9L0SD08	A0A9L0SD08_HORSE		Glutathione S-transferase	6	2	5557.36	4803.62	3364.44
A0A9L0SD12	A0A9L0SD12_HORSE	OIT3	Oncoprotein induced transcript 3	8	8	296.81	278.986	288.138
A0A9L0SDD7	A0A9L0SDD7_HORSE	GPRC5B	G protein-coupled receptor class C group 5 member B	3	3	423.946	443.816	438.117
A0A9L0SDE2	A0A9L0SDE2_HORSE	FSTL3	Follistatin like 3	1	1	15.6644	14.9333	17.2999
A0A9L0SDG9	A0A9L0SDG9_HORSE		Ig-like domain-containing protein	10	10	2845.19	3045.73	2993.15
A0A9L0SDT6	A0A9L0SDT6_HORSE	GFUS	GDP-L-fucose synthase	2	2	26.7656	44.3261	37.4948
A0A9L0SDX4	A0A9L0SDX4_HORSE	CD163	CD163 molecule	2	2	67.959	57.6956	
A0A9L0SDZ5	A0A9L0SDZ5_HORSE	CPZ	Carboxypeptidase Z	1	1	41.4847	46.6873	22.9531
A0A9L0SEM8	A0A9L0SEM8_HORSE	SERPINB6	Serpin B6	5	5	233.481	161.625	199.312
A0A9L0SEM9	A0A9L0SEM9_HORSE	GALNS	N-acetylgalactosamine-6-sulfatase	6	6	146.386	192.837	170.932
A0A9L0SEP4	A0A9L0SEP4_HORSE	DDB1	Damage specific DNA binding protein 1	1	1	23.9775		
A0A9L0SEZ5	A0A9L0SEZ5_HORSE	EPHA4	receptor protein-tyrosine kinase	1	1	22.0256		22.4341
A0A9L0SF43	A0A9L0SF43_HORSE	ADGRF5	Adhesion G protein-coupled receptor F5	1	1		30.8759	
A0A9L0SFA4	A0A9L0SFA4_HORSE		Uncharacterized protein	2	2	71.0488	54.3974	55.8697
A0A9L0SFQ8	A0A9L0SFQ8_HORSE		Amyloid beta precursor like protein 2	2	1	55.9258	70.8778	72.7211
A0A9L0SFT5	A0A9L0SFT5_HORSE	LOC100050685	Carboxylic ester hydrolase	16	14	194.559	178.129	153.526
A0A9L0SGW6	A0A9L0SGW6_HORSE	UBA1	E1 ubiquitin-activating enzyme	2	2	24.6711	21.1436	13.1363
A0A9L0SH07	A0A9L0SH07_HORSE	JAM3	Junctional adhesion molecule 3	3	3	341.82	311.926	400.86
A0A9L0SH10	A0A9L0SH10_HORSE	GPRC5C	G protein-coupled receptor class C group 5 member C	5	5	167.873	177.236	137.996
A0A9L0SHF4	A0A9L0SHF4_HORSE	LOC100630791	Ig-like domain-containing protein	1	1			9.43575
A0A9L0SHI4	A0A9L0SHI4_HORSE	GAS6	Growth arrest specific 6	19	19	276.993	273.738	263.618
A0A9L0SHJ3	A0A9L0SHJ3_HORSE	ANXA11	Annexin	3	3	18.6864	20.692	23.816
A0A9L0SHZ3	A0A9L0SHZ3_HORSE	NPC2	NPC intracellular cholesterol transporter 2	5	5	47989	27899.6	13042.2
A0A9L0SID4	A0A9L0SID4_HORSE	ANXA3	Annexin	8	7	47.6105	58.7291	54.7654
A0A9L0SIE1	A0A9L0SIE1_HORSE	LTBP2	Latent transforming growth factor beta binding protein 2	3	3	77.7559	72.6159	81.6474
A0A9L0SJ35	A0A9L0SJ35_HORSE	AMN	Protein amnionless	4	4	94.2946	107.032	101.37
A0A9L0SKA5	A0A9L0SKA5_HORSE	CAPN1	Calpain-1 catalytic subunit	9	9	99.6732	85.1784	84.5955
A0A9L0SKG7	A0A9L0SKG7_HORSE	PECAM1	Platelet endothelial cell adhesion molecule	2	2	26.5994	16.4131	32.8661
A0A9L0SLC7	A0A9L0SLC7_HORSE	MPZL2	Myelin protein zero like 2	3	3	32.2331	59.175	53.5896
A0A9L0SLS8	A0A9L0SLS8_HORSE	APOM	Apolipoprotein M	3	3	79.7101	81.106	64.6786
A0A9L0SLY6	A0A9L0SLY6_HORSE	C1R	complement subcomponent C1r	1	1	13.4069		
A0A9L0SM62	A0A9L0SM62_HORSE	RAB7A	Ras-related protein Rab-7a	2	2	28.1017	31.7117	35.8298
A0A9L0SM75	A0A9L0SM75_HORSE	PDXK	Pyridoxal kinase	1	1		10.1419	
A0A9L0SN11	A0A9L0SN11_HORSE	CDH16	Cadherin 16	6	6	45.079	37.295	36.3535
A0A9L0SNS8	A0A9L0SNS8_HORSE	IL1RAP	Interleukin 1 receptor accessory protein	11	11	1617.63	1646.81	1545.08
A0A9L0SP35	A0A9L0SP35_HORSE		Mucin 5AC, oligomeric mucus/gel-forming	11	11	594.528	533.222	459.77
A0A9L0SP56	A0A9L0SP56_HORSE	S100A9	Protein S100-A9	1	1		53.8603	49.5906
A0A9L0SQ46	A0A9L0SQ46_HORSE	SRPX2	Sushi repeat-containing protein SRPX2	3	3	440.613	364.085	338.806
A0A9L0SQ87	A0A9L0SQ87_HORSE		Plasmin	19	19	914.532	849.557	800.491
A0A9L0SQR9	A0A9L0SQR9_HORSE	VMO1	Vitelline membrane outer layer 1 homolog	3	3	103.921	100.115	86.0927
A0A9L0SQX5	A0A9L0SQX5_HORSE	GYG1	glycogenin glucosyltransferase	1	1	19.4146	18.4045	7.33086
A0A9L0SR96	A0A9L0SR96_HORSE	NQO1	NAD(P)H dehydrogenase [quinone] 1	5	5	273.69	347.4	352.632
A0A9L0SRR1	A0A9L0SRR1_HORSE	YWHAZ	Tyrosine 3-monooxygenase/tryptophan 5-monooxygenase activation protein zeta	12	9	1640.18	1585.5	1390.61
A0A9L0SS69	A0A9L0SS69_HORSE	RAC1	Rac family small GTPase 1	1	0	85.9379	72.9778	96.8545
A0A9L0SSB9	A0A9L0SSB9_HORSE	RAP1A	small monomeric GTPase	3	1	144.681	156.775	166.918
A0A9L0SSR4	A0A9L0SSR4_HORSE	LCN2	Lipocalin 2	14	14	8189.86	7588.19	7172.08
A0A9L0STQ4;F7BA08	A0A9L0STQ4_HORSE;F7BA08_HORSE	HNRNPR;SYNCRIP	Synaptotagmin binding cytoplasmic RNA interacting protein	2	0			5.38529
A0A9L0STT9	A0A9L0STT9_HORSE	C1RL	Complement C1r subcomponent like	10	9	318.268	292.936	227.516
A0A9L0STX6	A0A9L0STX6_HORSE	CPE	Carboxypeptidase E	7	7	303.628	295.39	310.183
A0A9L0SU51	A0A9L0SU51_HORSE	TKT	Transketolase	10	9	308.134	323.365	350.073
A0A9L0SUF5	A0A9L0SUF5_HORSE	MATN3	Matrilin 3	6	6	455.739	271.687	208.012
A0A9L0SUN4	A0A9L0SUN4_HORSE	KRT34	Keratin 34	1	1		52.4904	96.1154
A0A9L0SUP5	A0A9L0SUP5_HORSE	COCH	Cochlin	3	3	2069.54	1771.23	1479.15
A0A9L0SUV9	A0A9L0SUV9_HORSE	BCAM	Basal cell adhesion molecule	12	12	419.375	376.218	358.189
A0A9L0SUY6	A0A9L0SUY6_HORSE	SOD3	Superoxide dismutase [Cu-Zn]	4	4	967.82	924.346	925.08
A0A9L0SVS0	A0A9L0SVS0_HORSE	LCN15	Lipocalin 15	2	2	16.0265	13.9087	14.8496
A0A9L0SVW2	A0A9L0SVW2_HORSE	BLMH	Bleomycin hydrolase	1	1	13.0042	27.389	34.2229
A0A9L0SW24	A0A9L0SW24_HORSE	GPX3	Glutathione peroxidase	4	4	27.6866	26.1255	28.6791
A0A9L0SWR6	A0A9L0SWR6_HORSE		10 kDa heat shock protein, mitochondrial	6	6	501.525	366.044	428.009
A0A9L0SWY2	A0A9L0SWY2_HORSE	TRAP1	TNF receptor associated protein 1	1	1	22.4062	38.0009	40.5869
A0A9L0SXJ1	A0A9L0SXJ1_HORSE	PGM1	Phosphoglucomutase-1	3	3	9.45049	4.49918	12.3506
A0A9L0SXU9	A0A9L0SXU9_HORSE	GPI	Glucose-6-phosphate isomerase	10	10	142.415	139.501	147.483
A0A9L0SYN8	A0A9L0SYN8_HORSE	TMOD3	Tropomodulin 3	1	1		15.9799	13.5544
A0A9L0SYT2	A0A9L0SYT2_HORSE	CD276	CD276 molecule	1	1	88.2401	94.3118	90.2721
A0A9L0SZ69	A0A9L0SZ69_HORSE	PLS3	Plastin-3	2	1	18.2266	31.1721	
A0A9L0SZA4	A0A9L0SZA4_HORSE		Cystatin LXN-type domain-containing protein	2	2	14.4743	15.4767	
A0A9L0SZM0	A0A9L0SZM0_HORSE		SUEL-type lectin domain-containing protein	3	3	185.25	158.703	179.254
A0A9L0SZP4	A0A9L0SZP4_HORSE	APOD	Apolipoprotein D	6	6	128.048	128.196	136.839
A0A9L0T0B4	A0A9L0T0B4_HORSE	SMPDL3B	Sphingomyelin phosphodiesterase acid like 3B	2	2	26.8422	17.8496	19.7725
A0A9L0T0Z7	A0A9L0T0Z7_HORSE	TGFBR2	TGF-beta receptor type-2	3	3	822.663	825.398	914.626
A0A9L0T1B5	A0A9L0T1B5_HORSE	AGT	Angiotensinogen	18	18	624.544	639.861	546.384
A0A9L0T1K7	A0A9L0T1K7_HORSE	TMPRSS2	Transmembrane serine protease 2	3	3	91.6374	104.627	93.0144
A0A9L0T2D6	A0A9L0T2D6_HORSE	TYMP	Thymidine phosphorylase	2	2		12.2723	13.1288
A0A9L0T2I0	A0A9L0T2I0_HORSE		Ig-like domain-containing protein	3	3	83.0811	55.6437	57.6238
A0A9L0T2P9	A0A9L0T2P9_HORSE	GFRA1	GDNF family receptor alpha-1	1	1	38.3844		
A0A9L0T2W0	A0A9L0T2W0_HORSE	RRAS2	RAS related 2	2	1			20.6583
A0A9L0T364	A0A9L0T364_HORSE	PCBD1	Pterin-4-alpha-carbinolamine dehydratase	1	1		24.9751	
A0A9L0T441	A0A9L0T441_HORSE	LOC106781327	Lipocalin/cytosolic fatty-acid binding domain-containing protein	3	3	112.545	127.083	122.801
A0A9L0T474	A0A9L0T474_HORSE	ADGRG1	Adhesion G-protein coupled receptor G1	3	3	63.5411	87.4618	63.6198
A0A9L0T4B9	A0A9L0T4B9_HORSE	EPHA2	receptor protein-tyrosine kinase	4	4	37.9272	34.8698	31.3741
A0A9L0T4E3	A0A9L0T4E3_HORSE	RAB1A	RAB1A, member RAS onco family	2	0	112.669	133.198	135.013
A0A9L0T4M1	A0A9L0T4M1_HORSE		Collagen type VII alpha 1 chain	4	4	23.7936	22.813	24.5071
A0A9L0T4Y1	A0A9L0T4Y1_HORSE	DDR2	receptor protein-tyrosine kinase	1	1	24.884	39.0034	37.1826
A0A9L0T558	A0A9L0T558_HORSE	LRG1	Leucine rich alpha-2-glycoprotein 1	11	11	1575.27	1509.31	1361.96
A0A9L0T5D8	A0A9L0T5D8_HORSE	CTSO	Cathepsin O	3	3	46.7913	37.6827	32.2971
A0A9L0T6I4	A0A9L0T6I4_HORSE	ARG1	Arginase	2	2		43.8511	68.6281
A0A9L0T6J7	A0A9L0T6J7_HORSE	GPLD1	Phosphatidylinositol-glycan-specific phospholipase D	2	2	6.56563		
A0A9L0T6K3	A0A9L0T6K3_HORSE	PRDX5	Peroxiredoxin-5	3	3	19.1268	12.7508	24.2591
A0A9L0T720	A0A9L0T720_HORSE	CD27	CD27 molecule	1	1	17.5478	16.1367	14.688
A0A9L0T766	A0A9L0T766_HORSE	ESD	S-formylglutathione hydrolase	4	4	42.9041	42.1445	43.1468
A0A9L0T782	A0A9L0T782_HORSE	DSC3	Desmocollin 3	10	10	2238.47	2417.82	2552.1
A0A9L0T7Z8	A0A9L0T7Z8_HORSE	PMPCB	Mitochondrial-processing peptidase subunit beta	1	1	40.9351	33.8809	22.2717
A0A9L0T8S3	A0A9L0T8S3_HORSE	CALU	Calumenin	4	4	156.492	160.269	140.266
A0A9L0T976	A0A9L0T976_HORSE	LOC100063291	Glucosaminyl (N-acetyl) transferase 2 (I blood group)	1	1	16.51		13.4375
A0A9L0T9N2	A0A9L0T9N2_HORSE	TMED7	Transmembrane p24 trafficking protein 7	4	4	107.149	125.322	116.638
A0A9L0T9Q1	A0A9L0T9Q1_HORSE	MMP7	Matrix metallopeptidase 7	2	2			16.3288
A0A9L0T9T5	A0A9L0T9T5_HORSE	PSMB7	Proteasome subunit beta	2	2	66.1301	79.2451	67.1311
A0A9L0T9W6	A0A9L0T9W6_HORSE	EPHB2	receptor protein-tyrosine kinase	5	5	119.384	94.6032	89.5526
A0A9L0TA84	A0A9L0TA84_HORSE	H1-12	H1.12 linker histone, cluster member	1	0	44.7001	54.2619	64.8737
A0A9L0TA95	A0A9L0TA95_HORSE	LAIR1	Ig-like domain-containing protein	1	1	19.2556		
A0A9L0TBG2	A0A9L0TBG2_HORSE	VCL	Vinculin	11	11	7.48428	47.8848	21.7528
A0A9L0TBX2	A0A9L0TBX2_HORSE	RPL10A	Ribosomal protein	1	1		9.30843	22.8329
A0A9L0TBY1	A0A9L0TBY1_HORSE	FRZB	Secreted frizzled-related protein 3	1	1	187.241	161.302	164.381
A0A9L0TCZ0	A0A9L0TCZ0_HORSE	CD48	CD48 molecule	6	6	87.9711	91.3132	99.8796
A0A9L0TDV8	A0A9L0TDV8_HORSE	DPP3	Dipeptidyl peptidase 3	4	4	61.1723	63.3434	66.0036
A0A9L0TDX1	A0A9L0TDX1_HORSE	GP1BA	Glycoprotein Ib platelet subunit alpha	2	2	71.4574	60.0539	64.4695
A0A9L0TER8	A0A9L0TER8_HORSE	SERPINF2	Serpin family F member 2	3	3	220.435	198.764	177.258
A0A9L0TEW9	A0A9L0TEW9_HORSE	C3	Complement C3	22	22	184.898	174.956	180.058
A0A9L0TF86	A0A9L0TF86_HORSE	PXDN	Peroxidasin	4	4	183.039	131.498	79.094
A0A9L0TFF4	A0A9L0TFF4_HORSE	CRYM	Ketimine reductase mu-crystallin	3	3	7.89454	7.37426	8.05854
A0A9L0TG29	A0A9L0TG29_HORSE	MYH14	Myosin heavy chain 14	6	6	24.1977	22.0697	
A0A9L0TG41	A0A9L0TG41_HORSE	UGDH	UDP-glucose 6-dehydrogenase	2	2	37.6584	30.272	34.0518
A0A9L0TGI1	A0A9L0TGI1_HORSE	ALCAM	CD166 antigen	8	8	440.444	419.186	384.792
A0A9L0TGS9	A0A9L0TGS9_HORSE	SHMT1	Serine hydroxymethyltransferase	7	6	72.1808	68.0799	63.53
A0A9L0TGY2	A0A9L0TGY2_HORSE	PCDH1	Protocadherin 1	9	9	104.008	106.212	120.02
A0A9L0TH63	A0A9L0TH63_HORSE	PTPRG	protein-tyrosine-phosphatase	5	5	110.784	121.294	121.487
A0A9L0THG8	A0A9L0THG8_HORSE	CD58	Ig-like domain-containing protein	1	1	21.4893	23.0824	8.9706
A0A9L0TIA5	A0A9L0TIA5_HORSE	NUCB2	Nucleobindin 2	4	4	77.0776	101.566	124.042
A0A9L0TIB7	A0A9L0TIB7_HORSE	B3GNT7	UDP-GlcNAc:betaGal beta-1,3-N-acetylglucosaminyltransferase 7	6	6	103.246	99.2103	88.5631
A0A9L0TIY7	A0A9L0TIY7_HORSE	MINPP1	Multiple inositol polyphosphate phosphatase 1	3	3	23.053	27.1324	26.8401
A0A9L0TK47	A0A9L0TK47_HORSE	ICAM1	Intercellular adhesion molecule 1	2	2		26.8166	27.2937
A0A9L0TKA3	A0A9L0TKA3_HORSE	ATP5F1B	ATP synthase subunit beta, mitochondrial	7	7	44.7587	36.2391	39.8404
A0A9L0TKC7	A0A9L0TKC7_HORSE	YWHAQ	14-3-3 protein theta	2	2	20.8676	15.8423	14.4387
A0A9L0TKG2	A0A9L0TKG2_HORSE		Ig-like domain-containing protein	2	2	102.607	109.094	82.4975
A0A9L0TKN1	A0A9L0TKN1_HORSE	LOXL3	Lysyl oxidase homolog	1	1		22.1847	
A0A9L0TKZ3	A0A9L0TKZ3_HORSE	MUC1	Mucin-1	2	2	1073.98	1178.02	1162.51
A0A9L0TL44;F6V551	A0A9L0TL44_HORSE;F6V551_HORSE		Alkaline phosphatase	4	0	24.9559	50.4146	56.0425
A0A9L0TLI5	A0A9L0TLI5_HORSE	TNFRSF9	TNF receptor superfamily member 9	3	3	105.864	100.27	65.0352
A0A9L0TLJ2	A0A9L0TLJ2_HORSE	NUDT2	Bis(5'-nucleosyl)-tetraphosphatase [asymmetrical]	6	6	85.2528	94.1914	76.6656
A0A9L0TLY8	A0A9L0TLY8_HORSE	NAGA	Alpha-galactosidase	9	9	655.462	748.63	722.611
A0A9L0TM29	A0A9L0TM29_HORSE	C4BPA	Complement component 4 binding protein alpha	1	1	8.62422		
A0A9L0TM48	A0A9L0TM48_HORSE	ERP44	Endoplasmic reticulum protein 44	3	3	84.8079	78.6853	114.71
A0A9L0TM63	A0A9L0TM63_HORSE	IDH1	isocitrate dehydrogenase (NADP(+))	20	19	255.828	261.557	265.612
A0A9L0TMJ7	A0A9L0TMJ7_HORSE	TUBA4A	Tubulin alpha 4a	12	2	82.8157	76.9224	80.676
A0A9L0TMV2	A0A9L0TMV2_HORSE	GDI2	Rab GDP dissociation inhibitor	3	3	29.786	33.3967	46.9633
A0A9L0TMV8	A0A9L0TMV8_HORSE	SUSD5	Sushi domain containing 5	4	4	291.456	250.242	262.438
A0A9L0TMY7	A0A9L0TMY7_HORSE	SGCA	Sarcoglycan alpha	2	2	30.4174	32.144	25.4318
A0A9L0TN10	A0A9L0TN10_HORSE	EREG	Epiregulin	1	1	17.1759		
A0A9L0TN67	A0A9L0TN67_HORSE	LAMB1	Laminin subunit beta 1	8	8	99.3375	81.1572	94.8884
A0A9L0TNX4	A0A9L0TNX4_HORSE	LOC100066738	C-type lectin domain-containing protein	3	3	87.4348	65.8585	67.6572
A0A9L0TP85	A0A9L0TP85_HORSE	CHMP1A	Charged multivesicular body protein 1A	2	2	59.9134	45.1928	
A0A9L0TP99	A0A9L0TP99_HORSE	CD5L	CD5 molecule like	4	4	114.382	120.113	111.165
A0A9L0TPT4	A0A9L0TPT4_HORSE	MCAM	Melanoma cell adhesion molecule	4	4	26.6692	30.0759	29.1318
A0A9L0TPT7	A0A9L0TPT7_HORSE	ACE2	Angiotensin-converting enzyme	3	3	18.7862	19.5206	20.1563
A0A9L0TPV9	A0A9L0TPV9_HORSE	CADM4	Cell adhesion molecule 4	5	5	518.603	528.423	435.287
A0A9L0TQP3	A0A9L0TQP3_HORSE	AP1B1	AP complex subunit beta	3	2	10.9798	16.4631	14.3267
A0A9L0TQW9	A0A9L0TQW9_HORSE		IF rod domain-containing protein	7	5		492.44	895.954
A0A9L0TR27	A0A9L0TR27_HORSE	TCN2	Transcobalamin-2	10	10	1211.39	1112.5	1079.73
A0A9L0TRM9	A0A9L0TRM9_HORSE	ABHD14B	Abhydrolase domain containing 14B	2	2	258.666	280.377	281.319
A0A9L0TS93	A0A9L0TS93_HORSE	AZGP1	Alpha-2-glycoprotein 1, zinc-binding	10	10	2986.03	3384.45	3453.19
A0A9L0TSA5	A0A9L0TSA5_HORSE	MANBA	Beta-mannosidase	4	4	55.4838	53.5135	54.1184
A0A9L0TSB6	A0A9L0TSB6_HORSE	HDDC3	Guanosine-3',5'-bis(diphosphate) 3'-pyrophosphohydrolase MESH1	1	1	23.1033	18.2221	13.3862
A0A9L0TSF8	A0A9L0TSF8_HORSE	PCDH17	Protocadherin 17	4	4	27.5158	31.7754	28.4613
A0A9L0TTK0	A0A9L0TTK0_HORSE	FAH	Fumarylacetoacetase	4	4	83.6803	93.9007	93.7272
A0A9L0TU12	A0A9L0TU12_HORSE	PEBP4	Phosphatidylethanolamine binding protein 4	5	5	415.488	370.148	352.469
A0A9L0TU78	A0A9L0TU78_HORSE	DLK2	Delta like non-canonical Notch ligand 2	4	4	290.984	255.768	247.399
A0A9L0TUF8	A0A9L0TUF8_HORSE	ICOSLG	Ig-like domain-containing protein	2	2	3273.13	3260.93	2918.4
A0A9L0TUX2	A0A9L0TUX2_HORSE	PRSS8	Serine protease 8	4	4	564.892	516.539	412.741
A0A9R1SD49	A0A9R1SD49_HORSE	PYGL	Alpha-1,4 glucan phosphorylase	3	3	14.3902	12.5184	12.3846
A0A9R1SKX5	A0A9R1SKX5_HORSE	PKM	Pyruvate kinase	9	8	121.899	118.029	139.888
A0A9R1SM02	A0A9R1SM02_HORSE		Serpin domain-containing protein	1	1		19.613	22.1568
A2Q0Z0	EF1A1_HORSE	EEF1A1	Elongation factor 1-alpha 1	8	3	132.973	152.819	167.539
A2Q0Z1	HSP7C_HORSE	HSPA8	Heat shock cognate 71 kDa protein	16	10	262.971	255.684	249.476
A2Q127	EF1G_HORSE	EEF1G	Elongation factor 1-gamma	2	2	11.0519	11.3285	10.9562
A8BQB4	GDE_HORSE	AGL	Glycogen debranching enzyme	2	2		15.0101	18.2747
B0LDS7	B0LDS7_HORSE	EFNB2	Ephrin-B2	7	7	497.616	527.314	513.335
B8K205	B8K205_HORSE	CDH11	Cadherin 11	17	16	3262.46	3071.28	3014.15
F6PH25	F6PH25_HORSE	SMPD1	Sphingomyelin phosphodiesterase 1	13	13	435.001	409.179	397.27
F6PH38	F6PH38_HORSE	FGB	Fibrinogen beta chain	12	11	259.487	253.523	247.627
F6PIY3	F6PIY3_HORSE	KATNAL2	Katanin p60 ATPase-containing subunit A-like 2	1	1	80.8189		
F6PKE1	F6PKE1_HORSE	INHCA	Transferrin	21	21	108.01	108.05	107.206
F6PMY4	F6PMY4_HORSE	LRP1	LDL receptor related protein 1	5	5	301.546	285.349	268.725
F6PN44	F6PN44_HORSE	ATP1B1	Sodium/potassium-transporting ATPase subunit beta	1	1	20.0448		23.0125
F6PN81	F6PN81_HORSE	TNC	Tenascin C	30	30	1294.61	1182.08	1138
F6PNA8	F6PNA8_HORSE	TACSTD2	Tumor associated calcium signal transducer 2	1	1	9.34197		12.1108
F6PNE7	F6PNE7_HORSE	THBD	Thrombomodulin	6	6	438.999	412.636	395.128
F6PNM1	F6PNM1_HORSE	SDF4	45 kDa calcium-binding protein	8	8	176.51	159.818	161.563
F6PNU9	F6PNU9_HORSE	ARF6	ADP-ribosylation factor 6	2	2	23.3673	23.5825	22.0154
F6PQ32	F6PQ32_HORSE	TNFRSF1B	TNF receptor superfamily member 1B	6	6	1032.19	827.07	655.754
F6PQ46	F6PQ46_HORSE	CP	ferroxidase	23	22	581.004	579.776	615.167
F6PQH3	F6PQH3_HORSE	SLC44A4	Choline transporter-like protein	3	3	56.0974	42.1697	60.6013
F6PQL7	F6PQL7_HORSE	PERP	P53 apoptosis effector related to PMP22	1	1		42.4725	56.7283
F6PR72	F6PR72_HORSE	LOC100629823	Uteroglobin	2	2	105.504	64.4301	38.336
F6PUX8	F6PUX8_HORSE	CHMP2A	Charged multivesicular body protein 2A	3	3	125.405	173.71	148.076
F6PVG3	F6PVG3_HORSE	EFEMP1	EGF containing fibulin extracellular matrix protein 1	13	13	1881.82	1596.15	1265.18
F6PW39	F6PW39_HORSE	TGM1	Protein-glutamine gamma-glutamyltransferase K	1	1	11.8462		31.4987
F6PWL9	F6PWL9_HORSE	GDI1	Rab GDP dissociation inhibitor	8	4	97.695	105.513	88.0406
F6PYH6	F6PYH6_HORSE	HEBP2	Heme binding protein 2	5	5	51.1696	66.0014	68.2771
F6PZ21	F6PZ21_HORSE	MVB12A	Multivesicular body subunit 12A	2	2	48.3457		55.7817
F6PZH5	F6PZH5_HORSE	NEO1	Neogenin 1	8	8	61.548	52.4899	47.6644
F6Q1L5	F6Q1L5_HORSE	CRB2	Crumbs cell polarity complex component 2	4	4		40.1218	31.7845
F6Q2F4	F6Q2F4_HORSE	CD300LB	CD300 molecule like family member b	5	5	142.713	130.883	147.378
F6Q3P2	F6Q3P2_HORSE	TFF1	Trefoil factor 1	1	1	100.466	84.2239	55.8062
F6Q3S6	F6Q3S6_HORSE	PRADC1	Protease associated domain containing 1	2	2	166.31	174.146	144.153
F6Q6A8	F6Q6A8_HORSE	RCN3	Reticulocalbin 3	9	9	578.933	565.181	505.407
F6Q6W4	F6Q6W4_HORSE	FABP3	Fatty acid binding protein 3	5	5	250.792	297.952	300.032
F6Q748	F6Q748_HORSE	PDGFRB	Platelet-derived growth factor receptor beta	8	8	260.046	273.187	253.544
F6Q947	F6Q947_HORSE	COL15A1	Collagen type XV alpha 1 chain	9	9	4789.62	4295.06	3659.44
F6QAD8	F6QAD8_HORSE	LOC100061656	Alpha-2-macroglobulin	3	3	13.7139	16.0174	12.5671
F6QBJ2	F6QBJ2_HORSE	EPDR1	Mammalian ependymin-related protein 1	1	1	12.7467	15.7269	17.6483
F6QFD9	F6QFD9_HORSE	CPN2	Carboxypeptidase N subunit 2	5	5	86.1384	71.5037	73.6562
F6QFQ3	F6QFQ3_HORSE	PLXDC2	Plexin domain containing 2	6	6	107.493	100.559	97.0184
F6QHI0	F6QHI0_HORSE	TFF2	Trefoil factor 2	2	2	475.059	424.229	439.755
F6QIZ4	F6QIZ4_HORSE	TLN1	Talin 1	1	1	14.9263	19.7694	7.11348
F6QJ78	F6QJ78_HORSE	CTSA	Carboxypeptidase	3	3	46.0037	52.4443	49.7759
F6QJT2	F6QJT2_HORSE	TWSG1	Twisted gastrulation BMP signaling modulator 1	4	4	697.125	681.526	690.788
F6QKG6	F6QKG6_HORSE	LGB2	Beta-lactoglobulin II	5	5	105.783	81.0614	55.0436
F6QKJ2	F6QKJ2_HORSE	QNG1	Queuosine 5'-phosphate N-glycosylase/hydrolase	1	1		19.6091	
F6QKR7	F6QKR7_HORSE	MYOC	Myocilin	11	11	882.175	859.395	944.031
F6QMJ6	F6QMJ6_HORSE	FDX1	Adrenal ferredoxin	3	3	47.4498	42.2178	42.7767
F6QP56	F6QP56_HORSE	CLEC14A	C-type lectin domain containing 14A	1	1	20.2365	23.4364	22.8327
F6QV41	F6QV41_HORSE	CHMP2B	Charged multivesicular body protein 2B	2	1	11.0521		
F6QXQ3	F6QXQ3_HORSE	PI16	Peptidase inhibitor 16	1	1	59.9856	31.7696	
F6QXW2	F6QXW2_HORSE	PEBP1	Phosphatidylethanolamine-binding protein 1	10	10	802.831	754.052	741.916
F6QYS3	F6QYS3_HORSE	ECM1	Extracellular matrix protein 1	7	7	48.4423	41.6553	42.63
F6R5V4	F6R5V4_HORSE	CPVL	Carboxypeptidase vitellogenic like	7	7	54.2317	65.6014	56.2168
F6R5Y2	F6R5Y2_HORSE	SERPINA5	Serpin family A member 5	13	13	4331.88	3381.26	3291.66
F6R6Z6	F6R6Z6_HORSE	EPCAM	Epithelial cell adhesion molecule	5	5	712.883	686.249	648.351
F6R830	F6R830_HORSE	FLRT2	Fibronectin leucine rich transmembrane protein 2	4	4	22.4999	18.8711	18.8169
F6R8T8	F6R8T8_HORSE	ACY1	N-acyl-aliphatic-L-amino acid amidohydrolase	9	9	60.9028	61.4149	60.9152
F6R950	F6R950_HORSE	PCNA	Proliferating cell nuclear antigen	1	1		9.59865	12.2191
F6RB67	F6RB67_HORSE	NRP2	Neuropilin	3	3	24.7732	27.2569	20.904
F6RC31	F6RC31_HORSE	SGSH	N-sulfoglucosamine sulfohydrolase	4	4	114.746	140.721	126.303
F6RHD5	F6RHD5_HORSE	APRT	Adenine phosphoribosyltransferase	2	2	24.1653	31.1593	43.4049
F6RI47	F6RI47_HORSE	A2M	Alpha-2-macroglobulin	48	46	2680.83	2647.89	2440.1
F6RIZ2	F6RIZ2_HORSE	IGFBP7	Insulin like growth factor binding protein 7	10	10	881.286	735.668	720.667
F6RL46	F6RL46_HORSE	PGLS	6-phosphogluconolactonase	3	3	141.515	178.491	165.951
F6RLF4	F6RLF4_HORSE	ACP1	Low molecular weight phosphotyrosine protein phosphatase	1	1		5.13314	4.96556
F6RLT8	F6RLT8_HORSE	CAPNS1	Calpain small subunit 1	3	3	60.5012	59.3887	69.0517
F6RM45	F6RM45_HORSE	RHOF	Ras homolog family member F, filopodia associated	1	1	21.988	14.2858	10.8823
F6RMM1	F6RMM1_HORSE	SH3BGRL	SH3 domain-binding glutamic acid-rich-like protein 1	4	4	102.713	110.472	105.197
F6RPT6	F6RPT6_HORSE	EFNB1	Ephrin-B1	4	4	652.154	558.376	532.375
F6RR40	F6RR40_HORSE	MFRP	Membrane frizzled-related protein	2	2	9.35743	18.0699	20.6288
F6RRV1	F6RRV1_HORSE	FETUB	Fetuin B	10	10	1221.76	1205.66	1218.25
F6RUJ8	F6RUJ8_HORSE	CCN1	CCN family member 1	1	1	32.2806	37.2648	29.6713
F6RUQ9	F6RUQ9_HORSE	CDH2	Cadherin-2	10	10	462.504	431.978	425.196
F6RVV9	F6RVV9_HORSE	ENDOD1	Endonuclease domain containing 1	1	1		54.5027	53.742
F6RWH6	F6RWH6_HORSE	SCUBE1	Signal peptide, CUB domain and EGF like domain containing 1	1	1			10.8412
F6RZ27	F6RZ27_HORSE	APOA4	Apolipoprotein A-IV	20	20	509.113	688.262	820.561
F6S2D0	F6S2D0_HORSE	IDI1	isopentenyl-diphosphate Delta-isomerase	3	3	33.3354	41.0049	38.3899
F6S2F8	F6S2F8_HORSE	H1-3	H1.3 linker histone, cluster member	3	1	38.2277	40.7847	42.0788
F6S6E6	F6S6E6_HORSE	KLK1	Kallikrein 1	5	5	658.242	704.132	657.55
F6S6Y3	F6S6Y3_HORSE	GUCA2B	Guanylate cyclase activator 2B	1	1	161.738	193.447	210.034
F6S8M6	F6S8M6_HORSE	ECH1	Enoyl-CoA hydratase 1	5	5	10.743	17.5325	17.4822
F6S9L8	F6S9L8_HORSE	MAMDC4	MAM domain containing 4	4	4	343.272	374.016	339.378
F6S9R7	F6S9R7_HORSE	ANXA4	Annexin	3	3	12.035	20.87	21.3308
F6SEM5	F6SEM5_HORSE	MRC2	Mannose receptor C-type 2	5	5	58.6123	53.129	54.6298
F6SJA9	F6SJA9_HORSE	LOC100055507	SH3 domain-containing protein	1	1		16.0368	26.0767
F6SKT2	F6SKT2_HORSE	LUM	Lumican	7	7	183.915	186.167	203.06
F6SKY2	F6SKY2_HORSE	KRT36	Keratin 36	5	3		44.6377	66.2999
F6SPH9	F6SPH9_HORSE	CANX	Calnexin	5	5	41.3595	53.471	46.038
F6SQZ6	F6SQZ6_HORSE		Membrane cofactor protein	4	4	1163.49	856.998	447.926
F6SR87	F6SR87_HORSE	PROZ	Protein Z, vitamin K dependent plasma glycoprotein	4	4	58.5469	42.7679	65.1694
F6SS14	F6SS14_HORSE	KRT10B	Keratin, type I cytoskeletal 10	9	1	3592.68	7197.68	10084.8
F6SS69	F6SS69_HORSE	FUCA1	Alpha-L-fucosidase	6	6	207.643	177.552	178.723
F6ST15	F6ST15_HORSE	KRT88	IF rod domain-containing protein	1	1		80.5123	110.472
F6SUP2	F6SUP2_HORSE		Secretoglobin family 1A member 1	2	2	135.811	185.562	197.441
F6SX07	F6SX07_HORSE	LOC100066370	Galectin	6	4	119.032	94.3246	96.6265
F6SX57	F6SX57_HORSE	LRRC15	Leucine rich repeat containing 15	11	11	2438.7	2161.72	1855.32
F6SXC4	F6SXC4_HORSE	CSF1	Colony stimulating factor 1	5	5	137.467	135.017	135.187
F6SZG4	F6SZG4_HORSE	HPRT1	Hypoxanthine phosphoribosyltransferase	5	5	1157.89	1335.5	1360.32
F6T0P6	F6T0P6_HORSE	GC	Vitamin D-binding protein	13	13	1050.22	1029.4	996.612
F6T175	F6T175_HORSE	GOLGA3	Golgin A3	1	1		537.577	472.927
F6T1A4;F6Z421	F6T1A4_HORSE;F6Z421_HORSE		Large ribosomal subunit protein uL11	1	0	33.514	38.0063	29.2723
F6T1P0	F6T1P0_HORSE	PTGR2	Prostaglandin reductase 2	2	2		8.61857	10.409
F6T201	F6T201_HORSE	CSPG4	Chondroitin sulfate proteoglycan 4	18	18	3120.35	3256.08	3162.62
F6T3G7	F6T3G7_HORSE	PCDH19	Protocadherin 19	6	6	28.7416	37.1875	31.0162
F6T471	F6T471_HORSE	GNPDA1	Glucosamine-6-phosphate isomerase	1	0			84.1598
F6T4X6	F6T4X6_HORSE	IMPA1	Inositol-1-monophosphatase	1	1	7.44708	23.8787	12.453
F6T506	F6T506_HORSE		Translation machinery-associated protein 16	1	1	3.59781		
F6T7K7	F6T7K7_HORSE	TCN1	Transcobalamin 1	4	4	24.5609	33.1031	37.2339
F6TCR6	F6TCR6_HORSE	LOC100056283	Creatine kinase U-type, mitochondrial	1	1	44.3323	53.6393	66.0382
F6TDH5	F6TDH5_HORSE	F10	Coagulation factor X	1	1	25.9133	20.5017	19.5492
F6TFH2	F6TFH2_HORSE	CPXM1	Carboxypeptidase X, M14 family member 1	1	1	21.1765	20.4584	18.5797
F6TGT9	F6TGT9_HORSE	MMP14	Matrix metallopeptidase 14	2	2	9.33577		9.37992
F6TJM7	F6TJM7_HORSE	DPEP1	Dipeptidase	1	1	5.86825		
F6TJX5	F6TJX5_HORSE	TPP1	Tripeptidyl peptidase 1	8	8	724.231	775.905	779.216
F6TQY1	F6TQY1_HORSE	HMCN1	Hemicentin 1	6	6	229.609	240.261	231.789
F6TXZ9	F6TXZ9_HORSE	RPS25	40S ribosomal protein S25	1	1		12.5756	17.4396
F6TY61	F6TY61_HORSE	DDAH2	DDAH family member 2, ADMA-independent	10	9	266.129	225.521	223.011
F6TYW4	F6TYW4_HORSE	MDH2	Malate dehydrogenase	11	11	35.0084	51.9146	52.2331
F6TZS9	F6TZS9_HORSE	TPI1	Triosephosphate isomerase	13	13	729.215	779.024	791.489
F6U3D3	F6U3D3_HORSE	COMP	Cartilage oligomeric matrix protein	6	5	879.741	625.274	488.386
F6U3F1	F6U3F1_HORSE	DLD	Dihydrolipoyl dehydrogenase	2	2		36.6206	50.5
F6U520	F6U520_HORSE	FGFR3	Fibroblast growth factor receptor	3	2	77.1259	71.0401	72.9528
F6U5H6	F6U5H6_HORSE	DNASE1	Deoxyribonuclease	1	1	27.9385		
F6U783	F6U783_HORSE	COPB2	Coatomer subunit beta'	6	6	37.5712	50.7071	55.0835
F6UG31	F6UG31_HORSE	MXRA8	Matrix remodeling-associated protein 8	14	14	5878.67	5641.75	4914.22
F6UH83	F6UH83_HORSE	CCT5	T-complex protein 1 subunit epsilon	2	2		16.6601	13.5062
F6UHR5	F6UHR5_HORSE	IL13RA1	Interleukin 13 receptor subunit alpha 1	1	1	30.8765		30.9488
F6UIC2	F6UIC2_HORSE	BPNT1	3'(2'),5'-bisphosphate nucleotidase 1	6	6	78.3571	76.3411	81.1581
F6UJ33	F6UJ33_HORSE	PFN1	Profilin	5	5	1182.47	1342.21	1398.02
F6UJU5	F6UJU5_HORSE	LOC100050670	pancreatic elastase II	1	1	19.1043		14.9307
F6UJZ8	F6UJZ8_HORSE	PRCP	Prolylcarboxypeptidase	7	7	338.236	415.797	392.955
F6UL42	F6UL42_HORSE	CMBL	Carboxymethylenebutenolidase homolog	3	3		13.9875	8.6646
F6UL68	F6UL68_HORSE	TTR	Transthyretin	8	8	1121.13	1128.52	1173.64
F6UMI7	F6UMI7_HORSE	FREM2	FRAS1 related extracellular matrix 2	2	2	20.1433	22.9483	25.4068
F6UND9	F6UND9_HORSE	ARSG	Arylsulfatase G	2	2	1.97426	8.99471	2.39395
F6UPK3	F6UPK3_HORSE	CA4	Carbonic anhydrase 4	3	3	43.0863	41.1303	43.1721
F6UR46	F6UR46_HORSE	ITGB1	Integrin beta	4	4	192.809	128.697	109.366
F6USP0	F6USP0_HORSE	FAM3C	FAM3 metabolism regulating signaling molecule C	9	9	197.692	185.829	192.506
F6UTM9	F6UTM9_HORSE		Ribonuclease A-domain domain-containing protein	1	1	39.6748	40.7978	29.4824
F6UV33	F6UV33_HORSE	KRT89	IF rod domain-containing protein	3	2		76.3151	145.763
F6UVP2	F6UVP2_HORSE	DSC2	Desmocollin 2	16	15	1819.64	1713.82	1770.03
F6UW76	F6UW76_HORSE	BPIFB2	BPI fold containing family B member 2	5	5	100.229	67.1628	80.0248
F6UWC6	F6UWC6_HORSE	LOC100067361	Ig-like domain-containing protein	2	0	338.866	420.498	407.699
F6V3D5	F6V3D5_HORSE	CCT3	T-complex protein 1 subunit gamma	1	1		2.24749	
F6V407	F6V407_HORSE	IST1	IST1 homolog	7	7	310.788	406.572	426.86
F6V455	F6V455_HORSE	LAMP3	Lysosomal associated membrane protein 3	3	3	130.286	74.5724	66.3398
F6V5R0	F6V5R0_HORSE	PCDH18	Protocadherin 18	3	3	12.706	25.2556	28.4525
F6V6R7	F6V6R7_HORSE	PIP	Prolactin-inducible protein homolog	5	5	298.103	271.17	227.307
F6V7B1	F6V7B1_HORSE	TFPI2	Tissue factor pathway inhibitor	1	1	68.482	65.5711	48.9279
F6V881	F6V881_HORSE	VTN	Vitronectin	7	6	1756.56	1646.2	1640.92
F6V8C8	F6V8C8_HORSE	LALBA	Lactose synthase B protein	6	6	717.726	564.913	491.14
F6VBF7	F6VBF7_HORSE	COL11A1	Collagen type XI alpha 1 chain	1	1	645.388	271.324	23.4946
F6VBP9	F6VBP9_HORSE	APOE	Apolipoprotein E	13	13	577.122	771.794	971.679
F6VDK7	F6VDK7_HORSE	KRT33B	Keratin 33B	8	1		472.997	992.446
F6VE62	F6VE62_HORSE	HEXB	Beta-hexosaminidase	8	8	206.169	219.432	217.036
F6VEV4	F6VEV4_HORSE	AXL	receptor protein-tyrosine kinase	7	7	1762.41	1444.85	1281.41
F6VF20	F6VF20_HORSE	IGSF5	Immunoglobulin superfamily member 5	2	2	304.435	259.491	206.569
F6VGJ3	F6VGJ3_HORSE	LAYN	Layilin	1	1	19.7093		
F6VH14	F6VH14_HORSE	KRT84	Keratin 84	2	2		18.8924	52.9813
F6VIG9	F6VIG9_HORSE		S-adenosyl-L-homocysteine hydrolase NAD binding domain-containing protein	2	2	110.856	128.22	136.843
F6VJR6	F6VJR6_HORSE	A1BG	Alpha-1-B glycoprotein	19	19	8058	7162.59	5867.08
F6VNW2	F6VNW2_HORSE	RHBDF1	Inactive rhomboid protein	1	1		30.3059	29.1284
F6VPI8	F6VPI8_HORSE	DDT	D-dopachrome decarboxylase	2	2	48.2231	40.8735	
F6VSD4	F6VSD4_HORSE	XPNPEP1	X-prolyl aminopeptidase 1	2	2	7.80061	6.95192	5.40501
F6VT48	F6VT48_HORSE	PAPLN	Papilin, proteoglycan like sulfated glycoprotein	3	3	24.9854	18.8809	12.1197
F6VTD3	F6VTD3_HORSE		SMB domain-containing protein	5	5	2884.8	2380.54	2157.26
F6VTF3	F6VTF3_HORSE	LOC100058771	Galectin	1	1	31.6743	24.3217	30.9935
F6VUW2	F6VUW2_HORSE	CTSS	Cathepsin S	5	5	143.587	141.781	130.295
F6VWA8	F6VWA8_HORSE	IGF2R	Insulin like growth factor 2 receptor	16	16	60.2477	55.2331	59.7875
F6VXU6	F6VXU6_HORSE	SCGN	Secretagogin	4	4	17.5453	12.1932	13.8823
F6VYL1	F6VYL1_HORSE	NID2	Nidogen 2	21	21	2856.83	2282.98	1922.36
F6VZ05	F6VZ05_HORSE	SORT1	Sortilin 1	1	1			14.6618
F6VZR0	F6VZR0_HORSE		Galectin	1	1	15.3552	13.7776	13.8193
F6W039	F6W039_HORSE	ARHGDIA	Rho GDP-dissociation inhibitor 1	2	2	15.4251		5.24838
F6W1S0	F6W1S0_HORSE	RETN	Resistin	5	5	1944.48	1347.82	1133.25
F6W2I4	F6W2I4_HORSE	PSMB6	Proteasome subunit beta	3	3	57.7554	76.1999	78.9348
F6W2Y1	F6W2Y1_HORSE	FGG	Fibrinogen gamma chain	12	12	117.46	107.786	92.6836
F6W354	F6W354_HORSE	ACTR3	Actin related protein 3	2	1	22.3299	18.3466	
F6W3L6	F6W3L6_HORSE	ANGPTL3	Angiopoietin like 3	6	6	27.9352	31.378	31.3041
F6W5W1	F6W5W1_HORSE	GAA	Lysosomal alpha-glucosidase	14	14	260.279	257.452	262.213
F6W6E8	F6W6E8_HORSE	LTBP1	Latent transforming growth factor beta binding protein 1	11	11	489.942	448.003	416.158
F6W773	F6W773_HORSE	QPCT	Glutaminyl-peptide cyclotransferase	2	2	37.7147		41.84
F6W8W3	F6W8W3_HORSE	KRT24	Keratin 24	1	1		67.8541	139.267
F6W8Z7	F6W8Z7_HORSE	ANGPTL2	Angiopoietin like 2	9	7	371.189	402.038	371.863
F6WB51	F6WB51_HORSE	CRYZ	Crystallin zeta	2	2	112.116	188.819	172.882
F6WCB7	F6WCB7_HORSE	CYTL1	Cytokine like 1	2	2	84.8185	121.402	156.9
F6WCC9	F6WCC9_HORSE	COL10A1	Collagen type X alpha 1 chain	1	1	45.3319	36.8588	
F6WD07	F6WD07_HORSE	FBLN7	Fibulin 7	4	4	257.29	243.5	193.397
F6WE78	F6WE78_HORSE	DKK3	Dickkopf WNT signaling pathway inhibitor 3	7	7	114.517	91.9853	122.488
F6WEI6	F6WEI6_HORSE	CDH15	Cadherin 15	18	18	2159.94	2134.19	1870.34
F6WFF6	F6WFF6_HORSE	ACP5	Tartrate-resistant acid phosphatase type 5	2	2	18.7908	19.5254	
F6WFS0	F6WFS0_HORSE	EFNA1	Ephrin-A1	6	6	1379.87	1394.27	1259.41
F6WIE7	F6WIE7_HORSE	PROCR	Protein C receptor	2	2	1908.06	1842.4	1884.84
F6WIV4	F6WIV4_HORSE	FAM151A	Protein FAM151A	7	7	230.433	263.195	211.532
F6WJI6	F6WJI6_HORSE		Ig-like domain-containing protein	1	1	137.757	95.134	
F6WLL4	F6WLL4_HORSE	ITM2C	Integral membrane protein 2C	1	1		15.3231	13.9935
F6WM79	F6WM79_HORSE	ACTR2	Actin-related protein 2	2	2			26.57
F6WMT7	F6WMT7_HORSE	KRT71	Keratin 71	1	0	18.8844	38.966	43.1475
F6WNQ7	F6WNQ7_HORSE	VASN	Vasorin	8	8	3791.32	3265.64	3074.93
F6WQ61	F6WQ61_HORSE	GNB2	G protein subunit beta 2	1	1	9.74805	7.17294	8.4532
F6WS35	F6WS35_HORSE	LOC100068297	Uncharacterized protein	2	2	47.1404	43.3476	38.9616
F6WTL6	F6WTL6_HORSE	PRKCSH	Glucosidase 2 subunit beta	3	3	28.9212	24.789	36.8472
F6WVS1	F6WVS1_HORSE	LOC100066686	C-type lectin domain-containing protein	1	1		34.3514	21.4813
F6WYP6	F6WYP6_HORSE	EPHA1	receptor protein-tyrosine kinase	4	4	47.6737	45.7445	38.5691
F6WZ69	F6WZ69_HORSE	PCOLCE	Procollagen C-endopeptidase enhancer	8	8	1624.76	1719.07	1725.57
F6WZW6	F6WZW6_HORSE	PSMA1	Proteasome subunit alpha type	5	5	112.961	103.64	116.734
F6X068	F6X068_HORSE	TMEM132A	Transmembrane protein 132A	2	2	15.9273	11.5594	20.0783
F6X085	F6X085_HORSE	PLBD2	Phospholipase B-like	10	10	120.323	107.176	107.607
F6X0K3	F6X0K3_HORSE	CCN2	CCN family member 2	11	11	957.675	759.153	687.236
F6X1I8	F6X1I8_HORSE	HPX	Hemopexin	18	18	22785.2	21314.3	19461.8
F6X200	F6X200_HORSE	CDH6	Cadherin-6	12	11	673.973	605.938	607.137
F6X2E1	F6X2E1_HORSE	PPIB	Peptidyl-prolyl cis-trans isomerase B	6	6	63.9569	72.415	61.8131
F6X3K0	F6X3K0_HORSE	NCL	Nucleolin	2	2	14.429		16.6966
F6X3L0	F6X3L0_HORSE	XPNPEP2	X-prolyl aminopeptidase 2	6	6	184.727	158.699	152.17
F6X3Y5	F6X3Y5_HORSE	LGALS4	Galectin	2	2	33.9485	31.6496	41.1354
F6X485	F6X485_HORSE	MYH9	Myosin-9	15	14	42.5069	58.8271	55.3783
F6X6A6	F6X6A6_HORSE	PPIA	Peptidyl-prolyl cis-trans isomerase	10	10	1451.4	1381.4	1445.04
F6X7H5	F6X7H5_HORSE	BAMBI	BMP and activin membrane-bound inhibitor homolog	1	1	29.6556	12.5472	
F6X9C4	F6X9C4_HORSE	SI	Sucrase-isomaltase	1	1			39.9546
F6X9U4	F6X9U4_HORSE	DAG1	Dystroglycan 1	4	4	75.468	70.9225	86.7878
F6XAY6	F6XAY6_HORSE	SET	SET nuclear proto-oncogene	1	1		19.4532	13.2961
F6XB32	F6XB32_HORSE	DCHS1	Dachsous cadherin-related 1	5	5	53.6095	58.8094	41.5763
F6XBQ7	F6XBQ7_HORSE		Sushi domain-containing protein	7	7	916.081	818.62	764.598
F6XC16	F6XC16_HORSE	VAT1	Vesicle amine transport 1	4	4	61.1538	69.4641	44.7249
F6XIJ7	F6XIJ7_HORSE	CPB1	Carboxypeptidase B	9	9	175.366	183.745	184.262
F6XJB0	F6XJB0_HORSE	NUTF2	Nuclear transport factor 2	5	5	2500.99	2451.4	1970.04
F6XMS1	F6XMS1_HORSE	CS	Citrate synthase	4	4	74.3403	85.2653	76.5031
F6XNR9	F6XNR9_HORSE	COL18A1	Collagen type XVIII alpha 1 chain	10	10	714.318	509.859	326.544
F6XNT7	F6XNT7_HORSE	RNASET2	Ribonuclease T2	6	6	248.047	244.868	243.255
F6XRR6	F6XRR6_HORSE	ENPEP	Aminopeptidase	12	12	50.3805	47.945	52.404
F6XSZ1	F6XSZ1_HORSE	YIPF3	Protein YIPF3	1	1	349.526	260.744	138.094
F6XT77	F6XT77_HORSE	FLNB	Filamin B	22	21	53.8547	58.678	61.9096
F6XTN1;A0A9L0RLT1	A0A9L0RLT1_HORSE;F6XTN1_HORSE	EIF4A1;EIF4A2	RNA helicase	3	0	31.5796	55.4174	67.2515
F6XU73	F6XU73_HORSE	ROR1	Receptor tyrosine kinase like orphan receptor 1	3	2	497.364	472.098	367.083
F6XUJ2	F6XUJ2_HORSE	ATP5F1A	ATP synthase subunit alpha	5	5	24.8053	31.8189	24.3573
F6XUV6	F6XUV6_HORSE	CREG1	Cellular repressor of E1A stimulateds 1	1	1	254.749	261.187	295.531
F6Y0C1	F6Y0C1_HORSE	TRAF2	TNF receptor associated factor 2	7	7	2630.52	2649.97	2605.48
F6Y0Q6	F6Y0Q6_HORSE	ALDH1A3	Aldehyde dehydrogenase 1 family member A3	1	0		16.6771	
F6YA47	F6YA47_HORSE	A2ML1	Alpha-2-macroglobulin like 1	9	9	119.835	134.418	150.43
F6YAM5	F6YAM5_HORSE	MASP2	MBL associated serine protease 2	2	2	178.133	129.292	72.0846
F6YCC0	F6YCC0_HORSE	CSTA	Cystatin A	5	5	626.595	506.794	400.411
F6YCJ3	F6YCJ3_HORSE	LOC100070567	Ig-like domain-containing protein	3	3	67.3721	68.4866	56.6318
F6YCN2	F6YCN2_HORSE	FBLN2	Fibulin 2	4	4	92.0201	85.3656	71.6218
F6YFV7	F6YFV7_HORSE	IFNGR1	Interferon gamma receptor 1	3	3	56.8619	56.0573	37.3306
F6YG82	F6YG82_HORSE	HSPA5	78 kDa glucose-regulated protein	14	12	97.8536	112.027	128.143
F6YIU8	F6YIU8_HORSE	MTHFD1	C-1-tetrahydrofolate synthase, cytoplasmic	3	3	20.5954	22.2866	
F6YL55	F6YL55_HORSE	IL1R1	Interleukin 1 receptor type 1	1	1	32.6144	21.282	24.2197
F6YP18	F6YP18_HORSE	LRRC19	Leucine rich repeat containing 19	1	1	22.983	30.7312	47.0185
F6YP32	F6YP32_HORSE	DPP7	Dipeptidyl peptidase 7	3	3	63.0907	59.5392	70.471
F6YQL3	F6YQL3_HORSE	C6	Complement component C6	2	2	115.517	97.1933	90.0749
F6YR34	F6YR34_HORSE	THBS1	Thrombospondin 1	9	9	227.421	131.341	57.3872
F6YV40	F6YV40_HORSE	GAPDH	Glyceraldehyde-3-phosphate dehydrogenase	9	9	334.211	357.843	373.685
F6YWH3	F6YWH3_HORSE	NECTIN2	Nectin cell adhesion molecule 2	8	7	817.229	832.185	866.26
F6YYB1	F6YYB1_HORSE	PSMB1	Proteasome 20S subunit beta 1	4	4	58.8048	67.6876	79.8888
F6YZ13	F6YZ13_HORSE	S100A13	S100 calcium binding protein A13	2	2	120.361	83.133	41.6834
F6YZ44	F6YZ44_HORSE	HNRNPA1	Heteroous nuclear ribonucleoprotein A1	2	2	17.2616	16.5589	17.7214
F6YZJ4	F6YZJ4_HORSE	HSPA4	Heat shock 70 kDa protein 4	1	1	51.0019		44.9995
F6YZK3	F6YZK3_HORSE		Ig-like domain-containing protein	1	1	76.9203	69.5043	
F6Z041	F6Z041_HORSE	APOH	Beta-2-glycoprotein 1	12	12	6480.02	5707.73	5063.69
F6Z0C6	F6Z0C6_HORSE	HNRNPD	Heterogeneous nuclear ribonucleoprotein D	3	2	27.8878	24.6684	30.6898
F6Z105	F6Z105_HORSE	EPHA7	receptor protein-tyrosine kinase	4	3	97.4794	102.854	113.035
F6Z129	F6Z129_HORSE	VNN1	Pantetheinase	12	12	494.683	460.987	460.837
F6Z1C0	F6Z1C0_HORSE	OLFML2B	Olfactomedin like 2B	1	1	38.9826	35.7479	33.9017
F6Z1U4	F6Z1U4_HORSE	GLOD4	Glyoxalase domain containing 4	3	3	32.3448	33.6168	36.2433
F6Z2I7	F6Z2I7_HORSE		Glutathione S-transferase	2	2	226.467	232.955	169.729
F6Z3Z4	F6Z3Z4_HORSE	GLG1	Golgi apparatus protein 1	8	8	81.884	85.3065	91.9142
F6Z4A7	F6Z4A7_HORSE		Ig-like domain-containing protein	1	1	91.9381	63.9545	51.2731
F6Z4B4	F6Z4B4_HORSE	HSPA13	Heat shock 70 kDa protein 13	3	3	81.6504	75.6705	59.1805
F6Z688	F6Z688_HORSE	PSMA4	Proteasome subunit alpha type	4	4	138.322	177.307	135.655
F6Z6Q7	F6Z6Q7_HORSE	CCT4	T-complex protein 1 subunit delta	1	1	17.0123		
F6Z7G6	F6Z7G6_HORSE	MIA2	SH3 domain-containing protein	3	3	82.9449	89.6605	77.7647
F6Z7J2	F6Z7J2_HORSE	PRDX3	Thioredoxin-dependent peroxide reductase, mitochondrial	2	2	10.4631	12.3279	
F6Z7X8	F6Z7X8_HORSE	ENPP2	Ectonucleotide pyrophosphatase/phosphodiesterase 2	3	3	32.4764		30.0875
F6Z8Q3	F6Z8Q3_HORSE	CLDN4	Claudin	1	1	27.015	46.3231	
F6Z8T7	F6Z8T7_HORSE	ESAM	Endothelial cell adhesion molecule	3	3	1746.95	1157.69	827.916
F6Z8V2	F6Z8V2_HORSE	PSMB8	Proteasome subunit beta	3	3		15.4162	10.7229
F6Z8W0	F6Z8W0_HORSE	WDR1	WD repeat domain 1	15	15	155.348	143.656	161.225
F6ZA94	F6ZA94_HORSE	TSG101	Tumor susceptibility 101	4	4	30.2366	44.1208	28.889
F6ZBG0	F6ZBG0_HORSE	CA1	Carbonic anhydrase	5	5	226.835	158.038	189.179
F6ZC75	F6ZC75_HORSE	THY1	Thy-1 membrane glycoprotein	5	5	4286.87	4293.96	3621.64
F6ZCG4	F6ZCG4_HORSE	HARS1	Histidine--tRNA ligase, cytoplasmic	2	2		25.9099	
F6ZD04	F6ZD04_HORSE	PYGB	Alpha-1,4 glucan phosphorylase	8	6	47.3183	43.5504	50.1379
F6ZDJ2	F6ZDJ2_HORSE	LAMA4	Laminin subunit alpha 4	4	4	60.4605	79.6109	93.1739
F6ZFH9	F6ZFH9_HORSE	YWHAG	Tyrosine 3-monooxygenase/tryptophan 5-monooxygenase activation protein gamma	2	2	88.4428	94.7994	101.978
F6ZGF1	F6ZGF1_HORSE	EFNA4	Ephrin A4	1	1	50.062	23.5059	
F6ZGI6	F6ZGI6_HORSE	LRP2	LDL receptor related protein 2	87	87	954.89	947.139	956.266
F6ZHQ5	F6ZHQ5_HORSE	CLIC1	Chloride intracellular channel protein 1	3	3	138.811	130.062	141.42
F6ZI35	F6ZI35_HORSE	HRG	Histidine-rich glycoprotein	13	13	596.095	585.579	593.784
F6ZI51	F6ZI51_HORSE	ANXA2	Annexin	13	13	188.839	195.475	233.854
F6ZJP9	F6ZJP9_HORSE	LCAT	Lecithin-cholesterol acyltransferase	2	2	68.4383	67.4293	65.1515
F6ZLI4	F6ZLI4_HORSE	CAPN2	Calpain-2 catalytic subunit	5	5	21.1878	37.8899	38.9929
F6ZLP8	F6ZLP8_HORSE	LDHB	L-lactate dehydrogenase	8	8	131.075	140.61	133.211
F6ZRD8	F6ZRD8_HORSE	PTPRZ1	protein-tyrosine-phosphatase	1	1	70.7406	81.4833	80.8791
F6ZRF6	F6ZRF6_HORSE	SERPINA7	Thyroxine-binding globulin	4	4	41.4047	37.3002	35.1135
F6ZRQ3	F6ZRQ3_HORSE	OMD	Osteomodulin	6	6	1180.84	912.046	745.694
F6ZRU5	F6ZRU5_HORSE	PLD3	5'-3' exonuclease PLD3	4	4	162.721	181.289	176.638
F6ZSB4	F6ZSB4_HORSE	LOC100059285	Tubulin alpha chain	3	1	65.6315	86.1498	92.0762
F6ZV64	F6ZV64_HORSE	DSP	Desmoplakin	35	35	90.1872	193.254	272.271
F6ZW56	F6ZW56_HORSE	CUBN	Cubilin	43	43	377.142	368.717	339.701
F6ZXJ2	F6ZXJ2_HORSE	FBN2	Fibrillin 2	4	4	47.458	45.386	49.5277
F6ZXW9	F6ZXW9_HORSE	FCGBP	VWFD domain-containing protein	21	21	112.458	106.957	105.732
F6ZY40	F6ZY40_HORSE	LMNA	Lamin A/C	16	15	203.623	162.249	115.056
F7A0H6	F7A0H6_HORSE	FOLR2	Folate receptor beta	5	3	227.838	234.979	256.122
F7A1S2	F7A1S2_HORSE	MMRN1	Multimerin 1	1	1			16.6085
F7A2X2	F7A2X2_HORSE	PDGFRA	Platelet-derived growth factor receptor alpha	4	4	377.338	329.667	340.072
F7A311	F7A311_HORSE	NECTIN3	Nectin cell adhesion molecule 3	1	1	21.2299		
F7A389	F7A389_HORSE	LCT	Lactase	18	18	355.942	362.583	320.511
F7A5E3	F7A5E3_HORSE	ACTG1	Actin gamma 1	1	1	85.5498	109.001	119.53
F7A676	F7A676_HORSE	LAP3	Cytosol aminopeptidase	5	5	17.3925	15.6049	16.6851
F7A7E0	F7A7E0_HORSE	MSMB	Beta-microseminoprotein	3	3	442.504	495.138	511.507
F7A808	F7A808_HORSE	KRT80	Keratin 80	3	2	189.034	215.03	342.929
F7AB03	F7AB03_HORSE	GRN	Granulin	4	4	599.174	362.157	266.625
F7ABP9	F7ABP9_HORSE	TSKU	Tsukushi, small leucine rich proteoglycan	3	3	68.3347	107.703	101.107
F7ACF3	F7ACF3_HORSE	SCPEP1	Carboxypeptidase	1	1		11.642	17.1024
F7ADD3	F7ADD3_HORSE	LOXL4	protein-lysine 6-oxidase	6	5	500.415	492.158	436.278
F7AGL5	F7AGL5_HORSE	MMP9	Matrix metalloproteinase-9	10	10	845.685	599.768	455.63
F7AH43	F7AH43_HORSE	OTOR	Otoraplin	6	6	477.741	393.529	285.532
F7AH94	F7AH94_HORSE	DMP1	Dentin matrix acidic phosphoprotein 1	1	1	83.7373	89.7985	49.3964
F7AJB8	F7AJB8_HORSE	SIAE	Sialic acid acetylesterase	6	6	264.1	275.785	282.791
F7AJP3	F7AJP3_HORSE	CHIT1	chitinase	4	4	21.1112	20.4486	26.1354
F7AJV4	F7AJV4_HORSE	RAC3	Rac family small GTPase 3	3	3	130.421	73.217	124.696
F7ALY5	F7ALY5_HORSE	IGFBP5	Insulin-like growth factor-binding protein 5	1	1	29.6782	41.6303	35.8472
F7AN01	F7AN01_HORSE	LOC100068275	C-type lectin domain-containing protein	1	1	49.6349	92.4988	69.1634
F7ANR3	F7ANR3_HORSE	PSMA3	Proteasome subunit alpha type	5	5	21.3938	21.0261	19.8519
F7APT4	F7APT4_HORSE	RNASE6	Ribonuclease A D1	2	2	3637.85	3204.5	3119.9
F7APY6	F7APY6_HORSE	UPK2	Uroplakin 2	3	3		37.442	36.7705
F7AWA5	F7AWA5_HORSE	CDH5	Cadherin-5	9	9	198.785	208.236	229.467
F7AX59	F7AX59_HORSE	GP6	Glycoprotein VI platelet	1	1	12.3624	11.8723	11.2487
F7AXI9	F7AXI9_HORSE	PRDX6	Peroxiredoxin-6	12	12	165.009	164.363	126.437
F7AY97	F7AY97_HORSE	IVL	Involucrin N-terminal domain-containing protein	1	1			18.2845
F7AYC1	F7AYC1_HORSE	SPP1	Secreted phosphoprotein 1	3	3	118.33	92.3165	91.2348
F7AZ81	F7AZ81_HORSE	TNFRSF21	TNF receptor superfamily member 21	3	3	42.7372	45.3023	29.6483
F7B0E0	F7B0E0_HORSE	DDR1	receptor protein-tyrosine kinase	9	9	136.009	140.127	129.498
F7B0K4	F7B0K4_HORSE		Mucin 13, cell surface associated	1	1	14.708		19.3361
F7B0S3	F7B0S3_HORSE	MFGE8	Milk fat globule EGF and factor V/VIII domain containing	5	5	25.3353	32.9154	34.2981
F7B0V7	F7B0V7_HORSE	RENBP	N-acylglucosamine 2-epimerase	2	2		32.3132	21.5774
F7B232	F7B232_HORSE	CRYL1	Crystallin lambda 1	2	2	31.2025	33.7388	29.6265
F7B3H1	F7B3H1_HORSE	PLOD3	procollagen-lysine 5-dioxygenase	2	2	21.2815	29.2763	3.9785
F7B3I5	F7B3I5_HORSE	AFM	Afamin	3	3	52.4794	67.6944	34.0623
F7B435	F7B435_HORSE	GNAI3	G protein subunit alpha i3	2	1	119.104	153.427	134.626
F7B450	F7B450_HORSE	SERPINI1	Serpin family I member 1	16	16	2329.05	2089.44	2098
F7B4C0	F7B4C0_HORSE	MAL2	Mal, T cell differentiation protein 2	1	1	28.9069		37.5136
F7B5J2	F7B5J2_HORSE	FAM3D	FAM3 metabolism regulating signaling molecule D	2	2	42.28	70.56	64.2665
F7B5P1	F7B5P1_HORSE	CNDP2	Cytosolic non-specific dipeptidase	7	7	72.3756	68.7282	69.4174
F7B610	F7B610_HORSE	LY6D	Lymphocyte antigen 6 family member D	1	1	2357.85	2825.91	2967.8
F7B6C3	F7B6C3_HORSE	F11R	Junctional adhesion molecule A	5	5	674.575	648.698	645.164
F7B6D0	F7B6D0_HORSE	GLA	Alpha-galactosidase	7	7	87.8866	81.7328	96.7334
F7B762	F7B762_HORSE	EGF	Pro-epidermal growth factor	33	33	2465.88	2345.47	2291.24
F7B7A1	F7B7A1_HORSE	IGFBP4	Insulin-like growth factor-binding protein 4	2	2	28.9088	31.0881	
F7B7A9	F7B7A9_HORSE	ADGRF1	Adhesion G protein-coupled receptor F1	2	2	41.3323		51.6749
F7B821	F7B821_HORSE	P4HB	Protein disulfide-isomerase	14	14	175.807	212.849	227.168
F7B8E7	F7B8E7_HORSE	MME	Neprilysin	5	5	64.6168	66.2141	59.1471
F7B994	F7B994_HORSE	AKR7L	Aldo-keto reductase family 7 like (gene/pseudogene)	1	1			29.5783
F7B9I7	F7B9I7_HORSE	ENPP6	glycerophosphocholine cholinephosphodiesterase	1	1	18.8311	16.2955	16.161
F7BA40	F7BA40_HORSE	TALDO1	Transaldolase	8	8	202.873	214.51	224.09
F7BA94	F7BA94_HORSE	RPS3	Small ribosomal subunit protein uS3	2	2			17.9639
F7BAR6	F7BAR6_HORSE	TM9SF3	Transmembrane 9 superfamily member	2	2	19.2331	37.9662	34.0637
F7BCV1	F7BCV1_HORSE	SCRN2	Secernin-2	3	3	13.3108	13.3793	15.6039
F7BDA1	F7BDA1_HORSE	CHODL	Chondrolectin	3	3	249.414	237.534	224.21
F7BF73	F7BF73_HORSE	BTNL9	Butyrophilin like 9	1	1	26.0059	21.2666	39.1011
F7BFJ1	F7BFJ1_HORSE	F2	Prothrombin	10	10	27334.5	22054	19947.4
F7BFT1	F7BFT1_HORSE	PRDX2	Peroxiredoxin-2	3	2	170.154	200.396	216.531
F7BFV0	F7BFV0_HORSE	EPS8L2	EPS8 signaling adaptor L2	4	4	16.7959	22.0221	12.2521
F7BG55	F7BG55_HORSE	EPHB4	receptor protein-tyrosine kinase	7	7	181.748	169.447	196.83
F7BH02	F7BH02_HORSE	FLNA	Filamin A	17	17	558.341	529.887	524.691
F7BHM0	F7BHM0_HORSE	KIAA0319L	KIAA0319 like	2	2	105.111	95.0545	96.0731
F7BHZ4	F7BHZ4_HORSE	POF1B	POF1B actin binding protein	1	1			9.52793
F7BK38	F7BK38_HORSE	LAMB2	Laminin subunit beta 2	6	6	67.192	53.5386	75.5085
F7BKE1	F7BKE1_HORSE	SERPINF1	Serpin family F member 1	9	9	135.703	145.297	170.229
F7BKK5	F7BKK5_HORSE	GSTM3	Glutathione S-transferase	5	5	97.5981	107.844	101.916
F7BLJ9	F7BLJ9_HORSE	PMP2	Peripheral myelin protein 2	1	1			18.257
F7BM31	F7BM31_HORSE	SERPIND1	Serpin family D member 1	6	6	47.4693	38.0127	37.63
F7BME5	F7BME5_HORSE	CRK	Adapter molecule crk	5	5	140.334	170.657	184.338
F7BN14	F7BN14_HORSE	IFI30	Gamma-interferon-inducible lysosomal thiol reductase	4	4	69.462	118.381	138.87
F7BN45	F7BN45_HORSE	UMOD	Uromodulin	29	29	129549	108645	89216.6
F7BND9	F7BND9_HORSE	S100A11	Protein S100	2	2	269.759	229.384	198.003
F7BNI3	F7BNI3_HORSE	DNASE2	Deoxyribonuclease-2-alpha	7	7	259.299	263.702	239.385
F7BP93	F7BP93_HORSE		IF rod domain-containing protein	3	3	1853.78	3644.86	4543.18
F7BPX8	F7BPX8_HORSE	CTSV	Cathepsin V	10	8	329.947	376.082	391.53
F7BQD6	F7BQD6_HORSE	C1S	Complement C1s	3	3	78.8575	66.3713	77.8882
F7BST2	F7BST2_HORSE	TINAG	Tubulointerstitial nephritis antigen	1	1	82.9777	29.5528	
F7BT93	F7BT93_HORSE	NCAM1	Neural cell adhesion molecule 1	4	4	114.776	122.327	107.726
F7BVG5	F7BVG5_HORSE	NBL1	Neuroblastoma suppressor of tumorigenicity 1	1	1	164.926	155.116	140.218
F7BXA6	F7BXA6_HORSE	NPEPPS	Aminopeptidase	16	16	63.588	74.0898	63.4086
F7BXV9	F7BXV9_HORSE	LAMA5	Laminin subunit alpha 5	2	2	42.4196	39.5722	31.851
F7BY80	F7BY80_HORSE	HYI	Putative hydroxypyruvate isomerase	6	6	99.6775	121.906	123.119
F7BZ41	F7BZ41_HORSE	CTSL	Cathepsin L	2	2	3.89142		5.28946
F7C2J3	F7C2J3_HORSE	CILP	Cartilage intermediate layer protein	4	4	87.2171	84.8806	65.0505
F7C2Y5	F7C2Y5_HORSE	AEBP1	AE binding protein 1	4	3	107.136	93.8069	96.3137
F7C3C6	F7C3C6_HORSE	ACAN	Aggrecan core protein	20	20	1655.92	1453.18	1310.41
F7C3F9	F7C3F9_HORSE	HMCN2	Hemicentin 2	14	14	155.241	148.192	146.983
F7C3J0	F7C3J0_HORSE	PTPRK	protein-tyrosine-phosphatase	2	2		3.46148	2.75653
F7C456	F7C456_HORSE		UPAR/Ly6 domain-containing protein	1	1	62.0356	74.1547	99.259
F7C4H8	F7C4H8_HORSE	GANAB	Glucosidase II alpha subunit	9	9	44.1315	49.9735	52.803
F7C7J6	F7C7J6_HORSE	F13B	Coagulation factor XIII B chain	1	1	28.8904	27.357	32.6888
F7CCP9	F7CCP9_HORSE	CILP2	Cartilage intermediate layer protein 2	14	14	898.11	811.753	858.359
F7CD56	F7CD56_HORSE	LOC100072403	Tubulin alpha chain	1	0	133.012	182.05	196.585
F7CG77	F7CG77_HORSE	CCT6A	Chaperonin containing TCP1 subunit 6A	3	1	16.6878		20.4567
F7CHI7	F7CHI7_HORSE	GLO1	Lactoylglutathione lyase	6	6	119.881	135.935	133.529
F7CHU9	F7CHU9_HORSE	COLEC10	Collectin subfamily member 10	1	1	52.8513	56.6803	54.0474
F7CIM1	F7CIM1_HORSE		Palmitoyltransferase	4	4	233.268	184.365	161.853
F7CJ64	F7CJ64_HORSE	KRT82	Keratin 82	2	2		20.3277	40.6199
F7CJW5	F7CJW5_HORSE	ARSA	Arylsulfatase A	6	6	320.003	294.208	336.884
F7CKI7	F7CKI7_HORSE	FBN1	Fibrillin 1	32	31	879.275	775.054	700.999
F7CLQ3	F7CLQ3_HORSE	FAM20C	FAM20C golgi associated secretory pathway kinase	2	2	34.0425	29.4411	28.015
F7CNQ3	F7CNQ3_HORSE	MEGF9	Multiple EGF like domains 9	3	3	15.9985	14.7596	12.0885
F7CPH9	F7CPH9_HORSE	CYP2U1	3-hydroxyacyl-CoA dehydrogenase	2	2	15.7735		17.1711
F7CPZ3	F7CPZ3_HORSE	CLSTN1	Calsyntenin 1	3	3	85.3736	89.5488	78.5311
F7CQ86	F7CQ86_HORSE	LOC100051562	Lipocalin/cytosolic fatty-acid binding domain-containing protein	1	1	462.711	543.853	649.656
F7CR40	F7CR40_HORSE	ATP6AP2	Renin receptor	4	4	76.6253	87.989	62.7822
F7CTR2	F7CTR2_HORSE	NAPRT	Nicotinate phosphoribosyltransferase	2	2		45.3863	18.5803
F7CTX0	F7CTX0_HORSE	CXCL16	C-X-C motif chemokine 16	2	2	506.742	503.424	376.462
F7CU44	F7CU44_HORSE	LOC100050706	Ig-like domain-containing protein	1	1	44.1593	36.0571	38.4583
F7CU94	F7CU94_HORSE	LYZ	lysozyme	2	2	33.6703	12.8967	
F7CVF5	F7CVF5_HORSE	CORO1B	Coronin	2	2	10.7867	6.87327	9.2618
F7CW51	F7CW51_HORSE	SDCBP	Syndecan binding protein	8	8	529.174	462.226	487.029
F7CWM6	F7CWM6_HORSE	GUSB	Beta-glucuronidase	4	4	27.4796	34.3569	33.3154
F7CXP1	F7CXP1_HORSE	FGFR2	Fibroblast growth factor receptor	4	4	43.6152	36.365	42.9236
F7CY72	F7CY72_HORSE	COPG1	Coatomer subunit gamma	1	1	35.8913	29.2203	
F7CYR1	F7CYR1_HORSE	SERPINC1	Antithrombin-III	25	25	7643.71	7380.27	7101.18
F7CZH3	F7CZH3_HORSE	TXNDC5	protein disulfide-isomerase	6	6	28.7961	30.6553	32.6819
F7CZW9	F7CZW9_HORSE	SERPING1	Serpin family G member 1	12	12	961.235	834.126	828.273
F7D0B5	F7D0B5_HORSE	B4GAT1	Beta-1,4-glucuronyltransferase 1	9	9	86.694	84.9631	83.7342
F7D216	F7D216_HORSE		Kazal-like domain-containing protein	2	2	300.916	233.324	174.128
F7D281	F7D281_HORSE		IF rod domain-containing protein	10	9	2509.09	6855.97	10480.6
F7D2D9	F7D2D9_HORSE	BLVRB	Biliverdin reductase B	6	6	106.503	111.017	111.841
F7D3E3	F7D3E3_HORSE	CMPK1	UMP-CMP kinase	4	4	50.0256	45.2225	54.5047
F7D3H6	F7D3H6_HORSE	RALB	RAS like proto-onco B	2	1		35.4321	45.2516
F7D7F6	F7D7F6_HORSE	FCRLA	Fc receptor like A	1	1	32.3424	34.5697	38.9918
F7D7I2	F7D7I2_HORSE	SERPINB12	Serpin family B member 12	3	3	52.9488	71.7247	91.5222
F7D8X3	F7D8X3_HORSE	CDH24	Cadherin 24	1	1	1207.01	900.721	
F7D917	F7D917_HORSE	PGD	6-phosphogluconate dehydrogenase, decarboxylating	6	6	437.663	553.199	529.378
F7DA17	F7DA17_HORSE	TGM2	Protein-glutamine gamma-glutamyltransferase 2	2	2			11.6542
F7DBN8	F7DBN8_HORSE	NPR3	Natriuretic peptide receptor 3	2	2	47.8137	51.7955	47.7911
F7DE75	F7DE75_HORSE	NAPA	NSF attachment protein alpha	1	1	17.8947		
F7DF55	F7DF55_HORSE	PSMB4	Proteasome subunit beta	2	2	96.9889	98.1443	98.0206
F7DGD6	F7DGD6_HORSE	MELTF	Melanotransferrin	8	8	36.6532	39.4055	45.5706
F7DGR1	F7DGR1_HORSE	F12	Coagulation factor XII	5	5	384.947	339.727	284.451
F7DGV7	F7DGV7_HORSE	MIEN1	Migration and invasion enhancer 1	2	2	53.7035	50.7427	58.3607
F7DHR9	F7DHR9_HORSE	FURIN	furin	2	2	25.4213	27.3068	25.6932
F7DI80	F7DI80_HORSE	FOLR1	Folate receptor-like domain-containing protein	1	1	397.914	326.462	338.963
F7DIX7	F7DIX7_HORSE	SPP2	Secreted phosphoprotein 24	3	3	126.024	118.226	83.0241
F7DJ83	F7DJ83_HORSE	MPZL1	Myelin protein zero like 1	1	1	30.1036	34.1985	34.6955
F7DJH2	F7DJH2_HORSE	LOC100051526	Low affinity immunoglobulin gamma Fc region receptor III-A	1	1		7.43214	8.53215
F7DK11	F7DK11_HORSE	PPL	Periplakin	2	2	18.3998	15.2788	35.4419
F7DL64	F7DL64_HORSE	HNRNPAB	Heteroous nuclear ribonucleoprotein A/B	2	2			16.9525
F7DMA1	F7DMA1_HORSE	CPM	Carboxypeptidase M	2	2	26.1984	19.6347	24.1652
F7DMG5	F7DMG5_HORSE	G6PD	Glucose-6-phosphate 1-dehydrogenase	4	4		29.3916	35.8799
F7DPI0	F7DPI0_HORSE		Lipocalin/cytosolic fatty-acid binding domain-containing protein	2	2	28.0244	25.7752	34.7873
F7DPZ6	F7DPZ6_HORSE	OLFM4	Olfactomedin 4	1	1	44.9724		50.2068
F7DQS6	F7DQS6_HORSE	PGAM1	Phosphoglycerate mutase	6	5	254.291	274.496	288.356
F7DRG2	F7DRG2_HORSE	GPC1	Glypican-1	8	8	90.9491	85.8699	64.4416
F7DRS2	F7DRS2_HORSE	SERPINA6	Corticosteroid-binding globulin	9	9	379.517	339.258	362.994
F7DS10	F7DS10_HORSE	C7H11orf54	Chromosome 7 C11orf54 homolog	1	1	51.6474	59.139	70.1559
F7DSZ5	F7DSZ5_HORSE	SULF2	Extracellular sulfatase	1	1	63.9044	65.1161	69.0231
F7DTU0	F7DTU0_HORSE	GPA33	Glycoprotein A33	2	2	131.5	159.49	114.096
F7DU87	F7DU87_HORSE	BPIFA2	BPI fold containing family A member 2	14	14	999.598	1073.73	1125.45
F7DUF2	F7DUF2_HORSE	LOC100062179	Pepsin A	3	2	819.061	920.577	846.782
F7DVQ8	F7DVQ8_HORSE	TFF3	Trefoil factor 3	2	2	70.9321	53.5344	56.5597
F7DXG8	F7DXG8_HORSE	CFL1	Cofilin 1	3	2	97.4856	122.207	115.649
F7DXY0	F7DXY0_HORSE		Glutathione hydrolase	2	2	22.121	23.7551	32.0505
F7DYB1	F7DYB1_HORSE	LOC100051073	Alpha-amylase	9	4	100.137	96.0683	103.109
F7DZD2	F7DZD2_HORSE	LOC100050322	glutathione transferase	2	2	49.7382	47.5585	19.0204
F7DZE7	F7DZE7_HORSE	ADIPOQ	Adiponectin, C1Q and collagen domain containing	2	2		27.8155	27.9096
F7E1X2	F7E1X2_HORSE	STIP1	Stress-induced-phosphoprotein 1	2	2	61.0547	46.5816	58.6818
F7E3H8	F7E3H8_HORSE	CFH	Sushi domain-containing protein	12	11	219.431	231.421	209.105
H9GZT5	H9GZT5_HORSE		Ig-like domain-containing protein	13	13	39901.3	29009	16678.3
H9GZW4	H9GZW4_HORSE	UFD1	Ubiquitin recognition factor in ER associated degradation 1	1	1	72.7294	46.1426	63.7034
H9H007	H9H007_HORSE	ALDH1L1	10-formyltetrahydrofolate dehydrogenase	3	3		36.3708	30.9287
H9H043	H9H043_HORSE	TSPAN8	Tetraspanin	2	2	159.479	158.315	159.753
K9K202	K9K202_HORSE	CDC42	Cell division control protein 42 homolog	1	1	66.8848	48.8584	37.15
O02722	TIMP1_HORSE	TIMP1	Metalloproteinase inhibitor 1	3	3	376.587	391.173	353.5
O18999	IL1RA_HORSE	IL1RN	Interleukin-1 receptor antagonist protein	1	1	44.0408	80.8533	56.4121
O19010	CRIS3_HORSE	CRISP3	Cysteine-rich secretory protein 3	1	1	64.3268	60.1316	48.5017
O46542	PGS2_HORSE	DCN	Decorin	1	1	24.4781	27.628	
O77691	S10A6_HORSE	S100A6	Protein S100-A6	2	2	454.743	414.966	347.813
O77811	TRFL_HORSE	LTF	Lactotransferrin (Fragment)	17	17	117.354	114.588	107.091
O97508	THIO_HORSE	TXN	Thioredoxin	4	4	351.778	361.886	291.396
O97921	PTGDS_HORSE	PTGDS	Prostaglandin-H2 D-isomerase	5	5	1482.69	1411.26	1308.66
P00443	SODC_HORSE	SOD1	Superoxide dismutase [Cu-Zn]	5	5	578.784	617.92	520.762
P00559	PGK1_HORSE	PGK1	Phosphoglycerate kinase 1	11	8	208.915	236.485	222.488
P00674	RNAS1_HORSE	RNASE1	Ribonuclease pancreatic	1	1	89.7235	92.4593	104.278
P00818	ACYP2_HORSE	ACYP2	Acylphosphatase-2	2	2	25.295	23.8813	22.7582
P01176	NEU1_HORSE	OXT	Oxytocin-neurophysin 1 (Fragment)	2	1	47.679	69.3154	75.1787
P01226	FSHB_HORSE	FSHB	Follitropin subunit beta	2	2	50.9481	56.1113	82.2575
P01958	HBA_HORSE	HBA	Hemoglobin subunit alpha	5	4	6174.65	6492.08	6329.86
P02062	HBB_HORSE	HBB	Hemoglobin subunit beta	12	10	4677.88	3813.11	2660.44
P02561	TPM4_HORSE	TPM4	Tropomyosin alpha-4 chain	9	7	224.088	188.062	154.66
P02705	COLB_HORSE	CLPS2	Colipase B (Fragment)	3	0	31.8199	29.6454	33.7464
P02758	LACB1_HORSE	LGB1	Beta-lactoglobulin-1	5	4	726.956	672.943	643.209
P02791	FRIL_HORSE	FTL	Ferritin light chain	2	1	145.885	134.758	106.947
P05619	ILEU_HORSE	SERPINB1	Leukocyte elastase inhibitor	9	8	167.773	176.275	198.442
P07450	CAH3_HORSE	CA3	Carbonic anhydrase 3	1	1	62.6568	65.6216	69.7927
P08334	LALB1_HORSE		Alpha-lactalbumin A	1	1	1298.4	1290.88	1060.23
P08906	AATC_HORSE	GOT1	Aspartate aminotransferase, cytoplasmic	3	3	16.1963	17.8354	16.4189
P08907	AATM_HORSE	GOT2	Aspartate aminotransferase, mitochondrial	4	4	37.1599	67.6521	54.1157
P11376	LYSC1_HORSE	LYZ	Lysozyme C, milk isozyme	3	0	401.303	325.462	338.657
P12762	ALDH2_HORSE	ALDH2	Aldehyde dehydrogenase, mitochondrial	3	3	44.0565	44.1398	40.7128
P18907	AT1A1_HORSE	ATP1A1	Sodium/potassium-transporting ATPase subunit alpha-1	5	3	41.3679	39.5905	36.9563
P19854	ADHX_HORSE	ADH5	Alcohol dehydrogenase class-3	2	1	25.9704		31.1676
P27425	TRFE_HORSE	TF	Serotransferrin	40	36	4772.36	4415.2	4171.97
P35747	ALBU_HORSE	ALB	Albumin	1	1	99.8943	85.2443	100.309
P38029	A1AT2_HORSE		Alpha-1-antiproteinase 2	10	3	7042.94	5718.2	6514.62
P49066	FETA_HORSE	AFP	Alpha-fetoprotein	18	18	549.77	553.898	515.614
P51459	IGF2_HORSE	IGF2	Insulin-like growth factor 2	2	2	50.4057	47.1221	39.0176
P60708	ACTB_HORSE	ACTB	Actin, cytoplasmic 1	16	2	1620.82	1610.12	1598.15
P68082	MYG_HORSE	MB	Myoglobin	7	7	756.449	542.064	337.395
P81634	ISK1_HORSE	SPINK1	Serine protease inhibitor Kazal-type 1	2	2	195.228	104.128	47.0946
P81908	CHLE_HORSE	BCHE	Cholinesterase	3	3	17.456	16.5937	19.052
P82615	LATH_HORSE	LATH	Latherin	1	1	39.0348		35.555
P83704	APOA2_HORSE	APOA2	Apolipoprotein A-II	2	2	21.9414	24.5025	31.9195
Q14ST5	S10A7_HORSE	s100A7	Protein S100-A7	1	1	17.668	8.5353	
Q28369	RET4_HORSE	RBP4	Retinol-binding protein 4	6	0	486.926	448.811	499.437
Q28372	GELS_HORSE	GSN	Gelsolin	16	16	2004.11	1908.96	1726.1
Q28377	FINC_HORSE	FN1	Fibronectin	41	41	6771.33	5587.71	5038.24
Q29482	CLUS_HORSE	CLU	Clusterin	13	13	1418.26	1476.83	1485.15
Q2TU62	CLCA1_HORSE	CLCA1	Calcium-activated chloride channel regulator 1	25	23	973.722	882.522	851.701
Q2V905	TFR1_HORSE	TFRC	Transferrin receptor protein 1	7	7	18.5789	18.6047	17.8534
Q3S4D6	Q3S4D6_HORSE	GM2A	GM2 activator protein	8	8	439.468	417.619	399.367
Q4AEE3	DNAS1_HORSE	DNASE1	Deoxyribonuclease-1	6	6	88.8266	105.853	92.7865
Q6EAS5	GLGB_HORSE	GBE1	1,4-alpha-glucan-branching enzyme	1	1		11.8344	
Q6W8P9	AK1CO_HORSE	PGFS	Aldo-keto reductase family 1 member C23-like protein	9	5	396.891	376.56	372.619
Q8HZI9	LAMC2_HORSE	LAMC2	Laminin subunit gamma-2	1	1	24.6764	28.0038	22.2345
Q8HZM6	ANXA1_HORSE	ANXA1	Annexin A1	12	12	208.72	216.184	229.155
Q8MIP0	FRIH_HORSE	FTH1	Ferritin heavy chain	4	3	839.853	642.569	580.423
Q8MKD1	UBB_HORSE	UBB	Polyubiquitin-B	6	2	1761.56	1792.82	1740.13
Q95182	ALL1_HORSE		Major allergen Equ c 1	15	8	18255.4	16679.2	13993
Q95MD2	SCF_HORSE	KITLG	Kit ligand	1	1	55.6412	44.1741	25.9529
Q9GKX7	HS90A_HORSE	HSP90AA1	Heat shock protein HSP 90-alpha	15	10	166.967	171.119	190.962
Q9GKX8	HS90B_HORSE	HSP90AB1	Heat shock protein HSP 90-beta	4	4	26.2682	44.3125	38.8671
Q9TTT3	Q9TTT3_HORSE	CD14	Monocyte differentiation antigen CD14	5	5	505.37	534.465	559.228
W0UVF5	W0UVF5_HORSE	RNASE4	Ribonuclease 4	1	1		23.2475	9.24748
